date,team,number,name,grade,position,minutes_played,status,shoot_1st,shoot_2nd,shoot_total,goals,goal_rate
2026/05/03(日) 10:00 キックオフ,和光大学,21,種茂 倖太,3,GK,90,先発,0,0,0,0,0.0
2026/05/03(日) 10:00 キックオフ,和光大学,13,小口 凜久,1,FW,90,先発,0,0,0,0,0.0
2026/05/03(日) 10:00 キックオフ,和光大学,15,伊東 洸大,1,DF,90,先発,0,0,0,0,0.0
2026/05/03(日) 10:00 キックオフ,和光大学,6,鈴木 翼,1,DF,90,先発,0,0,0,0,0.0
2026/05/03(日) 10:00 キックオフ,和光大学,24,愛甲 涼唄,2,DF,46,先発,0,0,0,0,0.0
2026/05/03(日) 10:00 キックオフ,和光大学,19,武中 晄樹,1,FW,46,先発,0,0,0,0,0.0
2026/05/03(日) 10:00 キックオフ,和光大学,27,高橋 莉央,1,MF,90,先発,0,0,0,0,0.0
2026/05/03(日) 10:00 キックオフ,和光大学,77,末永 大,1,MF,90,先発,0,0,0,0,0.0
2026/05/03(日) 10:00 キックオフ,和光大学,8,橋本 創太,2,MF,90,先発,0,0,0,0,0.0
2026/05/03(日) 10:00 キックオフ,和光大学,22,勝又 輝,2,FW,90,先発,1,2,3,0,0.0
2026/05/03(日) 10:00 キックオフ,和光大学,10,上大川 蓮,2,MF,90,先発,0,2,2,0,0.0
2026/05/03(日) 10:00 キックオフ,和光大学,5,細谷 倖城,3,DF,44,控え,0,0,0,0,0.0
2026/05/03(日) 10:00 キックオフ,和光大学,12,山中 主喜,1,FW,0,控え,0,0,0,0,0.0
2026/05/03(日) 10:00 キックオフ,和光大学,7,小串 琢斗,2,MF,0,控え,0,0,0,0,0.0
2026/05/03(日) 10:00 キックオフ,和光大学,30,伊藤 叶音,1,MF,44,控え,0,0,0,0,0.0
2026/05/03(日) 10:00 キックオフ,和光大学,9,坂間 雄大,1,MF,0,控え,0,0,0,0,0.0
2026/05/03(日) 10:00 キックオフ,和光大学,16,林 湘太,3,DF,0,控え,0,0,0,0,0.0
2026/05/03(日) 10:00 キックオフ,横浜市立大学（神奈川県）,31,中村　　旭陽,3,GK,90,先発,0,0,0,0,0.0
2026/05/03(日) 10:00 キックオフ,横浜市立大学（神奈川県）,3,加藤　真流斗,4,MF,60,先発,1,0,1,2,200.0
2026/05/03(日) 10:00 キックオフ,横浜市立大学（神奈川県）,24,若林　周祐,2,MF,90,先発,0,0,0,0,0.0
2026/05/03(日) 10:00 キックオフ,横浜市立大学（神奈川県）,5,鈴木　和真,2,DF,90,先発,0,0,0,0,0.0
2026/05/03(日) 10:00 キックオフ,横浜市立大学（神奈川県）,8,宮越　葵,2,FW,90,先発,3,2,5,0,0.0
2026/05/03(日) 10:00 キックオフ,横浜市立大学（神奈川県）,33,横田　　智風,3,DF,60,先発,4,0,4,0,0.0
2026/05/03(日) 10:00 キックオフ,横浜市立大学（神奈川県）,14,小松　隆之介,2,MF,72,先発,0,0,0,0,0.0
2026/05/03(日) 10:00 キックオフ,横浜市立大学（神奈川県）,6,東島　玄治,2,MF,90,先発,0,0,0,0,0.0
2026/05/03(日) 10:00 キックオフ,横浜市立大学（神奈川県）,11,錦戸　寛人,3,FW,46,先発,2,0,2,0,0.0
2026/05/03(日) 10:00 キックオフ,横浜市立大学（神奈川県）,7,放崎　　結生,3,FW,90,先発,2,1,3,0,0.0
2026/05/03(日) 10:00 キックオフ,横浜市立大学（神奈川県）,9,清沢　翼,3,FW,77,先発,1,1,2,2,100.0
2026/05/03(日) 10:00 キックオフ,横浜市立大学（神奈川県）,21,チャーイ　陽斗,2,GK,0,控え,0,0,0,0,0.0
2026/05/03(日) 10:00 キックオフ,横浜市立大学（神奈川県）,4,峯村　哲平,3,DF,0,控え,0,0,0,0,0.0
2026/05/03(日) 10:00 キックオフ,横浜市立大学（神奈川県）,25,山下　珀空,2,MF,30,控え,0,0,0,0,0.0
2026/05/03(日) 10:00 キックオフ,横浜市立大学（神奈川県）,12,上原　宗賢,2,FW,0,控え,0,0,0,0,0.0
2026/05/03(日) 10:00 キックオフ,横浜市立大学（神奈川県）,13,小林　琉,3,FW,30,控え,0,2,2,0,0.0
2026/05/03(日) 10:00 キックオフ,横浜市立大学（神奈川県）,22,小山　泰李,3,MF,18,控え,0,0,0,0,0.0
2026/05/03(日) 10:00 キックオフ,横浜市立大学（神奈川県）,18,東　力也,2,MF,0,控え,0,0,0,0,0.0
2026/05/03(日) 10:00 キックオフ,横浜市立大学（神奈川県）,10,山田　　遼大,4,FW,44,控え,0,7,7,1,14.3
2026/05/03(日) 10:00 キックオフ,横浜市立大学（神奈川県）,20,佐藤　陽人,2,DF,13,控え,0,2,2,0,0.0
2026/05/03(日) 11:00 キックオフ,工学院大学,46,加藤　旭陽,4,GK,90,先発,0,0,0,0,0.0
2026/05/03(日) 11:00 キックオフ,工学院大学,4,沼野　碧葉,2,DF,90,先発,0,0,0,0,0.0
2026/05/03(日) 11:00 キックオフ,工学院大学,5,小林　優翔,3,DF,90,先発,0,1,1,0,0.0
2026/05/03(日) 11:00 キックオフ,工学院大学,6,芝　陸斗,3,MF,90,先発,1,0,1,0,0.0
2026/05/03(日) 11:00 キックオフ,工学院大学,7,大塚　東翔,3,MF,90,先発,0,1,1,1,100.0
2026/05/03(日) 11:00 キックオフ,工学院大学,8,伊東　幹太,2,MF,83,先発,0,2,2,0,0.0
2026/05/03(日) 11:00 キックオフ,工学院大学,10,樋本　杷瑠,3,MF,78,先発,0,1,1,0,0.0
2026/05/03(日) 11:00 キックオフ,工学院大学,11,大海　太輔,3,MF,88,先発,3,1,4,0,0.0
2026/05/03(日) 11:00 キックオフ,工学院大学,23,後藤　柚希,3,DF,90,先発,0,1,1,0,0.0
2026/05/03(日) 11:00 キックオフ,工学院大学,24,菊地　健,3,MF,45,先発,1,0,1,0,0.0
2026/05/03(日) 11:00 キックオフ,工学院大学,45,鈴木　伶,3,MF,56,先発,2,0,2,0,0.0
2026/05/03(日) 11:00 キックオフ,工学院大学,1,高橋　佑宇,3,GK,0,控え,0,0,0,0,0.0
2026/05/03(日) 11:00 キックオフ,工学院大学,2,吉原　龍之介,3,DF,7,控え,0,0,0,0,0.0
2026/05/03(日) 11:00 キックオフ,工学院大学,14,吉田　陽,3,MF,0,控え,0,0,0,0,0.0
2026/05/03(日) 11:00 キックオフ,工学院大学,15,塩入　大寿,不明,DF,0,控え,0,0,0,0,0.0
2026/05/03(日) 11:00 キックオフ,工学院大学,17,野村　慶太,3,MF,12,控え,0,0,0,0,0.0
2026/05/03(日) 11:00 キックオフ,工学院大学,18,髙瀬　快周,2,FW,34,控え,0,3,3,0,0.0
2026/05/03(日) 11:00 キックオフ,工学院大学,19,金子　豪留,2,MF,45,控え,0,1,1,1,100.0
2026/05/03(日) 11:00 キックオフ,工学院大学,20,馬場　匠吾,3,FW,0,控え,0,0,0,0,0.0
2026/05/03(日) 11:00 キックオフ,工学院大学,21,非浦　海大,3,DF,2,控え,0,0,0,0,0.0
2026/05/03(日) 11:00 キックオフ,東京薬科大学,1,横山　聖,3,GK,90,先発,0,0,0,0,0.0
2026/05/03(日) 11:00 キックオフ,東京薬科大学,2,平瀬　歩夢,3,DF,90,先発,0,0,0,0,0.0
2026/05/03(日) 11:00 キックオフ,東京薬科大学,4,齋藤　祥太,4,DF,90,先発,0,0,0,0,0.0
2026/05/03(日) 11:00 キックオフ,東京薬科大学,5,大口　峻平,3,DF,90,先発,0,0,0,0,0.0
2026/05/03(日) 11:00 キックオフ,東京薬科大学,6,向所　咲人,2,MF,90,先発,0,0,0,0,0.0
2026/05/03(日) 11:00 キックオフ,東京薬科大学,7,倉田　昇正,2,MF,90,先発,0,0,0,0,0.0
2026/05/03(日) 11:00 キックオフ,東京薬科大学,8,阿部　悠大,3,FW,90,先発,1,0,1,0,0.0
2026/05/03(日) 11:00 キックオフ,東京薬科大学,9,狩野　快斗,2,FW,83,先発,0,0,0,0,0.0
2026/05/03(日) 11:00 キックオフ,東京薬科大学,10,小枝　芽生,2,MF,90,先発,0,2,2,1,50.0
2026/05/03(日) 11:00 キックオフ,東京薬科大学,27,山本　駿斗,4,MF,78,先発,0,0,0,0,0.0
2026/05/03(日) 11:00 キックオフ,東京薬科大学,25,田淵　湊翔,2,MF,7,控え,0,0,0,0,0.0
2026/05/03(日) 11:00 キックオフ,東京薬科大学,87,大類　涼,4,FW,12,控え,0,0,0,0,0.0
2026/05/03(日) 12:00 キックオフ,東京外国語大学,4,小野　琉智,3,MF,90,先発,0,0,0,0,0.0
2026/05/03(日) 12:00 キックオフ,東京外国語大学,5,樋口　翼,2,DF,76,先発,0,0,0,0,0.0
2026/05/03(日) 12:00 キックオフ,東京外国語大学,7,長野　海星,3,FW,90,先発,1,3,4,1,25.0
2026/05/03(日) 12:00 キックオフ,東京外国語大学,8,江藤　弘太,2,MF,89,先発,2,3,5,1,20.0
2026/05/03(日) 12:00 キックオフ,東京外国語大学,10,則本　雄大,3,MF,90,先発,1,1,2,1,50.0
2026/05/03(日) 12:00 キックオフ,東京外国語大学,11,依田　理人,2,MF,65,先発,2,1,3,0,0.0
2026/05/03(日) 12:00 キックオフ,東京外国語大学,18,高橋　航希,4,FW,81,先発,2,1,3,0,0.0
2026/05/03(日) 12:00 キックオフ,東京外国語大学,22,刑部　諒真,3,DF,90,先発,1,0,1,1,100.0
2026/05/03(日) 12:00 キックオフ,東京外国語大学,25,池田　怜生,3,DF,90,先発,0,0,0,0,0.0
2026/05/03(日) 12:00 キックオフ,東京外国語大学,34,大津　怜,2,DF,81,先発,1,0,1,0,0.0
2026/05/03(日) 12:00 キックオフ,東京外国語大学,52,ベント莉音　エドワード,2,GK,90,先発,0,0,0,0,0.0
2026/05/03(日) 12:00 キックオフ,東京外国語大学,1,山田　真慧,1,GK,0,控え,0,0,0,0,0.0
2026/05/03(日) 12:00 キックオフ,東京外国語大学,2,増山　滉士,3,DF,14,控え,0,0,0,0,0.0
2026/05/03(日) 12:00 キックオフ,東京外国語大学,3,武藤　陸,4,DF,0,控え,0,0,0,0,0.0
2026/05/03(日) 12:00 キックオフ,東京外国語大学,6,金指　拓海,3,MF,0,控え,0,0,0,0,0.0
2026/05/03(日) 12:00 キックオフ,東京外国語大学,9,小田　凱,2,FW,25,控え,0,2,2,0,0.0
2026/05/03(日) 12:00 キックオフ,東京外国語大学,13,福田　卓矢,4,FW,9,控え,0,0,0,0,0.0
2026/05/03(日) 12:00 キックオフ,東京外国語大学,23,高橋　翔,4,MF,9,控え,0,0,0,0,0.0
2026/05/03(日) 12:00 キックオフ,東京外国語大学,30,島崎　凛太郎,1,MF,1,控え,0,0,0,0,0.0
2026/05/03(日) 12:00 キックオフ,東京農工大学,3,丸山　馨矢,3,DF,90,先発,0,0,0,0,0.0
2026/05/03(日) 12:00 キックオフ,東京農工大学,5,入江　優大,3,MF,90,先発,1,1,2,0,0.0
2026/05/03(日) 12:00 キックオフ,東京農工大学,7,山田　大喜,3,MF,90,先発,0,1,1,0,0.0
2026/05/03(日) 12:00 キックオフ,東京農工大学,8,武田　泰治,3,MF,90,先発,0,0,0,0,0.0
2026/05/03(日) 12:00 キックオフ,東京農工大学,9,西村　政信,2,DF,90,先発,0,0,0,0,0.0
2026/05/03(日) 12:00 キックオフ,東京農工大学,10,大野　晃世,3,FW,90,先発,0,0,0,0,0.0
2026/05/03(日) 12:00 キックオフ,東京農工大学,12,影山　剛,3,GK,90,先発,0,0,0,0,0.0
2026/05/03(日) 12:00 キックオフ,東京農工大学,16,長井　琉冴,2,FW,90,先発,0,0,0,0,0.0
2026/05/03(日) 12:00 キックオフ,東京農工大学,17,髙垣　登希生,2,MF,90,先発,0,0,0,0,0.0
2026/05/03(日) 12:00 キックオフ,東京農工大学,22,赤尾　勘太郎,3,DF,90,先発,0,0,0,0,0.0
2026/05/03(日) 12:00 キックオフ,東京農工大学,23,西川　桜冴,2,DF,90,先発,0,0,0,0,0.0
2026/05/03(日) 12:00 キックオフ,電気通信大学,5,森平　遥大,2,DF,90,先発,0,0,0,0,0.0
2026/05/03(日) 12:00 キックオフ,電気通信大学,9,市川　寛人,3,FW,90,先発,0,0,0,0,0.0
2026/05/03(日) 12:00 キックオフ,電気通信大学,11,佐藤　聡汰,4,MF,87,先発,0,0,0,0,0.0
2026/05/03(日) 12:00 キックオフ,電気通信大学,14,有光　太朗,2,FW,80,先発,1,0,1,0,0.0
2026/05/03(日) 12:00 キックオフ,電気通信大学,16,藤澤　拓真,3,DF,90,先発,0,0,0,0,0.0
2026/05/03(日) 12:00 キックオフ,電気通信大学,21,林元　颯大,2,DF,90,先発,0,0,0,0,0.0
2026/05/03(日) 12:00 キックオフ,電気通信大学,22,高橋　龍生,2,MF,58,先発,1,1,2,0,0.0
2026/05/03(日) 12:00 キックオフ,電気通信大学,25,柏木　祐輝,2,FW,55,先発,1,0,1,0,0.0
2026/05/03(日) 12:00 キックオフ,電気通信大学,29,栗田　直仁,3,MF,68,先発,0,0,0,0,0.0
2026/05/03(日) 12:00 キックオフ,電気通信大学,31,柳野　秀敏,3,GK,90,先発,0,0,0,0,0.0
2026/05/03(日) 12:00 キックオフ,電気通信大学,27,石川　永真,3,DF,90,先発,0,1,1,0,0.0
2026/05/03(日) 12:00 キックオフ,電気通信大学,6,上村　陽輝,2,DF,0,控え,0,0,0,0,0.0
2026/05/03(日) 12:00 キックオフ,電気通信大学,8,山下　太誠,4,FW,32,控え,0,0,0,0,0.0
2026/05/03(日) 12:00 キックオフ,電気通信大学,13,朝倉 友彩,4,MF,0,控え,0,0,0,0,0.0
2026/05/03(日) 12:00 キックオフ,電気通信大学,18,堀井　太智,2,MF,3,控え,0,0,0,0,0.0
2026/05/03(日) 12:00 キックオフ,電気通信大学,19,長谷川　奏,2,MF,22,控え,0,0,0,0,0.0
2026/05/03(日) 12:00 キックオフ,電気通信大学,20,姫井　奏,2,DF,10,控え,0,0,0,0,0.0
2026/05/03(日) 12:00 キックオフ,電気通信大学,24,落合　祐斗,3,DF,0,控え,0,0,0,0,0.0
2026/05/03(日) 12:00 キックオフ,電気通信大学,26,有村　悠貴,2,FW,35,控え,0,0,0,0,0.0
2026/05/03(日) 12:00 キックオフ,電気通信大学,30,鈴木　千博,3,FW,0,控え,0,0,0,0,0.0
2026/05/03(日) 12:00 キックオフ,都留文科大学,35,伊海　央祐,3,GK,90,先発,0,0,0,0,0.0
2026/05/03(日) 12:00 キックオフ,都留文科大学,6,河本　慎太郎,1,DF,84,先発,0,0,0,0,0.0
2026/05/03(日) 12:00 キックオフ,都留文科大学,2,山本　知寛,4,DF,90,先発,0,1,1,0,0.0
2026/05/03(日) 12:00 キックオフ,都留文科大学,23,櫻井　奏人,4,DF,90,先発,2,0,2,0,0.0
2026/05/03(日) 12:00 キックオフ,都留文科大学,22,吉田　篤翔,2,DF,55,先発,0,0,0,0,0.0
2026/05/03(日) 12:00 キックオフ,都留文科大学,77,前田　千夏,2,MF,90,先発,2,0,2,0,0.0
2026/05/03(日) 12:00 キックオフ,都留文科大学,33,中川　太輝,不明,MF,84,先発,1,0,1,0,0.0
2026/05/03(日) 12:00 キックオフ,都留文科大学,11,川島　響介,3,MF,90,先発,1,0,1,0,0.0
2026/05/03(日) 12:00 キックオフ,都留文科大学,21,鈴木　蒼空,2,MF,74,先発,0,0,0,0,0.0
2026/05/03(日) 12:00 キックオフ,都留文科大学,10,本部　響希,2,DF,90,先発,0,1,1,0,0.0
2026/05/03(日) 12:00 キックオフ,都留文科大学,7,立川　涼,3,FW,90,先発,4,3,7,1,14.3
2026/05/03(日) 12:00 キックオフ,都留文科大学,1,濱邊　彗杏,3,GK,0,控え,0,0,0,0,0.0
2026/05/03(日) 12:00 キックオフ,都留文科大学,42,青木　蓮太郎,4,GK,0,控え,0,0,0,0,0.0
2026/05/03(日) 12:00 キックオフ,都留文科大学,8,清　史琉,1,DF,6,控え,0,0,0,0,0.0
2026/05/03(日) 12:00 キックオフ,都留文科大学,99,岡本　祥希,1,DF,0,控え,0,0,0,0,0.0
2026/05/03(日) 12:00 キックオフ,都留文科大学,4,神崎　耶音,4,MF,16,控え,0,0,0,0,0.0
2026/05/03(日) 12:00 キックオフ,都留文科大学,19,和智　零士,1,MF,35,控え,0,1,1,0,0.0
2026/05/03(日) 12:00 キックオフ,都留文科大学,14,須田　翔斗,1,FW,6,控え,0,0,0,0,0.0
2026/05/03(日) 12:00 キックオフ,都留文科大学,39,武藤　瑞生,1,FW,0,控え,0,0,0,0,0.0
2026/05/03(日) 14:00 キックオフ,北里大学,3,中村　仁,2,DF,90,先発,1,0,1,0,0.0
2026/05/03(日) 14:00 キックオフ,北里大学,4,河合 蓮,3,DF,90,先発,0,0,0,0,0.0
2026/05/03(日) 14:00 キックオフ,北里大学,5,杉本　梨央,2,MF,90,先発,0,0,0,0,0.0
2026/05/03(日) 14:00 キックオフ,北里大学,6,深田　泰斗,2,MF,90,先発,0,1,1,1,100.0
2026/05/03(日) 14:00 キックオフ,北里大学,7,北島　大靖,2,MF,90,先発,0,2,2,0,0.0
2026/05/03(日) 14:00 キックオフ,北里大学,12,町口　巧,2,GK,90,先発,0,0,0,0,0.0
2026/05/03(日) 14:00 キックオフ,北里大学,14,根岸　清也,2,MF,90,先発,0,0,0,0,0.0
2026/05/03(日) 14:00 キックオフ,北里大学,17,北條　孝徳,2,FW,69,先発,0,0,0,0,0.0
2026/05/03(日) 14:00 キックオフ,北里大学,18,内野　翔羽,2,MF,90,先発,0,2,2,0,0.0
2026/05/03(日) 14:00 キックオフ,北里大学,19,小野 嘉永都,3,DF,90,先発,0,0,0,0,0.0
2026/05/03(日) 14:00 キックオフ,北里大学,2,空本 和真,3,DF,90,先発,0,0,0,0,0.0
2026/05/03(日) 14:00 キックオフ,北里大学,1,瀬尾　陽輔,2,GK,0,控え,0,0,0,0,0.0
2026/05/03(日) 14:00 キックオフ,北里大学,8,鈴木　康生,2,MF,0,控え,0,0,0,0,0.0
2026/05/03(日) 14:00 キックオフ,北里大学,11,鈴木 健寛,3,MF,0,控え,0,0,0,0,0.0
2026/05/03(日) 14:00 キックオフ,北里大学,13,村上　俊太郎,2,MF,0,控え,0,0,0,0,0.0
2026/05/03(日) 14:00 キックオフ,北里大学,15,川口　大翔,2,FW,21,控え,0,0,0,0,0.0
2026/05/03(日) 14:00 キックオフ,北里大学,20,坂内 瑞希,3,DF,0,控え,0,0,0,0,0.0
2026/05/03(日) 14:00 キックオフ,東京科学大学,1,中野　陽介,4,GK,90,先発,0,0,0,0,0.0
2026/05/03(日) 14:00 キックオフ,東京科学大学,4,宮本　空,4,DF,90,先発,0,0,0,0,0.0
2026/05/03(日) 14:00 キックオフ,東京科学大学,5,末木　孝幸,4,DF,90,先発,0,0,0,0,0.0
2026/05/03(日) 14:00 キックオフ,東京科学大学,9,高篠　悠太,4,MF,90,先発,1,1,2,1,50.0
2026/05/03(日) 14:00 キックオフ,東京科学大学,10,木村　淳之介,3,MF,69,先発,4,0,4,1,25.0
2026/05/03(日) 14:00 キックオフ,東京科学大学,15,安藤　晃大,4,MF,60,先発,1,1,2,0,0.0
2026/05/03(日) 14:00 キックオフ,東京科学大学,16,山中　翔悟,2,FW,90,先発,2,3,5,1,20.0
2026/05/03(日) 14:00 キックオフ,東京科学大学,17,原田　航太,2,MF,90,先発,0,1,1,0,0.0
2026/05/03(日) 14:00 キックオフ,東京科学大学,27,島村　泰輝,3,DF,90,先発,2,0,2,0,0.0
2026/05/03(日) 14:00 キックオフ,東京科学大学,38,亀田　怜大,4,DF,90,先発,0,0,0,0,0.0
2026/05/03(日) 14:00 キックオフ,東京科学大学,95,小林　和楽,2,MF,46,先発,3,0,3,0,0.0
2026/05/03(日) 14:00 キックオフ,東京科学大学,11,佐藤　亮樹,3,FW,0,控え,0,0,0,0,0.0
2026/05/03(日) 14:00 キックオフ,東京科学大学,12,半田　紘佑,3,FW,0,控え,0,0,0,0,0.0
2026/05/03(日) 14:00 キックオフ,東京科学大学,21,田中　碧太,3,MF,44,控え,0,0,0,0,0.0
2026/05/03(日) 14:00 キックオフ,東京科学大学,30,渡邉　孔生,3,DF,0,控え,0,0,0,0,0.0
2026/05/03(日) 14:00 キックオフ,東京科学大学,31,加茂　治樹,3,GK,0,控え,0,0,0,0,0.0
2026/05/03(日) 14:00 キックオフ,東京科学大学,35,星川　航祐,2,DF,0,控え,0,0,0,0,0.0
2026/05/03(日) 14:00 キックオフ,東京科学大学,51,村井　杏介,3,MF,30,控え,0,0,0,0,0.0
2026/05/03(日) 14:00 キックオフ,東京科学大学,55,山本　万凜,4,MF,0,控え,0,0,0,0,0.0
2026/05/03(日) 14:00 キックオフ,東京科学大学,77,田口　晴大,2,FW,21,控え,0,0,0,0,0.0
2026/05/03(日) 14:30 キックオフ,東京都市大学,2,伊藤　晃大,2,DF,90,先発,0,1,1,0,0.0
2026/05/03(日) 14:30 キックオフ,東京都市大学,3,三枝　昇吾,2,DF,90,先発,0,1,1,0,0.0
2026/05/03(日) 14:30 キックオフ,東京都市大学,7,高木　風輝,4,MF,80,先発,0,0,0,0,0.0
2026/05/03(日) 14:30 キックオフ,東京都市大学,10,田口　二康,3,MF,90,先発,5,2,7,1,14.3
2026/05/03(日) 14:30 キックオフ,東京都市大学,15,菅原　蒼生,4,DF,90,先発,0,1,1,0,0.0
2026/05/03(日) 14:30 キックオフ,東京都市大学,21,近　一輝,2,MF,67,先発,0,0,0,0,0.0
2026/05/03(日) 14:30 キックオフ,東京都市大学,26,時枝　佑太郎,3,MF,90,先発,1,0,1,0,0.0
2026/05/03(日) 14:30 キックオフ,東京都市大学,29,梅原　　一真,2,DF,54,先発,0,0,0,0,0.0
2026/05/03(日) 14:30 キックオフ,東京都市大学,41,下迫　璃玖,2,GK,90,先発,0,0,0,0,0.0
2026/05/03(日) 14:30 キックオフ,東京都市大学,72,友成　志道,2,MF,90,先発,3,1,4,0,0.0
2026/05/03(日) 14:30 キックオフ,東京都市大学,77,城定　諒冴,2,MF,90,先発,0,0,0,0,0.0
2026/05/03(日) 14:30 キックオフ,東京都市大学,4,阿部　純太,3,DF,10,控え,0,0,0,0,0.0
2026/05/03(日) 14:30 キックオフ,東京都市大学,11,青木　春翔,2,FW,23,控え,0,0,0,0,0.0
2026/05/03(日) 14:30 キックオフ,東京都市大学,20,小畑　壱蕗,2,FW,36,控え,0,0,0,0,0.0
2026/05/03(日) 14:30 キックオフ,国際基督教大学,1,金丸　龍馬,3,GK,90,先発,0,0,0,0,0.0
2026/05/03(日) 14:30 キックオフ,国際基督教大学,4,益子　瑞基,3,MF,89,先発,1,3,4,0,0.0
2026/05/03(日) 14:30 キックオフ,国際基督教大学,6,辻本　晴輝,3,DF,52,先発,0,0,0,0,0.0
2026/05/03(日) 14:30 キックオフ,国際基督教大学,8,皿澤　狩那,3,MF,86,先発,2,1,3,0,0.0
2026/05/03(日) 14:30 キックオフ,国際基督教大学,10,法亢　咲太朗,3,MF,90,先発,1,1,2,0,0.0
2026/05/03(日) 14:30 キックオフ,国際基督教大学,14,今井　獅優,2,DF,90,先発,0,1,1,0,0.0
2026/05/03(日) 14:30 キックオフ,国際基督教大学,17,高橋　孝輔,2,MF,67,先発,0,1,1,0,0.0
2026/05/03(日) 14:30 キックオフ,国際基督教大学,18,塩田　エルカナ,3,FW,90,先発,0,0,0,0,0.0
2026/05/03(日) 14:30 キックオフ,国際基督教大学,21,長谷川　滉,2,MF,90,先発,0,0,0,0,0.0
2026/05/03(日) 14:30 キックオフ,国際基督教大学,24,松平　雅史,1,FW,90,先発,0,0,0,0,0.0
2026/05/03(日) 14:30 キックオフ,国際基督教大学,11,川端　晃太郎,2,FW,90,先発,0,1,1,0,0.0
2026/05/03(日) 14:30 キックオフ,国際基督教大学,3,茂呂　健輔,2,MF,0,控え,0,0,0,0,0.0
2026/05/03(日) 14:30 キックオフ,国際基督教大学,7,川端　遼太郎,1,MF,38,控え,0,0,0,0,0.0
2026/05/03(日) 14:30 キックオフ,国際基督教大学,13,清野山　侑希,2,MF,0,控え,0,0,0,0,0.0
2026/05/03(日) 14:30 キックオフ,国際基督教大学,15,齊藤　大晴,2,MF,23,控え,0,0,0,0,0.0
2026/05/03(日) 14:30 キックオフ,国際基督教大学,19,平松　陽,2,FW,0,控え,0,0,0,0,0.0
2026/05/03(日) 14:30 キックオフ,国際基督教大学,23,デジョンケール　マーティンアレクサンドル,3,GK,0,控え,0,0,0,0,0.0
2026/05/03(日) 14:30 キックオフ,国際基督教大学,27,細川　大樹,3,MF,4,控え,0,0,0,0,0.0
2026/05/03(日) 14:30 キックオフ,国際基督教大学,28,アレン　健クライブ,3,MF,1,控え,0,0,0,0,0.0
2026/05/03(日) 15:45 キックオフ,武蔵野大学,3,澤中 颯汰,4,DF,90,先発,0,2,2,0,0.0
2026/05/03(日) 15:45 キックオフ,武蔵野大学,7,柵木 駿飛,2,FW,78,先発,0,0,0,0,0.0
2026/05/03(日) 15:45 キックオフ,武蔵野大学,11,菊地 伶王,3,MF,90,先発,2,0,2,1,50.0
2026/05/03(日) 15:45 キックオフ,武蔵野大学,20,渡邉 充輝,2,FW,90,先発,2,1,3,0,0.0
2026/05/03(日) 15:45 キックオフ,武蔵野大学,23,須藤 柊吾,4,FW,62,先発,0,2,2,0,0.0
2026/05/03(日) 15:45 キックオフ,武蔵野大学,27,小杉 太一,4,GK,90,先発,0,0,0,0,0.0
2026/05/03(日) 15:45 キックオフ,武蔵野大学,29,石井 郁也,2,DF,90,先発,0,0,0,0,0.0
2026/05/03(日) 15:45 キックオフ,武蔵野大学,37,嶋根 友太,4,MF,90,先発,0,0,0,0,0.0
2026/05/03(日) 15:45 キックオフ,武蔵野大学,38,高瀬 快斗,3,DF,90,先発,0,0,0,0,0.0
2026/05/03(日) 15:45 キックオフ,武蔵野大学,46,駒 廉吾,3,FW,62,先発,2,0,2,2,100.0
2026/05/03(日) 15:45 キックオフ,武蔵野大学,47,宮谷 友大,4,DF,87,先発,0,1,1,0,0.0
2026/05/03(日) 15:45 キックオフ,武蔵野大学,5,廣江 祐星,3,DF,0,控え,0,0,0,0,0.0
2026/05/03(日) 15:45 キックオフ,武蔵野大学,8,假谷 駿翔,3,MF,28,控え,0,1,1,0,0.0
2026/05/03(日) 15:45 キックオフ,武蔵野大学,9,佐藤 春斗,2,FW,28,控え,0,0,0,0,0.0
2026/05/03(日) 15:45 キックオフ,武蔵野大学,10,米山 拓真,2,FW,12,控え,0,0,0,0,0.0
2026/05/03(日) 15:45 キックオフ,武蔵野大学,16,奥田 羚,4,MF,3,控え,0,0,0,0,0.0
2026/05/03(日) 15:45 キックオフ,武蔵野大学,18,山本 建人,2,GK,0,控え,0,0,0,0,0.0
2026/05/03(日) 15:45 キックオフ,武蔵野大学,33,恩河 真生,3,DF,0,控え,0,0,0,0,0.0
2026/05/03(日) 15:45 キックオフ,武蔵野大学,88,澤田 陸希,4,DF,0,控え,0,0,0,0,0.0
2026/05/03(日) 15:45 キックオフ,松蔭大学・横浜商科大学,4,菅野　泰斗,2,DF,90,先発,0,0,0,0,0.0
2026/05/03(日) 15:45 キックオフ,松蔭大学・横浜商科大学,5,森　海璃,4,MF,90,先発,0,1,1,0,0.0
2026/05/03(日) 15:45 キックオフ,松蔭大学・横浜商科大学,6,奥原　空,4,MF,90,先発,1,0,1,0,0.0
2026/05/03(日) 15:45 キックオフ,松蔭大学・横浜商科大学,10,上田　祐雅,4,DF,90,先発,1,0,1,0,0.0
2026/05/03(日) 15:45 キックオフ,松蔭大学・横浜商科大学,12,渋谷　未浬,1,MF,35,先発,0,0,0,0,0.0
2026/05/03(日) 15:45 キックオフ,松蔭大学・横浜商科大学,13,塩幡　優汰,1,DF,90,先発,1,0,1,0,0.0
2026/05/03(日) 15:45 キックオフ,松蔭大学・横浜商科大学,14,安部　光,3,DF,90,先発,0,0,0,0,0.0
2026/05/03(日) 15:45 キックオフ,松蔭大学・横浜商科大学,17,吉川　虎十朗,3,MF,90,先発,1,0,1,0,0.0
2026/05/03(日) 15:45 キックオフ,松蔭大学・横浜商科大学,18,小泉　大輔,2,FW,45,先発,0,0,0,0,0.0
2026/05/03(日) 15:45 キックオフ,松蔭大学・横浜商科大学,20,福田　開人,4,GK,90,先発,0,0,0,0,0.0
2026/05/03(日) 15:45 キックオフ,松蔭大学・横浜商科大学,22,関　碧生,3,FW,69,先発,0,0,0,0,0.0
2026/05/03(日) 15:45 キックオフ,松蔭大学・横浜商科大学,2,大森　太志,1,MF,0,控え,0,0,0,0,0.0
2026/05/03(日) 15:45 キックオフ,松蔭大学・横浜商科大学,9,大森　俊輔,3,FW,55,控え,0,0,0,0,0.0
2026/05/03(日) 15:45 キックオフ,松蔭大学・横浜商科大学,11,佐々木　優斗,4,FW,45,控え,0,0,0,0,0.0
2026/05/03(日) 15:45 キックオフ,松蔭大学・横浜商科大学,15,飯塚　友哉,1,MF,0,控え,0,0,0,0,0.0
2026/05/03(日) 15:45 キックオフ,松蔭大学・横浜商科大学,23,太田　直哉,1,MF,21,控え,0,1,1,1,100.0
2026/05/03(日) 15:45 キックオフ,松蔭大学・横浜商科大学,24,伴　昂史朗,2,MF,0,控え,0,0,0,0,0.0
2026/05/03(日) 15:45 キックオフ,松蔭大学・横浜商科大学,25,石部　昌太郎,4,DF,0,控え,0,0,0,0,0.0
2026/05/03(日) 15:45 キックオフ,松蔭大学・横浜商科大学,30,藤井　寛太,1,GK,0,控え,0,0,0,0,0.0
2026/05/09(土) 14:30 キックオフ,横浜市立大学（神奈川県）,31,中村　　旭陽,3,GK,90,先発,0,0,0,0,0.0
2026/05/09(土) 14:30 キックオフ,横浜市立大学（神奈川県）,3,加藤　真流斗,4,MF,90,先発,3,2,5,1,20.0
2026/05/09(土) 14:30 キックオフ,横浜市立大学（神奈川県）,24,若林　周祐,2,MF,90,先発,0,0,0,0,0.0
2026/05/09(土) 14:30 キックオフ,横浜市立大学（神奈川県）,4,峯村　哲平,3,DF,90,先発,0,0,0,0,0.0
2026/05/09(土) 14:30 キックオフ,横浜市立大学（神奈川県）,8,宮越　葵,2,FW,90,先発,1,1,2,1,50.0
2026/05/09(土) 14:30 キックオフ,横浜市立大学（神奈川県）,33,横田　　智風,3,DF,65,先発,1,0,1,0,0.0
2026/05/09(土) 14:30 キックオフ,横浜市立大学（神奈川県）,14,小松　隆之介,2,MF,45,先発,0,0,0,0,0.0
2026/05/09(土) 14:30 キックオフ,横浜市立大学（神奈川県）,6,東島　玄治,2,MF,74,先発,1,2,3,1,33.3
2026/05/09(土) 14:30 キックオフ,横浜市立大学（神奈川県）,10,山田　　遼大,4,FW,56,先発,1,0,1,0,0.0
2026/05/09(土) 14:30 キックオフ,横浜市立大学（神奈川県）,7,放崎　　結生,3,FW,65,先発,1,0,1,1,100.0
2026/05/09(土) 14:30 キックオフ,横浜市立大学（神奈川県）,9,清沢　翼,3,FW,90,先発,2,4,6,4,66.7
2026/05/09(土) 14:30 キックオフ,横浜市立大学（神奈川県）,1,小林　　礼武,3,GK,0,控え,0,0,0,0,0.0
2026/05/09(土) 14:30 キックオフ,横浜市立大学（神奈川県）,5,鈴木　和真,2,DF,0,控え,0,0,0,0,0.0
2026/05/09(土) 14:30 キックオフ,横浜市立大学（神奈川県）,34,武富　翔正,2,MF,16,控え,0,0,0,0,0.0
2026/05/09(土) 14:30 キックオフ,横浜市立大学（神奈川県）,19,和光　律紀,2,FW,0,控え,0,0,0,0,0.0
2026/05/09(土) 14:30 キックオフ,横浜市立大学（神奈川県）,13,小林　琉,3,FW,25,控え,0,0,0,0,0.0
2026/05/09(土) 14:30 キックオフ,横浜市立大学（神奈川県）,22,小山　泰李,3,MF,45,控え,0,2,2,0,0.0
2026/05/09(土) 14:30 キックオフ,横浜市立大学（神奈川県）,18,東　力也,2,MF,0,控え,0,0,0,0,0.0
2026/05/09(土) 14:30 キックオフ,横浜市立大学（神奈川県）,11,錦戸　寛人,3,FW,34,控え,0,1,1,0,0.0
2026/05/09(土) 14:30 キックオフ,横浜市立大学（神奈川県）,17,堀内　成,3,FW,25,控え,0,1,1,0,0.0
2026/05/09(土) 14:30 キックオフ,東京都市大学,1,山本　絢太,3,GK,90,先発,0,0,0,0,0.0
2026/05/09(土) 14:30 キックオフ,東京都市大学,15,菅原　蒼生,4,DF,90,先発,0,0,0,0,0.0
2026/05/09(土) 14:30 キックオフ,東京都市大学,4,阿部　純太,3,DF,90,先発,0,0,0,0,0.0
2026/05/09(土) 14:30 キックオフ,東京都市大学,72,友成　志道,2,MF,90,先発,1,0,1,0,0.0
2026/05/09(土) 14:30 キックオフ,東京都市大学,3,三枝　昇吾,2,DF,90,先発,0,2,2,0,0.0
2026/05/09(土) 14:30 キックオフ,東京都市大学,2,伊藤　晃大,2,DF,42,先発,0,0,0,0,0.0
2026/05/09(土) 14:30 キックオフ,東京都市大学,10,田口　二康,3,MF,90,先発,0,0,0,0,0.0
2026/05/09(土) 14:30 キックオフ,東京都市大学,11,青木　春翔,2,FW,35,先発,0,0,0,0,0.0
2026/05/09(土) 14:30 キックオフ,東京都市大学,26,時枝　佑太郎,3,MF,90,先発,0,0,0,0,0.0
2026/05/09(土) 14:30 キックオフ,東京都市大学,7,高木　風輝,4,MF,90,先発,0,1,1,0,0.0
2026/05/09(土) 14:30 キックオフ,東京都市大学,20,小畑　壱蕗,2,FW,90,先発,0,1,1,0,0.0
2026/05/09(土) 14:30 キックオフ,東京都市大学,8,芹沢　朔太郎,3,FW,55,控え,0,1,1,0,0.0
2026/05/09(土) 14:30 キックオフ,東京都市大学,24,深澤　巧樹,2,FW,48,控え,0,0,0,1,0.0
2026/05/09(土) 14:30 キックオフ,東京都市大学,12,岩永　碧,1,MF,22,控え,0,0,0,0,0.0
2026/05/09(土) 15:00 キックオフ,北里大学,1,瀬尾　陽輔,2,GK,90,先発,0,0,0,0,0.0
2026/05/09(土) 15:00 キックオフ,北里大学,3,中村　仁,2,DF,90,先発,0,0,0,0,0.0
2026/05/09(土) 15:00 キックオフ,北里大学,4,河合 蓮,3,DF,90,先発,0,0,0,0,0.0
2026/05/09(土) 15:00 キックオフ,北里大学,5,杉本　梨央,2,MF,90,先発,0,0,0,0,0.0
2026/05/09(土) 15:00 キックオフ,北里大学,6,深田　泰斗,2,MF,90,先発,0,0,0,0,0.0
2026/05/09(土) 15:00 キックオフ,北里大学,7,北島　大靖,2,MF,90,先発,0,0,0,0,0.0
2026/05/09(土) 15:00 キックオフ,北里大学,8,鈴木　康生,2,MF,90,先発,0,0,0,0,0.0
2026/05/09(土) 15:00 キックオフ,北里大学,13,村上　俊太郎,2,MF,90,先発,0,2,2,0,0.0
2026/05/09(土) 15:00 キックオフ,北里大学,17,北條　孝徳,2,FW,90,先発,1,0,1,0,0.0
2026/05/09(土) 15:00 キックオフ,北里大学,18,内野　翔羽,2,MF,90,先発,0,1,1,0,0.0
2026/05/09(土) 15:00 キックオフ,北里大学,20,坂内 瑞希,3,DF,90,先発,0,0,0,0,0.0
2026/05/09(土) 15:00 キックオフ,北里大学,12,町口　巧,2,GK,0,控え,0,0,0,0,0.0
2026/05/09(土) 15:00 キックオフ,日本大学生物資源科学部,5,山田 藍良,3,DF,90,先発,0,1,1,1,100.0
2026/05/09(土) 15:00 キックオフ,日本大学生物資源科学部,6,石塚 南琉,4,DF,90,先発,1,0,1,0,0.0
2026/05/09(土) 15:00 キックオフ,日本大学生物資源科学部,7,武藤 勇史,4,MF,80,先発,1,1,2,1,50.0
2026/05/09(土) 15:00 キックオフ,日本大学生物資源科学部,8,濱崎 新大,3,MF,90,先発,3,3,6,0,0.0
2026/05/09(土) 15:00 キックオフ,日本大学生物資源科学部,10,都留 佑斗,4,MF,90,先発,2,0,2,0,0.0
2026/05/09(土) 15:00 キックオフ,日本大学生物資源科学部,12,青山 大地,3,DF,77,先発,3,1,4,0,0.0
2026/05/09(土) 15:00 キックオフ,日本大学生物資源科学部,14,関 寧央,3,MF,84,先発,0,1,1,0,0.0
2026/05/09(土) 15:00 キックオフ,日本大学生物資源科学部,17,小林 琉云,2,MF,90,先発,1,2,3,0,0.0
2026/05/09(土) 15:00 キックオフ,日本大学生物資源科学部,19,加瀬 広河,3,MF,55,先発,3,0,3,0,0.0
2026/05/09(土) 15:00 キックオフ,日本大学生物資源科学部,21,妻木 湧,3,GK,90,先発,0,0,0,0,0.0
2026/05/09(土) 15:00 キックオフ,日本大学生物資源科学部,36,品川 翼空,4,FW,38,先発,4,0,4,0,0.0
2026/05/09(土) 15:00 キックオフ,日本大学生物資源科学部,2,廣川 仁人,2,MF,0,控え,0,0,0,0,0.0
2026/05/09(土) 15:00 キックオフ,日本大学生物資源科学部,9,齋藤 快叶,3,FW,35,控え,0,0,0,1,0.0
2026/05/09(土) 15:00 キックオフ,日本大学生物資源科学部,15,今出 遼太,2,MF,52,控え,0,0,0,1,0.0
2026/05/09(土) 15:00 キックオフ,日本大学生物資源科学部,22,佐藤 大志,2,MF,6,控え,0,0,0,0,0.0
2026/05/09(土) 15:00 キックオフ,日本大学生物資源科学部,25,新井 波琉人,3,DF,13,控え,0,0,0,0,0.0
2026/05/09(土) 15:00 キックオフ,日本大学生物資源科学部,30,百瀬 大二郎,4,MF,10,控え,0,0,0,0,0.0
2026/05/09(土) 15:00 キックオフ,日本大学生物資源科学部,99,小枝 蓮之,2,DF,0,控え,0,0,0,0,0.0
2026/05/10(日) 11:00 キックオフ,松蔭大学・横浜商科大学,20,福田　開人,4,GK,90,先発,0,0,0,0,0.0
2026/05/10(日) 11:00 キックオフ,松蔭大学・横浜商科大学,4,菅野　泰斗,2,DF,90,先発,0,0,0,0,0.0
2026/05/10(日) 11:00 キックオフ,松蔭大学・横浜商科大学,10,上田　祐雅,4,DF,90,先発,0,0,0,0,0.0
2026/05/10(日) 11:00 キックオフ,松蔭大学・横浜商科大学,13,塩幡　優汰,1,DF,90,先発,0,0,0,0,0.0
2026/05/10(日) 11:00 キックオフ,松蔭大学・横浜商科大学,14,安部　光,3,DF,90,先発,0,0,0,0,0.0
2026/05/10(日) 11:00 キックオフ,松蔭大学・横浜商科大学,5,森　海璃,4,MF,83,先発,1,0,1,0,0.0
2026/05/10(日) 11:00 キックオフ,松蔭大学・横浜商科大学,6,奥原　空,4,MF,72,先発,0,0,0,0,0.0
2026/05/10(日) 11:00 キックオフ,松蔭大学・横浜商科大学,7,生田目　隼輔,3,MF,90,先発,0,1,1,0,0.0
2026/05/10(日) 11:00 キックオフ,松蔭大学・横浜商科大学,17,吉川　虎十朗,3,MF,90,先発,2,0,2,0,0.0
2026/05/10(日) 11:00 キックオフ,松蔭大学・横浜商科大学,9,大森　俊輔,3,FW,90,先発,1,0,1,0,0.0
2026/05/10(日) 11:00 キックオフ,松蔭大学・横浜商科大学,11,佐々木　優斗,4,FW,90,先発,0,1,1,1,100.0
2026/05/10(日) 11:00 キックオフ,松蔭大学・横浜商科大学,30,藤井　寛太,1,GK,0,控え,0,0,0,0,0.0
2026/05/10(日) 11:00 キックオフ,松蔭大学・横浜商科大学,12,渋谷　未浬,1,MF,0,控え,0,0,0,0,0.0
2026/05/10(日) 11:00 キックオフ,松蔭大学・横浜商科大学,23,太田　直哉,1,MF,0,控え,0,0,0,0,0.0
2026/05/10(日) 11:00 キックオフ,松蔭大学・横浜商科大学,24,伴　昂史朗,2,MF,0,控え,0,0,0,0,0.0
2026/05/10(日) 11:00 キックオフ,松蔭大学・横浜商科大学,26,淺沼　真拓,2,MF,0,控え,0,0,0,0,0.0
2026/05/10(日) 11:00 キックオフ,松蔭大学・横浜商科大学,18,小泉　大輔,2,FW,18,控え,0,0,0,0,0.0
2026/05/10(日) 11:00 キックオフ,松蔭大学・横浜商科大学,22,関　碧生,3,FW,7,控え,0,0,0,0,0.0
2026/05/10(日) 11:00 キックオフ,工学院大学,46,加藤　旭陽,4,GK,90,先発,0,0,0,0,0.0
2026/05/10(日) 11:00 キックオフ,工学院大学,4,沼野　碧葉,2,DF,90,先発,0,1,1,0,0.0
2026/05/10(日) 11:00 キックオフ,工学院大学,5,小林　優翔,3,DF,90,先発,1,0,1,0,0.0
2026/05/10(日) 11:00 キックオフ,工学院大学,23,後藤　柚希,3,DF,90,先発,2,0,2,0,0.0
2026/05/10(日) 11:00 キックオフ,工学院大学,6,芝　陸斗,3,MF,90,先発,0,1,1,0,0.0
2026/05/10(日) 11:00 キックオフ,工学院大学,7,大塚　東翔,3,MF,90,先発,0,0,0,0,0.0
2026/05/10(日) 11:00 キックオフ,工学院大学,8,伊東　幹太,2,MF,87,先発,1,1,2,1,50.0
2026/05/10(日) 11:00 キックオフ,工学院大学,10,樋本　杷瑠,3,MF,90,先発,2,3,5,0,0.0
2026/05/10(日) 11:00 キックオフ,工学院大学,11,大海　太輔,3,MF,90,先発,1,1,2,1,50.0
2026/05/10(日) 11:00 キックオフ,工学院大学,24,菊地　健,3,MF,45,先発,3,0,3,0,0.0
2026/05/10(日) 11:00 キックオフ,工学院大学,45,鈴木　伶,3,MF,57,先発,0,0,0,0,0.0
2026/05/10(日) 11:00 キックオフ,工学院大学,2,吉原　龍之介,3,DF,3,控え,0,0,0,0,0.0
2026/05/10(日) 11:00 キックオフ,工学院大学,15,塩入　大寿,不明,DF,0,控え,0,0,0,0,0.0
2026/05/10(日) 11:00 キックオフ,工学院大学,14,吉田　陽,3,MF,0,控え,0,0,0,0,0.0
2026/05/10(日) 11:00 キックオフ,工学院大学,39,山本　荘志,1,MF,0,控え,0,0,0,0,0.0
2026/05/10(日) 11:00 キックオフ,工学院大学,40,市川　航,1,MF,45,控え,0,0,0,0,0.0
2026/05/10(日) 11:00 キックオフ,工学院大学,18,髙瀬　快周,2,FW,33,控え,0,0,0,0,0.0
2026/05/10(日) 11:00 キックオフ,工学院大学,20,馬場　匠吾,3,FW,0,控え,0,0,0,0,0.0
2026/05/10(日) 12:00 キックオフ,都留文科大学,1,濱邊　彗杏,3,GK,90,先発,0,0,0,0,0.0
2026/05/10(日) 12:00 キックオフ,都留文科大学,2,山本　知寛,4,DF,90,先発,0,0,0,0,0.0
2026/05/10(日) 12:00 キックオフ,都留文科大学,6,河本　慎太郎,1,DF,90,先発,0,0,0,0,0.0
2026/05/10(日) 12:00 キックオフ,都留文科大学,7,立川　涼,3,FW,90,先発,4,1,5,0,0.0
2026/05/10(日) 12:00 キックオフ,都留文科大学,10,本部　響希,2,DF,90,先発,0,1,1,0,0.0
2026/05/10(日) 12:00 キックオフ,都留文科大学,11,川島　響介,3,MF,90,先発,0,1,1,0,0.0
2026/05/10(日) 12:00 キックオフ,都留文科大学,19,和智　零士,1,MF,90,先発,0,0,0,0,0.0
2026/05/10(日) 12:00 キックオフ,都留文科大学,21,鈴木　蒼空,2,MF,70,先発,0,0,0,0,0.0
2026/05/10(日) 12:00 キックオフ,都留文科大学,33,中川　太輝,不明,MF,90,先発,0,0,0,0,0.0
2026/05/10(日) 12:00 キックオフ,都留文科大学,77,前田　千夏,2,MF,90,先発,0,0,0,0,0.0
2026/05/10(日) 12:00 キックオフ,都留文科大学,23,櫻井　奏人,4,DF,90,先発,0,0,0,0,0.0
2026/05/10(日) 12:00 キックオフ,都留文科大学,3,武富　羽琉,2,DF,0,控え,0,0,0,0,0.0
2026/05/10(日) 12:00 キックオフ,都留文科大学,5,佐々木　洸,3,DF,0,控え,0,0,0,0,0.0
2026/05/10(日) 12:00 キックオフ,都留文科大学,8,清　史琉,1,DF,0,控え,0,0,0,0,0.0
2026/05/10(日) 12:00 キックオフ,都留文科大学,14,須田　翔斗,1,FW,20,控え,0,0,0,0,0.0
2026/05/10(日) 12:00 キックオフ,都留文科大学,22,吉田　篤翔,2,DF,0,控え,0,0,0,0,0.0
2026/05/10(日) 12:00 キックオフ,都留文科大学,35,伊海　央祐,3,GK,0,控え,0,0,0,0,0.0
2026/05/10(日) 12:00 キックオフ,都留文科大学,39,武藤　瑞生,1,FW,0,控え,0,0,0,0,0.0
2026/05/10(日) 12:00 キックオフ,都留文科大学,41,村上　陸,2,GK,0,控え,0,0,0,0,0.0
2026/05/10(日) 12:00 キックオフ,都留文科大学,99,岡本　祥希,1,DF,0,控え,0,0,0,0,0.0
2026/05/10(日) 12:00 キックオフ,東京外国語大学,4,小野　琉智,3,MF,90,先発,0,0,0,0,0.0
2026/05/10(日) 12:00 キックオフ,東京外国語大学,5,樋口　翼,2,DF,90,先発,0,0,0,0,0.0
2026/05/10(日) 12:00 キックオフ,東京外国語大学,7,長野　海星,3,FW,90,先発,4,1,5,0,0.0
2026/05/10(日) 12:00 キックオフ,東京外国語大学,8,江藤　弘太,2,MF,90,先発,2,0,2,0,0.0
2026/05/10(日) 12:00 キックオフ,東京外国語大学,10,則本　雄大,3,MF,90,先発,1,1,2,0,0.0
2026/05/10(日) 12:00 キックオフ,東京外国語大学,11,依田　理人,2,MF,87,先発,1,2,3,1,33.3
2026/05/10(日) 12:00 キックオフ,東京外国語大学,18,高橋　航希,4,FW,90,先発,0,0,0,0,0.0
2026/05/10(日) 12:00 キックオフ,東京外国語大学,22,刑部　諒真,3,DF,90,先発,1,0,1,0,0.0
2026/05/10(日) 12:00 キックオフ,東京外国語大学,25,池田　怜生,3,DF,90,先発,0,0,0,0,0.0
2026/05/10(日) 12:00 キックオフ,東京外国語大学,34,大津　怜,2,DF,81,先発,0,0,0,0,0.0
2026/05/10(日) 12:00 キックオフ,東京外国語大学,52,ベント莉音　エドワード,2,GK,90,先発,0,0,0,0,0.0
2026/05/10(日) 12:00 キックオフ,東京外国語大学,1,山田　真慧,1,GK,0,控え,0,0,0,0,0.0
2026/05/10(日) 12:00 キックオフ,東京外国語大学,2,増山　滉士,3,DF,0,控え,0,0,0,0,0.0
2026/05/10(日) 12:00 キックオフ,東京外国語大学,6,金指　拓海,3,MF,0,控え,0,0,0,0,0.0
2026/05/10(日) 12:00 キックオフ,東京外国語大学,9,小田　凱,2,FW,3,控え,0,0,0,0,0.0
2026/05/10(日) 12:00 キックオフ,東京外国語大学,13,福田　卓矢,4,FW,0,控え,0,0,0,0,0.0
2026/05/10(日) 12:00 キックオフ,東京外国語大学,23,高橋　翔,4,MF,9,控え,0,0,0,0,0.0
2026/05/10(日) 12:00 キックオフ,東京外国語大学,30,島崎　凛太郎,1,MF,0,控え,0,0,0,0,0.0
2026/05/10(日) 12:00 キックオフ,東京外国語大学,47,杉浦　裕祐,1,MF,0,控え,0,0,0,0,0.0
2026/05/10(日) 14:00 キックオフ,東京科学大学,1,中野　陽介,4,GK,90,先発,0,0,0,0,0.0
2026/05/10(日) 14:00 キックオフ,東京科学大学,4,宮本　空,4,DF,90,先発,0,2,2,0,0.0
2026/05/10(日) 14:00 キックオフ,東京科学大学,5,末木　孝幸,4,DF,45,先発,0,0,0,0,0.0
2026/05/10(日) 14:00 キックオフ,東京科学大学,9,高篠　悠太,4,MF,70,先発,1,1,2,1,50.0
2026/05/10(日) 14:00 キックオフ,東京科学大学,10,木村　淳之介,3,MF,90,先発,3,2,5,3,60.0
2026/05/10(日) 14:00 キックオフ,東京科学大学,17,原田　航太,2,MF,90,先発,0,1,1,1,100.0
2026/05/10(日) 14:00 キックオフ,東京科学大学,27,島村　泰輝,3,DF,90,先発,0,0,0,0,0.0
2026/05/10(日) 14:00 キックオフ,東京科学大学,77,田口　晴大,2,FW,75,先発,5,0,5,3,60.0
2026/05/10(日) 14:00 キックオフ,東京科学大学,95,小林　和楽,2,MF,90,先発,0,1,1,0,0.0
2026/05/10(日) 14:00 キックオフ,東京科学大学,16,山中　翔悟,2,FW,70,先発,5,2,7,0,0.0
2026/05/10(日) 14:00 キックオフ,東京科学大学,38,亀田　怜大,4,DF,70,先発,0,0,0,0,0.0
2026/05/10(日) 14:00 キックオフ,東京科学大学,12,半田　紘佑,3,FW,0,控え,0,0,0,0,0.0
2026/05/10(日) 14:00 キックオフ,東京科学大学,14,泉澤　優樹,1,FW,20,控え,0,2,2,0,0.0
2026/05/10(日) 14:00 キックオフ,東京科学大学,15,安藤　晃大,4,MF,20,控え,0,1,1,1,100.0
2026/05/10(日) 14:00 キックオフ,東京科学大学,18,土田　奏人,3,DF,20,控え,0,0,0,0,0.0
2026/05/10(日) 14:00 キックオフ,東京科学大学,21,田中　碧太,3,MF,0,控え,0,0,0,0,0.0
2026/05/10(日) 14:00 キックオフ,東京科学大学,30,渡邉　孔生,3,DF,0,控え,0,0,0,0,0.0
2026/05/10(日) 14:00 キックオフ,東京科学大学,31,加茂　治樹,3,GK,0,控え,0,0,0,0,0.0
2026/05/10(日) 14:00 キックオフ,東京科学大学,35,星川　航祐,2,DF,45,控え,0,0,0,0,0.0
2026/05/10(日) 14:00 キックオフ,東京科学大学,51,村井　杏介,3,MF,15,控え,0,0,0,0,0.0
2026/05/10(日) 14:00 キックオフ,和光大学,5,細谷 倖城,3,DF,90,先発,0,0,0,0,0.0
2026/05/10(日) 14:00 キックオフ,和光大学,6,鈴木 翼,1,DF,90,先発,0,0,0,0,0.0
2026/05/10(日) 14:00 キックオフ,和光大学,8,橋本 創太,2,MF,90,先発,0,3,3,0,0.0
2026/05/10(日) 14:00 キックオフ,和光大学,10,上大川 蓮,2,MF,90,先発,0,0,0,0,0.0
2026/05/10(日) 14:00 キックオフ,和光大学,19,武中 晄樹,1,FW,71,先発,0,0,0,0,0.0
2026/05/10(日) 14:00 キックオフ,和光大学,22,勝又 輝,2,FW,90,先発,1,1,2,0,0.0
2026/05/10(日) 14:00 キックオフ,和光大学,24,愛甲 涼唄,2,DF,90,先発,0,0,0,0,0.0
2026/05/10(日) 14:00 キックオフ,和光大学,27,高橋 莉央,1,MF,90,先発,0,0,0,0,0.0
2026/05/10(日) 14:00 キックオフ,和光大学,30,伊藤 叶音,1,MF,82,先発,0,0,0,0,0.0
2026/05/10(日) 14:00 キックオフ,和光大学,58,郷原 大哉,1,MF,90,先発,0,0,0,0,0.0
2026/05/10(日) 14:00 キックオフ,和光大学,77,末永 大,1,MF,90,先発,0,0,0,0,0.0
2026/05/10(日) 14:00 キックオフ,和光大学,12,山中 主喜,1,FW,8,控え,0,0,0,0,0.0
2026/05/10(日) 14:00 キックオフ,和光大学,15,伊東 洸大,1,DF,19,控え,0,0,0,0,0.0
2026/05/10(日) 14:00 キックオフ,和光大学,16,林 湘太,3,DF,0,控え,0,0,0,0,0.0
2026/05/10(日) 14:30 キックオフ,国際基督教大学,1,金丸　龍馬,3,GK,90,先発,0,0,0,0,0.0
2026/05/10(日) 14:30 キックオフ,国際基督教大学,14,今井　獅優,2,DF,90,先発,0,0,0,0,0.0
2026/05/10(日) 14:30 キックオフ,国際基督教大学,4,益子　瑞基,3,MF,90,先発,0,1,1,0,0.0
2026/05/10(日) 14:30 キックオフ,国際基督教大学,7,川端　遼太郎,1,MF,86,先発,1,1,2,0,0.0
2026/05/10(日) 14:30 キックオフ,国際基督教大学,8,皿澤　狩那,3,MF,46,先発,1,0,1,0,0.0
2026/05/10(日) 14:30 キックオフ,国際基督教大学,10,法亢　咲太朗,3,MF,90,先発,2,2,4,0,0.0
2026/05/10(日) 14:30 キックオフ,国際基督教大学,15,齊藤　大晴,2,MF,34,先発,0,0,0,0,0.0
2026/05/10(日) 14:30 キックオフ,国際基督教大学,17,高橋　孝輔,2,MF,46,先発,1,0,1,0,0.0
2026/05/10(日) 14:30 キックオフ,国際基督教大学,11,川端　晃太郎,2,FW,90,先発,2,3,5,1,20.0
2026/05/10(日) 14:30 キックオフ,国際基督教大学,18,塩田　エルカナ,3,FW,90,先発,0,0,0,0,0.0
2026/05/10(日) 14:30 キックオフ,国際基督教大学,24,松平　雅史,1,FW,90,先発,0,0,0,0,0.0
2026/05/10(日) 14:30 キックオフ,国際基督教大学,23,デジョンケール　マーティンアレクサンドル,3,GK,0,控え,0,0,0,0,0.0
2026/05/10(日) 14:30 キックオフ,国際基督教大学,2,中丸　泰知,3,DF,0,控え,0,0,0,0,0.0
2026/05/10(日) 14:30 キックオフ,国際基督教大学,6,辻本　晴輝,3,DF,44,控え,0,1,1,0,0.0
2026/05/10(日) 14:30 キックオフ,国際基督教大学,13,清野山　侑希,2,MF,0,控え,0,0,0,0,0.0
2026/05/10(日) 14:30 キックオフ,国際基督教大学,21,長谷川　滉,2,MF,56,控え,1,0,1,0,0.0
2026/05/10(日) 14:30 キックオフ,国際基督教大学,22,物江　陸,1,MF,0,控え,0,0,0,0,0.0
2026/05/10(日) 14:30 キックオフ,国際基督教大学,27,細川　大樹,3,MF,4,控え,0,0,0,0,0.0
2026/05/10(日) 14:30 キックオフ,国際基督教大学,9,山脇　幹大,3,FW,44,控え,0,3,3,0,0.0
2026/05/10(日) 14:30 キックオフ,国際基督教大学,20,森　至悠,2,FW,0,控え,0,0,0,0,0.0
2026/05/10(日) 14:30 キックオフ,電気通信大学,31,柳野　秀敏,3,GK,90,先発,0,0,0,0,0.0
2026/05/10(日) 14:30 キックオフ,電気通信大学,24,落合　祐斗,3,DF,90,先発,0,0,0,0,0.0
2026/05/10(日) 14:30 キックオフ,電気通信大学,16,藤澤　拓真,3,DF,90,先発,1,0,1,0,0.0
2026/05/10(日) 14:30 キックオフ,電気通信大学,21,林元　颯大,2,DF,90,先発,1,0,1,0,0.0
2026/05/10(日) 14:30 キックオフ,電気通信大学,27,石川　永真,3,DF,64,先発,1,0,1,1,100.0
2026/05/10(日) 14:30 キックオフ,電気通信大学,11,佐藤　聡汰,4,MF,90,先発,0,0,0,0,0.0
2026/05/10(日) 14:30 キックオフ,電気通信大学,29,栗田　直仁,3,MF,90,先発,1,0,1,0,0.0
2026/05/10(日) 14:30 キックオフ,電気通信大学,18,堀井　太智,2,MF,59,先発,2,0,2,0,0.0
2026/05/10(日) 14:30 キックオフ,電気通信大学,22,高橋　龍生,2,MF,80,先発,3,0,3,0,0.0
2026/05/10(日) 14:30 キックオフ,電気通信大学,14,有光　太朗,2,FW,90,先発,0,0,0,0,0.0
2026/05/10(日) 14:30 キックオフ,電気通信大学,9,市川　寛人,3,FW,90,先発,1,0,1,0,0.0
2026/05/10(日) 14:30 キックオフ,電気通信大学,5,森平　遥大,2,DF,26,控え,0,0,0,0,0.0
2026/05/10(日) 14:30 キックオフ,電気通信大学,6,上村　陽輝,2,DF,0,控え,0,0,0,0,0.0
2026/05/10(日) 14:30 キックオフ,電気通信大学,8,山下　太誠,4,FW,0,控え,0,0,0,0,0.0
2026/05/10(日) 14:30 キックオフ,電気通信大学,13,朝倉 友彩,4,MF,31,控え,0,0,0,0,0.0
2026/05/10(日) 14:30 キックオフ,電気通信大学,25,柏木　祐輝,2,FW,10,控え,0,0,0,0,0.0
2026/05/10(日) 14:30 キックオフ,電気通信大学,26,有村　悠貴,2,FW,0,控え,0,0,0,0,0.0
2026/05/10(日) 14:30 キックオフ,電気通信大学,30,鈴木　千博,3,FW,0,控え,0,0,0,0,0.0
2026/05/10(日) 15:45 キックオフ,東京農工大学,3,丸山　馨矢,3,DF,90,先発,0,0,0,0,0.0
2026/05/10(日) 15:45 キックオフ,東京農工大学,5,入江　優大,3,MF,90,先発,2,4,6,0,0.0
2026/05/10(日) 15:45 キックオフ,東京農工大学,7,山田　大喜,3,MF,90,先発,0,0,0,0,0.0
2026/05/10(日) 15:45 キックオフ,東京農工大学,9,西村　政信,2,DF,90,先発,0,1,1,0,0.0
2026/05/10(日) 15:45 キックオフ,東京農工大学,10,大野　晃世,3,FW,90,先発,1,0,1,0,0.0
2026/05/10(日) 15:45 キックオフ,東京農工大学,11,植竹　優大,3,FW,90,先発,0,2,2,0,0.0
2026/05/10(日) 15:45 キックオフ,東京農工大学,15,布施　諒大,2,MF,90,先発,0,0,0,0,0.0
2026/05/10(日) 15:45 キックオフ,東京農工大学,16,長井　琉冴,2,FW,90,先発,0,0,0,0,0.0
2026/05/10(日) 15:45 キックオフ,東京農工大学,17,髙垣　登希生,2,MF,90,先発,0,0,0,0,0.0
2026/05/10(日) 15:45 キックオフ,東京農工大学,22,赤尾　勘太郎,3,DF,45,先発,0,0,0,0,0.0
2026/05/10(日) 15:45 キックオフ,東京農工大学,23,西川　桜冴,2,DF,90,先発,0,0,0,0,0.0
2026/05/10(日) 15:45 キックオフ,東京農工大学,21,柴田　廉士,2,DF,45,控え,0,0,0,0,0.0
2026/05/10(日) 15:45 キックオフ,東京農工大学,24,坂口　大和,3,FW,0,控え,0,0,0,0,0.0
2026/05/10(日) 15:45 キックオフ,武蔵野大学,27,小杉 太一,4,GK,90,先発,0,0,0,0,0.0
2026/05/10(日) 15:45 キックオフ,武蔵野大学,37,嶋根 友太,4,MF,90,先発,1,0,1,0,0.0
2026/05/10(日) 15:45 キックオフ,武蔵野大学,3,澤中 颯汰,4,DF,90,先発,0,0,0,0,0.0
2026/05/10(日) 15:45 キックオフ,武蔵野大学,7,柵木 駿飛,2,FW,79,先発,1,1,2,0,0.0
2026/05/10(日) 15:45 キックオフ,武蔵野大学,11,菊地 伶王,3,MF,90,先発,3,2,5,1,20.0
2026/05/10(日) 15:45 キックオフ,武蔵野大学,16,奥田 羚,4,MF,59,先発,0,0,0,0,0.0
2026/05/10(日) 15:45 キックオフ,武蔵野大学,20,渡邉 充輝,2,FW,67,先発,2,0,2,0,0.0
2026/05/10(日) 15:45 キックオフ,武蔵野大学,23,須藤 柊吾,4,FW,59,先発,2,0,2,0,0.0
2026/05/10(日) 15:45 キックオフ,武蔵野大学,29,石井 郁也,2,DF,90,先発,0,1,1,0,0.0
2026/05/10(日) 15:45 キックオフ,武蔵野大学,38,高瀬 快斗,3,DF,90,先発,0,0,0,0,0.0
2026/05/10(日) 15:45 キックオフ,武蔵野大学,46,駒 廉吾,3,FW,59,先発,2,0,2,0,0.0
2026/05/10(日) 15:45 キックオフ,武蔵野大学,1,有澤　大心,1,GK,0,控え,0,0,0,0,0.0
2026/05/10(日) 15:45 キックオフ,武蔵野大学,8,假谷 駿翔,3,MF,31,控え,0,2,2,1,50.0
2026/05/10(日) 15:45 キックオフ,武蔵野大学,9,佐藤 春斗,2,FW,31,控え,0,1,1,0,0.0
2026/05/10(日) 15:45 キックオフ,武蔵野大学,13,徳田　凜大,1,FW,23,控え,0,0,0,0,0.0
2026/05/10(日) 15:45 キックオフ,武蔵野大学,14,杉崎　唯人,1,MF,11,控え,0,0,0,0,0.0
2026/05/10(日) 15:45 キックオフ,武蔵野大学,32,落合 侃太,4,MF,31,控え,0,0,0,0,0.0
2026/05/10(日) 15:45 キックオフ,武蔵野大学,33,恩河 真生,3,DF,0,控え,0,0,0,0,0.0
2026/05/10(日) 15:45 キックオフ,武蔵野大学,35,丹保 彪麻,3,DF,0,控え,0,0,0,0,0.0
2026/05/10(日) 15:45 キックオフ,武蔵野大学,88,澤田 陸希,4,DF,0,控え,0,0,0,0,0.0
2026/05/16(土) 17:00 キックオフ,武蔵野大学,3,澤中 颯汰,4,DF,90,先発,0,1,1,0,0.0
2026/05/16(土) 17:00 キックオフ,武蔵野大学,7,柵木 駿飛,2,FW,75,先発,0,1,1,0,0.0
2026/05/16(土) 17:00 キックオフ,武蔵野大学,11,菊地 伶王,3,MF,90,先発,2,2,4,0,0.0
2026/05/16(土) 17:00 キックオフ,武蔵野大学,16,奥田 羚,4,MF,45,先発,0,0,0,0,0.0
2026/05/16(土) 17:00 キックオフ,武蔵野大学,27,小杉 太一,4,GK,90,先発,0,0,0,0,0.0
2026/05/16(土) 17:00 キックオフ,武蔵野大学,29,石井 郁也,2,DF,90,先発,0,0,0,0,0.0
2026/05/16(土) 17:00 キックオフ,武蔵野大学,32,落合 侃太,4,MF,75,先発,0,2,2,0,0.0
2026/05/16(土) 17:00 キックオフ,武蔵野大学,37,嶋根 友太,4,MF,90,先発,1,0,1,0,0.0
2026/05/16(土) 17:00 キックオフ,武蔵野大学,38,高瀬 快斗,3,DF,90,先発,0,1,1,0,0.0
2026/05/16(土) 17:00 キックオフ,武蔵野大学,46,駒 廉吾,3,FW,45,先発,2,0,2,0,0.0
2026/05/16(土) 17:00 キックオフ,武蔵野大学,88,澤田 陸希,4,DF,65,先発,1,0,1,0,0.0
2026/05/16(土) 17:00 キックオフ,武蔵野大学,1,有澤　大心,1,GK,0,控え,0,0,0,0,0.0
2026/05/16(土) 17:00 キックオフ,武蔵野大学,5,廣江 祐星,3,DF,0,控え,0,0,0,0,0.0
2026/05/16(土) 17:00 キックオフ,武蔵野大学,8,假谷 駿翔,3,MF,25,控え,0,1,1,0,0.0
2026/05/16(土) 17:00 キックオフ,武蔵野大学,9,佐藤 春斗,2,FW,45,控え,0,1,1,0,0.0
2026/05/16(土) 17:00 キックオフ,武蔵野大学,10,米山 拓真,2,FW,0,控え,0,0,0,0,0.0
2026/05/16(土) 17:00 キックオフ,武蔵野大学,20,渡邉 充輝,2,FW,15,控え,0,0,0,0,0.0
2026/05/16(土) 17:00 キックオフ,武蔵野大学,23,須藤 柊吾,4,FW,15,控え,0,1,1,0,0.0
2026/05/16(土) 17:00 キックオフ,武蔵野大学,33,恩河 真生,3,DF,0,控え,0,0,0,0,0.0
2026/05/16(土) 17:00 キックオフ,武蔵野大学,47,宮谷 友大,4,DF,45,控え,0,1,1,0,0.0
2026/05/16(土) 17:00 キックオフ,都留文科大学,2,山本　知寛,4,DF,88,先発,0,0,0,0,0.0
2026/05/16(土) 17:00 キックオフ,都留文科大学,6,河本　慎太郎,1,DF,90,先発,0,0,0,0,0.0
2026/05/16(土) 17:00 キックオフ,都留文科大学,7,立川　涼,3,FW,86,先発,2,1,3,1,33.3
2026/05/16(土) 17:00 キックオフ,都留文科大学,10,本部　響希,2,DF,90,先発,2,0,2,0,0.0
2026/05/16(土) 17:00 キックオフ,都留文科大学,11,川島　響介,3,MF,90,先発,0,0,0,0,0.0
2026/05/16(土) 17:00 キックオフ,都留文科大学,19,和智　零士,1,MF,90,先発,1,0,1,0,0.0
2026/05/16(土) 17:00 キックオフ,都留文科大学,21,鈴木　蒼空,2,MF,71,先発,0,1,1,0,0.0
2026/05/16(土) 17:00 キックオフ,都留文科大学,22,吉田　篤翔,2,DF,37,先発,0,0,0,0,0.0
2026/05/16(土) 17:00 キックオフ,都留文科大学,23,櫻井　奏人,4,DF,90,先発,0,0,0,0,0.0
2026/05/16(土) 17:00 キックオフ,都留文科大学,41,村上　陸,2,GK,90,先発,0,0,0,0,0.0
2026/05/16(土) 17:00 キックオフ,都留文科大学,77,前田　千夏,2,MF,90,先発,1,1,2,1,50.0
2026/05/16(土) 17:00 キックオフ,都留文科大学,1,濱邊　彗杏,3,GK,0,控え,0,0,0,0,0.0
2026/05/16(土) 17:00 キックオフ,都留文科大学,3,武富　羽琉,2,DF,0,控え,0,0,0,0,0.0
2026/05/16(土) 17:00 キックオフ,都留文科大学,4,神崎　耶音,4,MF,19,控え,0,0,0,0,0.0
2026/05/16(土) 17:00 キックオフ,都留文科大学,5,佐々木　洸,3,DF,0,控え,0,0,0,0,0.0
2026/05/16(土) 17:00 キックオフ,都留文科大学,8,清　史琉,1,DF,53,控え,0,0,0,0,0.0
2026/05/16(土) 17:00 キックオフ,都留文科大学,14,須田　翔斗,1,FW,4,控え,0,0,0,0,0.0
2026/05/16(土) 17:00 キックオフ,都留文科大学,39,武藤　瑞生,1,FW,2,控え,0,0,0,0,0.0
2026/05/16(土) 17:00 キックオフ,都留文科大学,42,青木　蓮太郎,4,GK,0,控え,0,0,0,0,0.0
2026/05/16(土) 17:00 キックオフ,都留文科大学,99,岡本　祥希,1,DF,0,控え,0,0,0,0,0.0
2026/05/17(日) 10:00 キックオフ,和光大学,3,髙橋 昌宏,2,DF,90,先発,0,0,0,0,0.0
2026/05/17(日) 10:00 キックオフ,和光大学,5,細谷 倖城,3,DF,90,先発,0,0,0,0,0.0
2026/05/17(日) 10:00 キックオフ,和光大学,6,鈴木 翼,1,DF,90,先発,0,0,0,0,0.0
2026/05/17(日) 10:00 キックオフ,和光大学,10,上大川 蓮,2,MF,90,先発,2,0,2,0,0.0
2026/05/17(日) 10:00 キックオフ,和光大学,13,小口 凜久,1,FW,75,先発,2,0,2,0,0.0
2026/05/17(日) 10:00 キックオフ,和光大学,15,伊東 洸大,1,DF,90,先発,0,0,0,0,0.0
2026/05/17(日) 10:00 キックオフ,和光大学,21,種茂 倖太,3,GK,90,先発,0,0,0,0,0.0
2026/05/17(日) 10:00 キックオフ,和光大学,22,勝又 輝,2,FW,90,先発,0,4,4,2,50.0
2026/05/17(日) 10:00 キックオフ,和光大学,27,高橋 莉央,1,MF,90,先発,0,0,0,0,0.0
2026/05/17(日) 10:00 キックオフ,和光大学,30,伊藤 叶音,1,MF,90,先発,0,0,0,0,0.0
2026/05/17(日) 10:00 キックオフ,和光大学,77,末永 大,1,MF,90,先発,0,1,1,0,0.0
2026/05/17(日) 10:00 キックオフ,和光大学,7,小串 琢斗,2,MF,0,控え,0,0,0,0,0.0
2026/05/17(日) 10:00 キックオフ,和光大学,16,林 湘太,3,DF,0,控え,0,0,0,0,0.0
2026/05/17(日) 10:00 キックオフ,和光大学,19,武中 晄樹,1,FW,15,控え,0,0,0,0,0.0
2026/05/17(日) 10:00 キックオフ,和光大学,24,愛甲 涼唄,2,DF,0,控え,0,0,0,0,0.0
2026/05/17(日) 10:00 キックオフ,北里大学,1,瀬尾　陽輔,2,GK,90,先発,0,0,0,0,0.0
2026/05/17(日) 10:00 キックオフ,北里大学,3,中村　仁,2,DF,90,先発,1,0,1,0,0.0
2026/05/17(日) 10:00 キックオフ,北里大学,4,河合 蓮,3,DF,71,先発,0,0,0,0,0.0
2026/05/17(日) 10:00 キックオフ,北里大学,5,杉本　梨央,2,MF,90,先発,0,0,0,0,0.0
2026/05/17(日) 10:00 キックオフ,北里大学,6,深田　泰斗,2,MF,90,先発,0,2,2,0,0.0
2026/05/17(日) 10:00 キックオフ,北里大学,7,北島　大靖,2,MF,90,先発,1,0,1,0,0.0
2026/05/17(日) 10:00 キックオフ,北里大学,14,根岸　清也,2,MF,87,先発,1,1,2,0,0.0
2026/05/17(日) 10:00 キックオフ,北里大学,17,北條　孝徳,2,FW,66,先発,1,0,1,0,0.0
2026/05/17(日) 10:00 キックオフ,北里大学,18,内野　翔羽,2,MF,90,先発,1,0,1,0,0.0
2026/05/17(日) 10:00 キックオフ,北里大学,19,小野 嘉永都,3,DF,90,先発,1,1,2,1,50.0
2026/05/17(日) 10:00 キックオフ,北里大学,20,坂内 瑞希,3,DF,90,先発,0,1,1,0,0.0
2026/05/17(日) 10:00 キックオフ,北里大学,2,空本 和真,3,DF,19,控え,0,0,0,0,0.0
2026/05/17(日) 10:00 キックオフ,北里大学,8,鈴木　康生,2,MF,0,控え,0,0,0,0,0.0
2026/05/17(日) 10:00 キックオフ,北里大学,9,金坂　優飛,2,FW,24,控え,0,2,2,0,0.0
2026/05/17(日) 10:00 キックオフ,北里大学,12,町口　巧,2,GK,0,控え,0,0,0,0,0.0
2026/05/17(日) 10:00 キックオフ,北里大学,13,村上　俊太郎,2,MF,3,控え,0,1,1,0,0.0
2026/05/17(日) 11:00 キックオフ,工学院大学,46,加藤　旭陽,4,GK,90,先発,0,0,0,0,0.0
2026/05/17(日) 11:00 キックオフ,工学院大学,4,沼野　碧葉,2,DF,90,先発,0,0,0,0,0.0
2026/05/17(日) 11:00 キックオフ,工学院大学,5,小林　優翔,3,DF,90,先発,0,0,0,0,0.0
2026/05/17(日) 11:00 キックオフ,工学院大学,23,後藤　柚希,3,DF,90,先発,0,1,1,0,0.0
2026/05/17(日) 11:00 キックオフ,工学院大学,6,芝　陸斗,3,MF,90,先発,0,2,2,0,0.0
2026/05/17(日) 11:00 キックオフ,工学院大学,7,大塚　東翔,3,MF,90,先発,0,1,1,1,100.0
2026/05/17(日) 11:00 キックオフ,工学院大学,8,伊東　幹太,2,MF,77,先発,0,1,1,0,0.0
2026/05/17(日) 11:00 キックオフ,工学院大学,10,樋本　杷瑠,3,MF,73,先発,0,1,1,2,200.0
2026/05/17(日) 11:00 キックオフ,工学院大学,11,大海　太輔,3,MF,58,先発,0,0,0,1,0.0
2026/05/17(日) 11:00 キックオフ,工学院大学,24,菊地　健,3,MF,45,先発,0,0,0,0,0.0
2026/05/17(日) 11:00 キックオフ,工学院大学,45,鈴木　伶,3,MF,73,先発,0,2,2,0,0.0
2026/05/17(日) 11:00 キックオフ,工学院大学,2,吉原　龍之介,3,DF,0,控え,0,0,0,0,0.0
2026/05/17(日) 11:00 キックオフ,工学院大学,15,塩入　大寿,不明,DF,0,控え,0,0,0,0,0.0
2026/05/17(日) 11:00 キックオフ,工学院大学,21,非浦　海大,3,DF,0,控え,0,0,0,0,0.0
2026/05/17(日) 11:00 キックオフ,工学院大学,14,吉田　陽,3,MF,45,控え,0,0,0,0,0.0
2026/05/17(日) 11:00 キックオフ,工学院大学,17,野村　慶太,3,MF,17,控え,0,0,0,0,0.0
2026/05/17(日) 11:00 キックオフ,工学院大学,39,山本　荘志,1,MF,13,控え,0,0,0,0,0.0
2026/05/17(日) 11:00 キックオフ,工学院大学,40,市川　航,1,MF,32,控え,0,0,0,0,0.0
2026/05/17(日) 11:00 キックオフ,工学院大学,18,髙瀬　快周,2,FW,0,控え,0,0,0,0,0.0
2026/05/17(日) 11:00 キックオフ,工学院大学,20,馬場　匠吾,3,FW,17,控え,0,1,1,1,100.0
2026/05/17(日) 11:00 キックオフ,東京農工大学,9,西村　政信,2,DF,90,先発,0,0,0,0,0.0
2026/05/17(日) 11:00 キックオフ,東京農工大学,12,影山　剛,3,GK,90,先発,0,0,0,0,0.0
2026/05/17(日) 11:00 キックオフ,東京農工大学,18,安藤　尊琉,1,DF,87,先発,0,0,0,0,0.0
2026/05/17(日) 11:00 キックオフ,東京農工大学,21,柴田　廉士,2,DF,48,先発,0,0,0,0,0.0
2026/05/17(日) 11:00 キックオフ,東京農工大学,23,西川　桜冴,2,DF,90,先発,0,0,0,0,0.0
2026/05/17(日) 11:00 キックオフ,東京農工大学,14,中山　千尋,2,MF,90,先発,0,0,0,0,0.0
2026/05/17(日) 11:00 キックオフ,東京農工大学,17,髙垣　登希生,2,MF,77,先発,0,0,0,0,0.0
2026/05/17(日) 11:00 キックオフ,東京農工大学,29,保井　伶太,1,MF,87,先発,0,0,0,0,0.0
2026/05/17(日) 11:00 キックオフ,東京農工大学,10,大野　晃世,3,FW,90,先発,0,0,0,0,0.0
2026/05/17(日) 11:00 キックオフ,東京農工大学,13,寒川　海,1,FW,82,先発,0,0,0,0,0.0
2026/05/17(日) 11:00 キックオフ,東京農工大学,16,長井　琉冴,2,FW,90,先発,0,1,1,0,0.0
2026/05/17(日) 11:00 キックオフ,東京農工大学,2,佐々木　湧音,1,DF,3,控え,0,0,0,0,0.0
2026/05/17(日) 11:00 キックオフ,東京農工大学,3,丸山　馨矢,3,DF,42,控え,0,0,0,0,0.0
2026/05/17(日) 11:00 キックオフ,東京農工大学,6,生田　楽,1,MF,3,控え,0,0,0,0,0.0
2026/05/17(日) 11:00 キックオフ,東京農工大学,15,布施　諒大,2,MF,13,控え,0,0,0,0,0.0
2026/05/17(日) 11:00 キックオフ,東京農工大学,24,坂口　大和,3,FW,8,控え,0,0,0,0,0.0
2026/05/17(日) 11:30 キックオフ,東京都市大学,3,三枝　昇吾,2,DF,90,先発,0,0,0,0,0.0
2026/05/17(日) 11:30 キックオフ,東京都市大学,7,高木　風輝,4,MF,90,先発,1,1,2,0,0.0
2026/05/17(日) 11:30 キックオフ,東京都市大学,10,田口　二康,3,MF,90,先発,4,0,4,0,0.0
2026/05/17(日) 11:30 キックオフ,東京都市大学,12,岩永　碧,1,MF,72,先発,1,0,1,0,0.0
2026/05/17(日) 11:30 キックオフ,東京都市大学,15,菅原　蒼生,4,DF,88,先発,0,1,1,0,0.0
2026/05/17(日) 11:30 キックオフ,東京都市大学,21,近　一輝,2,MF,54,先発,0,0,0,0,0.0
2026/05/17(日) 11:30 キックオフ,東京都市大学,24,深澤　巧樹,2,FW,41,先発,0,0,0,0,0.0
2026/05/17(日) 11:30 キックオフ,東京都市大学,26,時枝　佑太郎,3,MF,90,先発,0,1,1,0,0.0
2026/05/17(日) 11:30 キックオフ,東京都市大学,29,梅原　　一真,2,DF,90,先発,0,0,0,0,0.0
2026/05/17(日) 11:30 キックオフ,東京都市大学,41,下迫　璃玖,2,GK,90,先発,0,0,0,0,0.0
2026/05/17(日) 11:30 キックオフ,東京都市大学,72,友成　志道,2,MF,90,先発,0,0,0,0,0.0
2026/05/17(日) 11:30 キックオフ,東京都市大学,1,山本　絢太,3,GK,0,控え,0,0,0,0,0.0
2026/05/17(日) 11:30 キックオフ,東京都市大学,2,伊藤　晃大,2,DF,0,控え,0,0,0,0,0.0
2026/05/17(日) 11:30 キックオフ,東京都市大学,4,阿部　純太,3,DF,18,控え,0,0,0,0,0.0
2026/05/17(日) 11:30 キックオフ,東京都市大学,8,芹沢　朔太郎,3,FW,2,控え,0,0,0,0,0.0
2026/05/17(日) 11:30 キックオフ,東京都市大学,11,青木　春翔,2,FW,49,控え,0,0,0,0,0.0
2026/05/17(日) 11:30 キックオフ,東京都市大学,20,小畑　壱蕗,2,FW,36,控え,0,0,0,0,0.0
2026/05/17(日) 11:30 キックオフ,東京科学大学,1,中野　陽介,4,GK,90,先発,0,0,0,0,0.0
2026/05/17(日) 11:30 キックオフ,東京科学大学,4,宮本　空,4,DF,90,先発,0,1,1,0,0.0
2026/05/17(日) 11:30 キックオフ,東京科学大学,5,末木　孝幸,4,DF,97,先発,0,0,0,0,0.0
2026/05/17(日) 11:30 キックオフ,東京科学大学,9,高篠　悠太,4,MF,97,先発,2,2,4,1,25.0
2026/05/17(日) 11:30 キックオフ,東京科学大学,10,木村　淳之介,3,MF,90,先発,3,4,7,0,0.0
2026/05/17(日) 11:30 キックオフ,東京科学大学,16,山中　翔悟,2,FW,85,先発,3,0,3,0,0.0
2026/05/17(日) 11:30 キックオフ,東京科学大学,17,原田　航太,2,MF,90,先発,1,2,3,0,0.0
2026/05/17(日) 11:30 キックオフ,東京科学大学,27,島村　泰輝,3,DF,90,先発,0,1,1,0,0.0
2026/05/17(日) 11:30 キックオフ,東京科学大学,38,亀田　怜大,4,DF,90,先発,0,0,0,0,0.0
2026/05/17(日) 11:30 キックオフ,東京科学大学,77,田口　晴大,2,FW,90,先発,0,3,3,0,0.0
2026/05/17(日) 11:30 キックオフ,東京科学大学,95,小林　和楽,2,MF,90,先発,1,0,1,0,0.0
2026/05/17(日) 11:30 キックオフ,東京科学大学,12,半田　紘佑,3,FW,0,控え,0,0,0,0,0.0
2026/05/17(日) 11:30 キックオフ,東京科学大学,15,安藤　晃大,4,MF,5,控え,0,1,1,0,0.0
2026/05/17(日) 11:30 キックオフ,東京科学大学,18,土田　奏人,3,DF,0,控え,0,0,0,0,0.0
2026/05/17(日) 11:30 キックオフ,東京科学大学,21,田中　碧太,3,MF,0,控え,0,0,0,0,0.0
2026/05/17(日) 11:30 キックオフ,東京科学大学,30,渡邉　孔生,3,DF,0,控え,0,0,0,0,0.0
2026/05/17(日) 11:30 キックオフ,東京科学大学,31,加茂　治樹,3,GK,0,控え,0,0,0,0,0.0
2026/05/17(日) 11:30 キックオフ,東京科学大学,33,斉藤　幹,4,FW,0,控え,0,0,0,0,0.0
2026/05/17(日) 11:30 キックオフ,東京科学大学,35,星川　航祐,2,DF,0,控え,0,0,0,0,0.0
2026/05/17(日) 11:30 キックオフ,東京科学大学,51,村井　杏介,3,MF,0,控え,0,0,0,0,0.0
2026/05/17(日) 13:00 キックオフ,電気通信大学,5,森平　遥大,2,DF,65,先発,0,0,0,0,0.0
2026/05/17(日) 13:00 キックオフ,電気通信大学,9,市川　寛人,3,FW,90,先発,1,2,3,2,66.7
2026/05/17(日) 13:00 キックオフ,電気通信大学,11,佐藤　聡汰,4,MF,90,先発,0,0,0,0,0.0
2026/05/17(日) 13:00 キックオフ,電気通信大学,14,有光　太朗,2,FW,90,先発,0,3,3,0,0.0
2026/05/17(日) 13:00 キックオフ,電気通信大学,16,藤澤　拓真,3,DF,90,先発,0,0,0,0,0.0
2026/05/17(日) 13:00 キックオフ,電気通信大学,21,林元　颯大,2,DF,90,先発,0,0,0,0,0.0
2026/05/17(日) 13:00 キックオフ,電気通信大学,22,高橋　龍生,2,MF,90,先発,0,0,0,0,0.0
2026/05/17(日) 13:00 キックオフ,電気通信大学,24,落合　祐斗,3,DF,90,先発,0,1,1,0,0.0
2026/05/17(日) 13:00 キックオフ,電気通信大学,25,柏木　祐輝,2,FW,57,先発,0,0,0,0,0.0
2026/05/17(日) 13:00 キックオフ,電気通信大学,29,栗田　直仁,3,MF,83,先発,0,0,0,0,0.0
2026/05/17(日) 13:00 キックオフ,電気通信大学,31,柳野　秀敏,3,GK,90,先発,0,0,0,0,0.0
2026/05/17(日) 13:00 キックオフ,電気通信大学,8,山下　太誠,4,FW,0,控え,0,0,0,0,0.0
2026/05/17(日) 13:00 キックオフ,電気通信大学,10,坂庭　輝,1,MF,33,控え,0,0,0,0,0.0
2026/05/17(日) 13:00 キックオフ,電気通信大学,13,朝倉 友彩,4,MF,0,控え,0,0,0,0,0.0
2026/05/17(日) 13:00 キックオフ,電気通信大学,15,羽広　碧,1,DF,25,控え,0,0,0,0,0.0
2026/05/17(日) 13:00 キックオフ,電気通信大学,18,堀井　太智,2,MF,0,控え,0,0,0,0,0.0
2026/05/17(日) 13:00 キックオフ,電気通信大学,19,長谷川　奏,2,MF,7,控え,0,0,0,0,0.0
2026/05/17(日) 13:00 キックオフ,電気通信大学,20,姫井　奏,2,DF,0,控え,0,0,0,0,0.0
2026/05/17(日) 13:00 キックオフ,電気通信大学,26,有村　悠貴,2,FW,0,控え,0,0,0,0,0.0
2026/05/17(日) 13:00 キックオフ,電気通信大学,30,鈴木　千博,3,FW,0,控え,0,0,0,0,0.0
2026/05/17(日) 13:00 キックオフ,横浜市立大学（神奈川県）,3,加藤　真流斗,4,MF,90,先発,1,0,1,0,0.0
2026/05/17(日) 13:00 キックオフ,横浜市立大学（神奈川県）,5,鈴木　和真,2,DF,78,先発,0,1,1,0,0.0
2026/05/17(日) 13:00 キックオフ,横浜市立大学（神奈川県）,7,放崎　　結生,3,FW,90,先発,1,1,2,2,100.0
2026/05/17(日) 13:00 キックオフ,横浜市立大学（神奈川県）,8,宮越　葵,2,FW,75,先発,0,0,0,0,0.0
2026/05/17(日) 13:00 キックオフ,横浜市立大学（神奈川県）,15,ディンデッリ　ラポ,2,DF,90,先発,0,0,0,0,0.0
2026/05/17(日) 13:00 キックオフ,横浜市立大学（神奈川県）,18,東　力也,2,MF,61,先発,0,0,0,0,0.0
2026/05/17(日) 13:00 キックオフ,横浜市立大学（神奈川県）,20,佐藤　陽人,2,DF,45,先発,1,0,1,0,0.0
2026/05/17(日) 13:00 キックオフ,横浜市立大学（神奈川県）,22,小山　泰李,3,MF,90,先発,1,0,1,0,0.0
2026/05/17(日) 13:00 キックオフ,横浜市立大学（神奈川県）,31,中村　　旭陽,3,GK,90,先発,0,0,0,0,0.0
2026/05/17(日) 13:00 キックオフ,横浜市立大学（神奈川県）,33,横田　　智風,3,DF,90,先発,0,0,0,0,0.0
2026/05/17(日) 13:00 キックオフ,横浜市立大学（神奈川県）,34,武富　翔正,2,MF,45,先発,0,0,0,0,0.0
2026/05/17(日) 13:00 キックオフ,横浜市立大学（神奈川県）,4,峯村　哲平,3,DF,12,控え,0,0,0,0,0.0
2026/05/17(日) 13:00 キックオフ,横浜市立大学（神奈川県）,9,清沢　翼,3,FW,45,控え,0,0,0,0,0.0
2026/05/17(日) 13:00 キックオフ,横浜市立大学（神奈川県）,11,錦戸　寛人,3,FW,29,控え,0,0,0,0,0.0
2026/05/17(日) 13:00 キックオフ,横浜市立大学（神奈川県）,12,上原　宗賢,2,FW,15,控え,0,0,0,0,0.0
2026/05/17(日) 13:00 キックオフ,横浜市立大学（神奈川県）,13,小林　琉,3,FW,45,控え,0,0,0,0,0.0
2026/05/17(日) 13:00 キックオフ,横浜市立大学（神奈川県）,17,堀内　成,3,FW,0,控え,0,0,0,0,0.0
2026/05/17(日) 13:00 キックオフ,横浜市立大学（神奈川県）,19,和光　律紀,2,FW,0,控え,0,0,0,0,0.0
2026/05/17(日) 13:00 キックオフ,横浜市立大学（神奈川県）,21,チャーイ　陽斗,2,GK,0,控え,0,0,0,0,0.0
2026/05/17(日) 13:00 キックオフ,横浜市立大学（神奈川県）,24,若林　周祐,2,MF,0,控え,0,0,0,0,0.0
2026/05/17(日) 13:00 キックオフ,東京外国語大学,4,小野　琉智,3,MF,81,先発,0,0,0,0,0.0
2026/05/17(日) 13:00 キックオフ,東京外国語大学,5,樋口　翼,2,DF,90,先発,0,0,0,0,0.0
2026/05/17(日) 13:00 キックオフ,東京外国語大学,7,長野　海星,3,FW,90,先発,2,2,4,0,0.0
2026/05/17(日) 13:00 キックオフ,東京外国語大学,8,江藤　弘太,2,MF,90,先発,1,1,2,1,50.0
2026/05/17(日) 13:00 キックオフ,東京外国語大学,10,則本　雄大,3,MF,90,先発,2,1,3,1,33.3
2026/05/17(日) 13:00 キックオフ,東京外国語大学,11,依田　理人,2,MF,70,先発,1,1,2,0,0.0
2026/05/17(日) 13:00 キックオフ,東京外国語大学,18,高橋　航希,4,FW,90,先発,0,0,0,1,0.0
2026/05/17(日) 13:00 キックオフ,東京外国語大学,22,刑部　諒真,3,DF,70,先発,0,0,0,0,0.0
2026/05/17(日) 13:00 キックオフ,東京外国語大学,25,池田　怜生,3,DF,89,先発,0,0,0,0,0.0
2026/05/17(日) 13:00 キックオフ,東京外国語大学,34,大津　怜,2,DF,77,先発,0,0,0,0,0.0
2026/05/17(日) 13:00 キックオフ,東京外国語大学,52,ベント莉音　エドワード,2,GK,90,先発,0,0,0,0,0.0
2026/05/17(日) 13:00 キックオフ,東京外国語大学,1,山田　真慧,1,GK,0,控え,0,0,0,0,0.0
2026/05/17(日) 13:00 キックオフ,東京外国語大学,2,増山　滉士,3,DF,20,控え,0,0,0,0,0.0
2026/05/17(日) 13:00 キックオフ,東京外国語大学,6,金指　拓海,3,MF,0,控え,0,0,0,0,0.0
2026/05/17(日) 13:00 キックオフ,東京外国語大学,9,小田　凱,2,FW,1,控え,0,0,0,0,0.0
2026/05/17(日) 13:00 キックオフ,東京外国語大学,13,福田　卓矢,4,FW,20,控え,0,0,0,0,0.0
2026/05/17(日) 13:00 キックオフ,東京外国語大学,19,大久保　智貴,3,FW,0,控え,0,0,0,0,0.0
2026/05/17(日) 13:00 キックオフ,東京外国語大学,23,高橋　翔,4,MF,13,控え,0,0,0,0,0.0
2026/05/17(日) 13:00 キックオフ,東京外国語大学,30,島崎　凛太郎,1,MF,0,控え,0,0,0,0,0.0
2026/05/17(日) 13:00 キックオフ,東京外国語大学,47,杉浦　裕祐,1,MF,9,控え,0,0,0,0,0.0
2026/05/17(日) 13:00 キックオフ,国際基督教大学,1,金丸　龍馬,3,GK,90,先発,0,0,0,0,0.0
2026/05/17(日) 13:00 キックオフ,国際基督教大学,4,益子　瑞基,3,MF,90,先発,1,0,1,0,0.0
2026/05/17(日) 13:00 キックオフ,国際基督教大学,6,辻本　晴輝,3,DF,90,先発,0,0,0,0,0.0
2026/05/17(日) 13:00 キックオフ,国際基督教大学,7,川端　遼太郎,1,MF,81,先発,1,0,1,0,0.0
2026/05/17(日) 13:00 キックオフ,国際基督教大学,9,山脇　幹大,3,FW,59,先発,0,0,0,0,0.0
2026/05/17(日) 13:00 キックオフ,国際基督教大学,10,法亢　咲太朗,3,MF,90,先発,0,0,0,0,0.0
2026/05/17(日) 13:00 キックオフ,国際基督教大学,11,川端　晃太郎,2,FW,90,先発,2,1,3,3,100.0
2026/05/17(日) 13:00 キックオフ,国際基督教大学,14,今井　獅優,2,DF,90,先発,0,0,0,0,0.0
2026/05/17(日) 13:00 キックオフ,国際基督教大学,17,高橋　孝輔,2,MF,89,先発,0,0,0,0,0.0
2026/05/17(日) 13:00 キックオフ,国際基督教大学,18,塩田　エルカナ,3,FW,90,先発,0,0,0,0,0.0
2026/05/17(日) 13:00 キックオフ,国際基督教大学,24,松平　雅史,1,FW,55,先発,0,1,1,0,0.0
2026/05/17(日) 13:00 キックオフ,国際基督教大学,2,中丸　泰知,3,DF,1,控え,0,0,0,0,0.0
2026/05/17(日) 13:00 キックオフ,国際基督教大学,8,皿澤　狩那,3,MF,31,控え,0,0,0,1,0.0
2026/05/17(日) 13:00 キックオフ,国際基督教大学,13,清野山　侑希,2,MF,0,控え,0,0,0,0,0.0
2026/05/17(日) 13:00 キックオフ,国際基督教大学,15,齊藤　大晴,2,MF,9,控え,0,0,0,0,0.0
2026/05/17(日) 13:00 キックオフ,国際基督教大学,21,長谷川　滉,2,MF,35,控え,0,0,0,0,0.0
2026/05/17(日) 13:00 キックオフ,国際基督教大学,22,物江　陸,1,MF,0,控え,0,0,0,0,0.0
2026/05/17(日) 13:00 キックオフ,国際基督教大学,23,デジョンケール　マーティンアレクサンドル,3,GK,0,控え,0,0,0,0,0.0
2026/05/17(日) 13:00 キックオフ,国際基督教大学,27,細川　大樹,3,MF,0,控え,0,0,0,0,0.0
2026/05/17(日) 13:00 キックオフ,国際基督教大学,28,アレン　健クライブ,3,MF,0,控え,0,0,0,0,0.0
2026/05/17(日) 14:30 キックオフ,日本大学生物資源科学部,5,山田 藍良,3,DF,79,先発,0,0,0,0,0.0
2026/05/17(日) 14:30 キックオフ,日本大学生物資源科学部,6,石塚 南琉,4,DF,90,先発,0,1,1,0,0.0
2026/05/17(日) 14:30 キックオフ,日本大学生物資源科学部,8,濱崎 新大,3,MF,90,先発,4,4,8,2,25.0
2026/05/17(日) 14:30 キックオフ,日本大学生物資源科学部,9,齋藤 快叶,3,FW,74,先発,3,4,7,4,57.1
2026/05/17(日) 14:30 キックオフ,日本大学生物資源科学部,10,都留 佑斗,4,MF,90,先発,1,3,4,3,75.0
2026/05/17(日) 14:30 キックオフ,日本大学生物資源科学部,14,関 寧央,3,MF,90,先発,1,1,2,1,50.0
2026/05/17(日) 14:30 キックオフ,日本大学生物資源科学部,15,今出 遼太,2,MF,61,先発,4,0,4,2,50.0
2026/05/17(日) 14:30 キックオフ,日本大学生物資源科学部,17,小林 琉云,2,MF,90,先発,1,2,3,0,0.0
2026/05/17(日) 14:30 キックオフ,日本大学生物資源科学部,19,加瀬 広河,3,MF,74,先発,4,2,6,4,66.7
2026/05/17(日) 14:30 キックオフ,日本大学生物資源科学部,21,妻木 湧,3,GK,90,先発,0,0,0,0,0.0
2026/05/17(日) 14:30 キックオフ,日本大学生物資源科学部,33,原田 植,4,DF,74,先発,0,0,0,0,0.0
2026/05/17(日) 14:30 キックオフ,日本大学生物資源科学部,2,廣川 仁人,2,MF,0,控え,0,0,0,0,0.0
2026/05/17(日) 14:30 キックオフ,日本大学生物資源科学部,11,青山 航,3,MF,29,控え,0,0,0,0,0.0
2026/05/17(日) 14:30 キックオフ,日本大学生物資源科学部,12,青山 大地,3,DF,0,控え,0,0,0,0,0.0
2026/05/17(日) 14:30 キックオフ,日本大学生物資源科学部,13,藥袋 倖正,2,DF,11,控え,0,0,0,0,0.0
2026/05/17(日) 14:30 キックオフ,日本大学生物資源科学部,18,鈴木 貴晶,2,MF,0,控え,0,0,0,0,0.0
2026/05/17(日) 14:30 キックオフ,日本大学生物資源科学部,22,佐藤 大志,2,MF,16,控え,0,0,0,2,0.0
2026/05/17(日) 14:30 キックオフ,日本大学生物資源科学部,25,新井 波琉人,3,DF,16,控え,0,0,0,3,0.0
2026/05/17(日) 14:30 キックオフ,日本大学生物資源科学部,36,品川 翼空,4,FW,16,控え,0,0,0,1,0.0
2026/05/17(日) 14:30 キックオフ,日本大学生物資源科学部,99,小枝 蓮之,2,DF,0,控え,0,0,0,0,0.0
2026/05/17(日) 14:30 キックオフ,東京薬科大学,1,横山　聖,3,GK,90,先発,0,0,0,0,0.0
2026/05/17(日) 14:30 キックオフ,東京薬科大学,2,平瀬　歩夢,3,DF,90,先発,0,0,0,0,0.0
2026/05/17(日) 14:30 キックオフ,東京薬科大学,5,大口　峻平,3,DF,90,先発,0,0,0,0,0.0
2026/05/17(日) 14:30 キックオフ,東京薬科大学,6,向所　咲人,2,MF,90,先発,0,0,0,0,0.0
2026/05/17(日) 14:30 キックオフ,東京薬科大学,7,倉田　昇正,2,MF,77,先発,0,0,0,0,0.0
2026/05/17(日) 14:30 キックオフ,東京薬科大学,8,阿部　悠大,3,FW,90,先発,0,0,0,0,0.0
2026/05/17(日) 14:30 キックオフ,東京薬科大学,9,狩野　快斗,2,FW,90,先発,2,0,2,0,0.0
2026/05/17(日) 14:30 キックオフ,東京薬科大学,10,小枝　芽生,2,MF,90,先発,1,0,1,0,0.0
2026/05/17(日) 14:30 キックオフ,東京薬科大学,12,齊藤　一郎,2,DF,90,先発,0,0,0,0,0.0
2026/05/17(日) 14:30 キックオフ,東京薬科大学,14,野川　健斗,3,MF,90,先発,0,0,0,0,0.0
2026/05/17(日) 14:30 キックオフ,東京薬科大学,65,石下　遥大,2,DF,90,先発,0,0,0,0,0.0
2026/05/17(日) 14:30 キックオフ,東京薬科大学,37,久保田　智大,1,MF,13,控え,0,0,0,0,0.0
2026/05/23(土) 12:45 キックオフ,北里大学,1,瀬尾　陽輔,2,GK,90,先発,0,0,0,0,0.0
2026/05/23(土) 12:45 キックオフ,北里大学,4,河合 蓮,3,DF,90,先発,0,0,0,0,0.0
2026/05/23(土) 12:45 キックオフ,北里大学,5,杉本　梨央,2,MF,45,先発,0,0,0,0,0.0
2026/05/23(土) 12:45 キックオフ,北里大学,6,深田　泰斗,2,MF,90,先発,0,1,1,0,0.0
2026/05/23(土) 12:45 キックオフ,北里大学,7,北島　大靖,2,MF,90,先発,1,1,2,0,0.0
2026/05/23(土) 12:45 キックオフ,北里大学,9,金坂　優飛,2,FW,90,先発,1,1,2,2,100.0
2026/05/23(土) 12:45 キックオフ,北里大学,14,根岸　清也,2,MF,80,先発,1,0,1,0,0.0
2026/05/23(土) 12:45 キックオフ,北里大学,17,北條　孝徳,2,FW,43,先発,1,0,1,0,0.0
2026/05/23(土) 12:45 キックオフ,北里大学,18,内野　翔羽,2,MF,90,先発,0,0,0,0,0.0
2026/05/23(土) 12:45 キックオフ,北里大学,20,坂内 瑞希,3,DF,90,先発,0,0,0,0,0.0
2026/05/23(土) 12:45 キックオフ,北里大学,2,空本 和真,3,DF,90,先発,0,0,0,0,0.0
2026/05/23(土) 12:45 キックオフ,北里大学,8,鈴木　康生,2,MF,10,控え,0,0,0,0,0.0
2026/05/23(土) 12:45 キックオフ,北里大学,25,谷口　輝,1,DF,45,控え,0,0,0,0,0.0
2026/05/23(土) 12:45 キックオフ,北里大学,27,吉田　来夢,1,MF,47,控え,0,0,0,0,0.0
2026/05/23(土) 12:45 キックオフ,東京都市大学,1,山本　絢太,3,GK,90,先発,0,0,0,0,0.0
2026/05/23(土) 12:45 キックオフ,東京都市大学,4,阿部　純太,3,DF,33,先発,0,0,0,0,0.0
2026/05/23(土) 12:45 キックオフ,東京都市大学,7,高木　風輝,4,MF,90,先発,1,0,1,0,0.0
2026/05/23(土) 12:45 キックオフ,東京都市大学,11,青木　春翔,2,FW,58,先発,2,0,2,0,0.0
2026/05/23(土) 12:45 キックオフ,東京都市大学,12,岩永　碧,1,MF,90,先発,0,0,0,0,0.0
2026/05/23(土) 12:45 キックオフ,東京都市大学,15,菅原　蒼生,4,DF,90,先発,0,1,1,0,0.0
2026/05/23(土) 12:45 キックオフ,東京都市大学,21,近　一輝,2,MF,80,先発,1,0,1,0,0.0
2026/05/23(土) 12:45 キックオフ,東京都市大学,26,時枝　佑太郎,3,MF,90,先発,2,0,2,0,0.0
2026/05/23(土) 12:45 キックオフ,東京都市大学,29,梅原　　一真,2,DF,90,先発,0,0,0,1,0.0
2026/05/23(土) 12:45 キックオフ,東京都市大学,72,友成　志道,2,MF,90,先発,0,1,1,0,0.0
2026/05/23(土) 12:45 キックオフ,東京都市大学,77,城定　諒冴,2,MF,52,先発,0,1,1,0,0.0
2026/05/23(土) 12:45 キックオフ,東京都市大学,2,伊藤　晃大,2,DF,10,控え,0,0,0,0,0.0
2026/05/23(土) 12:45 キックオフ,東京都市大学,3,三枝　昇吾,2,DF,38,控え,0,0,0,0,0.0
2026/05/23(土) 12:45 キックオフ,東京都市大学,8,芹沢　朔太郎,3,FW,0,控え,0,0,0,0,0.0
2026/05/23(土) 12:45 キックオフ,東京都市大学,10,田口　二康,3,MF,57,控え,1,6,7,1,14.3
2026/05/23(土) 12:45 キックオフ,東京都市大学,20,小畑　壱蕗,2,FW,32,控え,0,3,3,1,33.3
2026/05/23(土) 12:45 キックオフ,東京都市大学,41,下迫　璃玖,2,GK,0,控え,0,0,0,0,0.0
2026/05/23(土) 15:30 キックオフ,横浜市立大学（神奈川県）,31,中村　　旭陽,3,GK,90,先発,0,0,0,0,0.0
2026/05/23(土) 15:30 キックオフ,横浜市立大学（神奈川県）,3,加藤　真流斗,4,MF,90,先発,0,1,1,1,100.0
2026/05/23(土) 15:30 キックオフ,横浜市立大学（神奈川県）,24,若林　周祐,2,MF,90,先発,0,0,0,0,0.0
2026/05/23(土) 15:30 キックオフ,横浜市立大学（神奈川県）,4,峯村　哲平,3,DF,90,先発,0,1,1,1,100.0
2026/05/23(土) 15:30 キックオフ,横浜市立大学（神奈川県）,8,宮越　葵,2,FW,74,先発,2,0,2,0,0.0
2026/05/23(土) 15:30 キックオフ,横浜市立大学（神奈川県）,33,横田　　智風,3,DF,74,先発,0,0,0,0,0.0
2026/05/23(土) 15:30 キックオフ,横浜市立大学（神奈川県）,6,東島　玄治,2,MF,53,先発,1,0,1,0,0.0
2026/05/23(土) 15:30 キックオフ,横浜市立大学（神奈川県）,14,小松　隆之介,2,MF,90,先発,0,0,0,0,0.0
2026/05/23(土) 15:30 キックオフ,横浜市立大学（神奈川県）,11,錦戸　寛人,3,FW,61,先発,0,0,0,0,0.0
2026/05/23(土) 15:30 キックオフ,横浜市立大学（神奈川県）,7,放崎　　結生,3,FW,88,先発,2,0,2,1,50.0
2026/05/23(土) 15:30 キックオフ,横浜市立大学（神奈川県）,9,清沢　翼,3,FW,90,先発,2,1,3,0,0.0
2026/05/23(土) 15:30 キックオフ,横浜市立大学（神奈川県）,21,チャーイ　陽斗,2,GK,0,控え,0,0,0,0,0.0
2026/05/23(土) 15:30 キックオフ,横浜市立大学（神奈川県）,5,鈴木　和真,2,DF,0,控え,0,0,0,0,0.0
2026/05/23(土) 15:30 キックオフ,横浜市立大学（神奈川県）,12,上原　宗賢,2,FW,16,控え,0,0,0,0,0.0
2026/05/23(土) 15:30 キックオフ,横浜市立大学（神奈川県）,19,和光　律紀,2,FW,0,控え,0,0,0,0,0.0
2026/05/23(土) 15:30 キックオフ,横浜市立大学（神奈川県）,13,小林　琉,3,FW,37,控え,0,0,0,0,0.0
2026/05/23(土) 15:30 キックオフ,横浜市立大学（神奈川県）,15,ディンデッリ　ラポ,2,DF,0,控え,0,0,0,0,0.0
2026/05/23(土) 15:30 キックオフ,横浜市立大学（神奈川県）,10,山田　　遼大,4,FW,29,控え,0,0,0,0,0.0
2026/05/23(土) 15:30 キックオフ,横浜市立大学（神奈川県）,22,小山　泰李,3,MF,16,控え,0,0,0,0,0.0
2026/05/23(土) 15:30 キックオフ,横浜市立大学（神奈川県）,17,堀内　成,3,FW,2,控え,0,0,0,0,0.0
2026/05/23(土) 15:30 キックオフ,東京外国語大学,52,ベント莉音　エドワード,2,GK,90,先発,0,0,0,0,0.0
2026/05/23(土) 15:30 キックオフ,東京外国語大学,4,小野　琉智,3,MF,90,先発,0,0,0,0,0.0
2026/05/23(土) 15:30 キックオフ,東京外国語大学,5,樋口　翼,2,DF,90,先発,0,0,0,0,0.0
2026/05/23(土) 15:30 キックオフ,東京外国語大学,7,長野　海星,3,FW,90,先発,1,1,2,1,50.0
2026/05/23(土) 15:30 キックオフ,東京外国語大学,8,江藤　弘太,2,MF,90,先発,0,0,0,0,0.0
2026/05/23(土) 15:30 キックオフ,東京外国語大学,9,小田　凱,2,FW,90,先発,0,0,0,0,0.0
2026/05/23(土) 15:30 キックオフ,東京外国語大学,10,則本　雄大,3,MF,90,先発,1,0,1,0,0.0
2026/05/23(土) 15:30 キックオフ,東京外国語大学,11,依田　理人,2,MF,86,先発,0,1,1,1,100.0
2026/05/23(土) 15:30 キックオフ,東京外国語大学,18,高橋　航希,4,FW,90,先発,1,0,1,0,0.0
2026/05/23(土) 15:30 キックオフ,東京外国語大学,22,刑部　諒真,3,DF,90,先発,0,0,0,0,0.0
2026/05/23(土) 15:30 キックオフ,東京外国語大学,25,池田　怜生,3,DF,90,先発,0,0,0,0,0.0
2026/05/23(土) 15:30 キックオフ,東京外国語大学,1,山田　真慧,1,GK,0,控え,0,0,0,0,0.0
2026/05/23(土) 15:30 キックオフ,東京外国語大学,2,増山　滉士,3,DF,0,控え,0,0,0,0,0.0
2026/05/23(土) 15:30 キックオフ,東京外国語大学,6,金指　拓海,3,MF,0,控え,0,0,0,0,0.0
2026/05/23(土) 15:30 キックオフ,東京外国語大学,13,福田　卓矢,4,FW,0,控え,0,0,0,0,0.0
2026/05/23(土) 15:30 キックオフ,東京外国語大学,15,パク　シウ,3,FW,0,控え,0,0,0,0,0.0
2026/05/23(土) 15:30 キックオフ,東京外国語大学,23,高橋　翔,4,MF,0,控え,0,0,0,0,0.0
2026/05/23(土) 15:30 キックオフ,東京外国語大学,34,大津　怜,2,DF,0,控え,0,0,0,0,0.0
2026/05/23(土) 15:30 キックオフ,東京外国語大学,47,杉浦　裕祐,1,MF,1,控え,0,0,0,0,0.0
2026/05/23(土) 16:50 キックオフ,東京科学大学,1,中野　陽介,4,GK,90,先発,0,0,0,0,0.0
2026/05/23(土) 16:50 キックオフ,東京科学大学,4,宮本　空,4,DF,90,先発,2,1,3,1,33.3
2026/05/23(土) 16:50 キックオフ,東京科学大学,5,末木　孝幸,4,DF,82,先発,0,0,0,0,0.0
2026/05/23(土) 16:50 キックオフ,東京科学大学,9,高篠　悠太,4,MF,90,先発,1,3,4,2,50.0
2026/05/23(土) 16:50 キックオフ,東京科学大学,10,木村　淳之介,3,MF,90,先発,3,4,7,0,0.0
2026/05/23(土) 16:50 キックオフ,東京科学大学,15,安藤　晃大,4,MF,90,先発,1,2,3,0,0.0
2026/05/23(土) 16:50 キックオフ,東京科学大学,17,原田　航太,2,MF,70,先発,1,0,1,0,0.0
2026/05/23(土) 16:50 キックオフ,東京科学大学,27,島村　泰輝,3,DF,90,先発,0,0,0,0,0.0
2026/05/23(土) 16:50 キックオフ,東京科学大学,38,亀田　怜大,4,DF,90,先発,0,0,0,0,0.0
2026/05/23(土) 16:50 キックオフ,東京科学大学,77,田口　晴大,2,FW,60,先発,3,0,3,0,0.0
2026/05/23(土) 16:50 キックオフ,東京科学大学,95,小林　和楽,2,MF,90,先発,2,0,2,0,0.0
2026/05/23(土) 16:50 キックオフ,東京科学大学,7,巽　裕太郎,3,MF,0,控え,0,0,0,0,0.0
2026/05/23(土) 16:50 キックオフ,東京科学大学,12,半田　紘佑,3,FW,0,控え,0,0,0,0,0.0
2026/05/23(土) 16:50 キックオフ,東京科学大学,18,土田　奏人,3,DF,0,控え,0,0,0,0,0.0
2026/05/23(土) 16:50 キックオフ,東京科学大学,21,田中　碧太,3,MF,20,控え,0,0,0,0,0.0
2026/05/23(土) 16:50 キックオフ,東京科学大学,30,渡邉　孔生,3,DF,0,控え,0,0,0,0,0.0
2026/05/23(土) 16:50 キックオフ,東京科学大学,31,加茂　治樹,3,GK,0,控え,0,0,0,0,0.0
2026/05/23(土) 16:50 キックオフ,東京科学大学,35,星川　航祐,2,DF,8,控え,0,0,0,0,0.0
2026/05/23(土) 16:50 キックオフ,東京科学大学,51,村井　杏介,3,MF,30,控え,0,0,0,0,0.0
2026/05/23(土) 16:50 キックオフ,東京科学大学,55,山本　万凜,4,MF,0,控え,0,0,0,0,0.0
2026/05/23(土) 16:50 キックオフ,電気通信大学,9,市川　寛人,3,FW,90,先発,0,1,1,0,0.0
2026/05/23(土) 16:50 キックオフ,電気通信大学,11,佐藤　聡汰,4,MF,84,先発,0,0,0,0,0.0
2026/05/23(土) 16:50 キックオフ,電気通信大学,14,有光　太朗,2,FW,80,先発,0,0,0,0,0.0
2026/05/23(土) 16:50 キックオフ,電気通信大学,16,藤澤　拓真,3,DF,90,先発,0,0,0,0,0.0
2026/05/23(土) 16:50 キックオフ,電気通信大学,21,林元　颯大,2,DF,90,先発,0,0,0,0,0.0
2026/05/23(土) 16:50 キックオフ,電気通信大学,22,高橋　龍生,2,MF,90,先発,0,0,0,0,0.0
2026/05/23(土) 16:50 キックオフ,電気通信大学,24,落合　祐斗,3,DF,90,先発,0,1,1,0,0.0
2026/05/23(土) 16:50 キックオフ,電気通信大学,25,柏木　祐輝,2,FW,45,先発,0,0,0,0,0.0
2026/05/23(土) 16:50 キックオフ,電気通信大学,27,石川　永真,3,DF,56,先発,1,0,1,0,0.0
2026/05/23(土) 16:50 キックオフ,電気通信大学,29,栗田　直仁,3,MF,53,先発,0,0,0,0,0.0
2026/05/23(土) 16:50 キックオフ,電気通信大学,31,柳野　秀敏,3,GK,90,先発,0,0,0,0,0.0
2026/05/23(土) 16:50 キックオフ,電気通信大学,6,上村　陽輝,2,DF,0,控え,0,0,0,0,0.0
2026/05/23(土) 16:50 キックオフ,電気通信大学,8,山下　太誠,4,FW,45,控え,0,0,0,0,0.0
2026/05/23(土) 16:50 キックオフ,電気通信大学,13,朝倉 友彩,4,MF,0,控え,0,0,0,0,0.0
2026/05/23(土) 16:50 キックオフ,電気通信大学,15,羽広　碧,1,DF,34,控え,0,0,0,0,0.0
2026/05/23(土) 16:50 キックオフ,電気通信大学,18,堀井　太智,2,MF,10,控え,0,0,0,0,0.0
2026/05/23(土) 16:50 キックオフ,電気通信大学,19,長谷川　奏,2,MF,37,控え,0,0,0,0,0.0
2026/05/23(土) 16:50 キックオフ,電気通信大学,20,姫井　奏,2,DF,0,控え,0,0,0,0,0.0
2026/05/23(土) 16:50 キックオフ,電気通信大学,30,鈴木　千博,3,FW,0,控え,0,0,0,0,0.0
2026/05/23(土) 16:50 キックオフ,電気通信大学,32,新保　里央,1,FW,6,控え,0,0,0,0,0.0
2026/05/24(日) 10:00 キックオフ,和光大学,3,髙橋 昌宏,2,DF,90,先発,0,0,0,0,0.0
2026/05/24(日) 10:00 キックオフ,和光大学,5,細谷 倖城,3,DF,89,先発,0,0,0,0,0.0
2026/05/24(日) 10:00 キックオフ,和光大学,6,鈴木 翼,1,DF,57,先発,0,0,0,0,0.0
2026/05/24(日) 10:00 キックオフ,和光大学,8,橋本 創太,2,MF,90,先発,1,1,2,0,0.0
2026/05/24(日) 10:00 キックオフ,和光大学,10,上大川 蓮,2,MF,90,先発,2,4,6,0,0.0
2026/05/24(日) 10:00 キックオフ,和光大学,13,小口 凜久,1,FW,90,先発,1,0,1,0,0.0
2026/05/24(日) 10:00 キックオフ,和光大学,15,伊東 洸大,1,DF,81,先発,0,0,0,0,0.0
2026/05/24(日) 10:00 キックオフ,和光大学,21,種茂 倖太,3,GK,90,先発,0,0,0,0,0.0
2026/05/24(日) 10:00 キックオフ,和光大学,22,勝又 輝,2,FW,90,先発,1,0,1,0,0.0
2026/05/24(日) 10:00 キックオフ,和光大学,27,高橋 莉央,1,MF,90,先発,0,0,0,0,0.0
2026/05/24(日) 10:00 キックオフ,和光大学,30,伊藤 叶音,1,MF,90,先発,0,0,0,0,0.0
2026/05/24(日) 10:00 キックオフ,和光大学,7,小串 琢斗,2,MF,0,控え,0,0,0,0,0.0
2026/05/24(日) 10:00 キックオフ,和光大学,16,林 湘太,3,DF,0,控え,0,0,0,0,0.0
2026/05/24(日) 10:00 キックオフ,和光大学,19,武中 晄樹,1,FW,9,控え,0,0,0,0,0.0
2026/05/24(日) 10:00 キックオフ,和光大学,24,愛甲 涼唄,2,DF,1,控え,0,0,0,0,0.0
2026/05/24(日) 10:00 キックオフ,和光大学,55,千田 創大郎,1,FW,0,控え,0,0,0,0,0.0
2026/05/24(日) 10:00 キックオフ,和光大学,77,末永 大,1,MF,33,控え,0,1,1,0,0.0
2026/05/24(日) 10:00 キックオフ,日本大学生物資源科学部,5,山田 藍良,3,DF,39,先発,0,0,0,0,0.0
2026/05/24(日) 10:00 キックオフ,日本大学生物資源科学部,6,石塚 南琉,4,DF,90,先発,0,1,1,1,100.0
2026/05/24(日) 10:00 キックオフ,日本大学生物資源科学部,8,濱崎 新大,3,MF,90,先発,1,3,4,3,75.0
2026/05/24(日) 10:00 キックオフ,日本大学生物資源科学部,9,齋藤 快叶,3,FW,90,先発,4,3,7,3,42.9
2026/05/24(日) 10:00 キックオフ,日本大学生物資源科学部,10,都留 佑斗,4,MF,83,先発,1,0,1,0,0.0
2026/05/24(日) 10:00 キックオフ,日本大学生物資源科学部,11,青山 航,3,MF,90,先発,0,0,0,0,0.0
2026/05/24(日) 10:00 キックオフ,日本大学生物資源科学部,14,関 寧央,3,MF,68,先発,0,0,0,0,0.0
2026/05/24(日) 10:00 キックオフ,日本大学生物資源科学部,15,今出 遼太,2,MF,68,先発,1,0,1,1,100.0
2026/05/24(日) 10:00 キックオフ,日本大学生物資源科学部,17,小林 琉云,2,MF,90,先発,1,1,2,1,50.0
2026/05/24(日) 10:00 キックオフ,日本大学生物資源科学部,19,加瀬 広河,3,MF,57,先発,4,2,6,2,33.3
2026/05/24(日) 10:00 キックオフ,日本大学生物資源科学部,21,妻木 湧,3,GK,90,先発,0,0,0,0,0.0
2026/05/24(日) 10:00 キックオフ,日本大学生物資源科学部,2,廣川 仁人,2,MF,7,控え,0,0,0,0,0.0
2026/05/24(日) 10:00 キックオフ,日本大学生物資源科学部,12,青山 大地,3,DF,22,控え,0,0,0,0,0.0
2026/05/24(日) 10:00 キックオフ,日本大学生物資源科学部,13,藥袋 倖正,2,DF,0,控え,0,0,0,0,0.0
2026/05/24(日) 10:00 キックオフ,日本大学生物資源科学部,18,鈴木 貴晶,2,MF,0,控え,0,0,0,0,0.0
2026/05/24(日) 10:00 キックオフ,日本大学生物資源科学部,22,佐藤 大志,2,MF,51,控え,0,1,1,0,0.0
2026/05/24(日) 10:00 キックオフ,日本大学生物資源科学部,25,新井 波琉人,3,DF,33,控え,0,0,0,0,0.0
2026/05/24(日) 10:00 キックオフ,日本大学生物資源科学部,29,袴田 結太,2,DF,0,控え,0,0,0,0,0.0
2026/05/24(日) 10:00 キックオフ,日本大学生物資源科学部,36,品川 翼空,4,FW,22,控え,0,1,1,1,100.0
2026/05/24(日) 10:00 キックオフ,日本大学生物資源科学部,99,小枝 蓮之,2,DF,0,控え,0,0,0,0,0.0
2026/05/24(日) 11:00 キックオフ,松蔭大学・横浜商科大学,20,福田　開人,4,GK,90,先発,0,0,0,0,0.0
2026/05/24(日) 11:00 キックオフ,松蔭大学・横浜商科大学,4,菅野　泰斗,2,DF,90,先発,0,0,0,0,0.0
2026/05/24(日) 11:00 キックオフ,松蔭大学・横浜商科大学,10,上田　祐雅,4,DF,90,先発,0,0,0,0,0.0
2026/05/24(日) 11:00 キックオフ,松蔭大学・横浜商科大学,13,塩幡　優汰,1,DF,58,先発,1,0,1,0,0.0
2026/05/24(日) 11:00 キックオフ,松蔭大学・横浜商科大学,14,安部　光,3,DF,90,先発,0,1,1,0,0.0
2026/05/24(日) 11:00 キックオフ,松蔭大学・横浜商科大学,5,森　海璃,4,MF,58,先発,2,0,2,0,0.0
2026/05/24(日) 11:00 キックオフ,松蔭大学・横浜商科大学,6,奥原　空,4,MF,81,先発,2,3,5,0,0.0
2026/05/24(日) 11:00 キックオフ,松蔭大学・横浜商科大学,7,生田目　隼輔,3,MF,90,先発,1,3,4,1,25.0
2026/05/24(日) 11:00 キックオフ,松蔭大学・横浜商科大学,12,渋谷　未浬,1,MF,90,先発,2,1,3,0,0.0
2026/05/24(日) 11:00 キックオフ,松蔭大学・横浜商科大学,9,大森　俊輔,3,FW,90,先発,2,0,2,0,0.0
2026/05/24(日) 11:00 キックオフ,松蔭大学・横浜商科大学,11,佐々木　優斗,4,FW,73,先発,1,1,2,0,0.0
2026/05/24(日) 11:00 キックオフ,松蔭大学・横浜商科大学,30,藤井　寛太,1,GK,0,控え,0,0,0,0,0.0
2026/05/24(日) 11:00 キックオフ,松蔭大学・横浜商科大学,25,石部　昌太郎,4,DF,0,控え,0,0,0,0,0.0
2026/05/24(日) 11:00 キックオフ,松蔭大学・横浜商科大学,17,吉川　虎十朗,3,MF,32,控え,0,0,0,0,0.0
2026/05/24(日) 11:00 キックオフ,松蔭大学・横浜商科大学,23,太田　直哉,1,MF,32,控え,0,0,0,0,0.0
2026/05/24(日) 11:00 キックオフ,松蔭大学・横浜商科大学,24,伴　昂史朗,2,MF,9,控え,0,0,0,0,0.0
2026/05/24(日) 11:00 キックオフ,松蔭大学・横浜商科大学,26,淺沼　真拓,2,MF,0,控え,0,0,0,0,0.0
2026/05/24(日) 11:00 キックオフ,松蔭大学・横浜商科大学,18,小泉　大輔,2,FW,17,控え,0,2,2,0,0.0
2026/05/24(日) 11:00 キックオフ,松蔭大学・横浜商科大学,28,中村　久人,1,FW,0,控え,0,2,2,1,50.0
2026/05/24(日) 11:00 キックオフ,東京薬科大学,1,横山　聖,3,GK,90,先発,0,0,0,0,0.0
2026/05/24(日) 11:00 キックオフ,東京薬科大学,5,大口　峻平,3,DF,90,先発,0,0,0,0,0.0
2026/05/24(日) 11:00 キックオフ,東京薬科大学,12,齊藤　一郎,2,DF,90,先発,0,0,0,0,0.0
2026/05/24(日) 11:00 キックオフ,東京薬科大学,20,谷川　博飛,2,DF,90,先発,0,0,0,0,0.0
2026/05/24(日) 11:00 キックオフ,東京薬科大学,6,向所　咲人,2,MF,81,先発,0,0,0,0,0.0
2026/05/24(日) 11:00 キックオフ,東京薬科大学,10,小枝　芽生,2,MF,70,先発,0,0,0,0,0.0
2026/05/24(日) 11:00 キックオフ,東京薬科大学,14,野川　健斗,3,MF,90,先発,0,1,1,0,0.0
2026/05/24(日) 11:00 キックオフ,東京薬科大学,27,山本　駿斗,4,MF,87,先発,0,0,0,0,0.0
2026/05/24(日) 11:00 キックオフ,東京薬科大学,33,迫田　春輔,4,MF,90,先発,1,1,2,0,0.0
2026/05/24(日) 11:00 キックオフ,東京薬科大学,8,阿部　悠大,3,FW,67,先発,1,0,1,0,0.0
2026/05/24(日) 11:00 キックオフ,東京薬科大学,67,卜部　陵汰,4,FW,64,先発,1,0,1,0,0.0
2026/05/24(日) 11:00 キックオフ,東京薬科大学,2,平瀬　歩夢,3,DF,0,控え,0,0,0,0,0.0
2026/05/24(日) 11:00 キックオフ,東京薬科大学,7,倉田　昇正,2,MF,20,控え,0,0,0,0,0.0
2026/05/24(日) 11:00 キックオフ,東京薬科大学,41,櫻井　翔太,4,DF,9,控え,0,0,0,0,0.0
2026/05/24(日) 11:00 キックオフ,東京薬科大学,65,石下　遥大,2,DF,3,控え,0,0,0,0,0.0
2026/05/24(日) 11:00 キックオフ,東京薬科大学,99,吉岡　佑,3,GK,0,控え,0,0,0,0,0.0
2026/05/24(日) 11:00 キックオフ,東京薬科大学,9,狩野　快斗,2,FW,26,控え,0,1,1,0,0.0
2026/05/24(日) 11:00 キックオフ,東京薬科大学,11,阿部　滉生,4,FW,23,控え,0,0,0,0,0.0
2026/05/24(日) 11:30 キックオフ,国際基督教大学,1,金丸　龍馬,3,GK,90,先発,0,0,0,0,0.0
2026/05/24(日) 11:30 キックオフ,国際基督教大学,6,辻本　晴輝,3,DF,90,先発,1,0,1,0,0.0
2026/05/24(日) 11:30 キックオフ,国際基督教大学,14,今井　獅優,2,DF,90,先発,0,0,0,0,0.0
2026/05/24(日) 11:30 キックオフ,国際基督教大学,4,益子　瑞基,3,MF,90,先発,1,0,1,0,0.0
2026/05/24(日) 11:30 キックオフ,国際基督教大学,7,川端　遼太郎,1,MF,34,先発,0,0,0,0,0.0
2026/05/24(日) 11:30 キックオフ,国際基督教大学,10,法亢　咲太朗,3,MF,90,先発,0,3,3,1,33.3
2026/05/24(日) 11:30 キックオフ,国際基督教大学,17,高橋　孝輔,2,MF,90,先発,0,0,0,0,0.0
2026/05/24(日) 11:30 キックオフ,国際基督教大学,9,山脇　幹大,3,FW,25,先発,1,0,1,0,0.0
2026/05/24(日) 11:30 キックオフ,国際基督教大学,11,川端　晃太郎,2,FW,48,先発,3,3,6,1,16.7
2026/05/24(日) 11:30 キックオフ,国際基督教大学,18,塩田　エルカナ,3,FW,90,先発,0,0,0,0,0.0
2026/05/24(日) 11:30 キックオフ,国際基督教大学,24,松平　雅史,1,FW,90,先発,1,1,2,0,0.0
2026/05/24(日) 11:30 キックオフ,国際基督教大学,23,デジョンケール　マーティンアレクサンドル,3,GK,0,控え,0,0,0,0,0.0
2026/05/24(日) 11:30 キックオフ,国際基督教大学,2,中丸　泰知,3,DF,0,控え,0,0,0,0,0.0
2026/05/24(日) 11:30 キックオフ,国際基督教大学,3,茂呂　健輔,2,MF,0,控え,0,0,0,0,0.0
2026/05/24(日) 11:30 キックオフ,国際基督教大学,8,皿澤　狩那,3,MF,65,控え,0,0,0,0,0.0
2026/05/24(日) 11:30 キックオフ,国際基督教大学,13,清野山　侑希,2,MF,0,控え,0,0,0,0,0.0
2026/05/24(日) 11:30 キックオフ,国際基督教大学,21,長谷川　滉,2,MF,56,控え,0,0,0,0,0.0
2026/05/24(日) 11:30 キックオフ,国際基督教大学,22,物江　陸,1,MF,0,控え,0,0,0,0,0.0
2026/05/24(日) 11:30 キックオフ,国際基督教大学,27,細川　大樹,3,MF,42,控え,0,0,0,0,0.0
2026/05/24(日) 11:30 キックオフ,国際基督教大学,28,アレン　健クライブ,3,MF,0,控え,0,0,0,0,0.0
2026/05/24(日) 11:30 キックオフ,武蔵野大学,27,小杉 太一,4,GK,90,先発,0,0,0,0,0.0
2026/05/24(日) 11:30 キックオフ,武蔵野大学,37,嶋根 友太,4,MF,90,先発,0,1,1,0,0.0
2026/05/24(日) 11:30 キックオフ,武蔵野大学,38,高瀬 快斗,3,DF,90,先発,0,1,1,0,0.0
2026/05/24(日) 11:30 キックオフ,武蔵野大学,29,石井 郁也,2,DF,90,先発,0,1,1,1,100.0
2026/05/24(日) 11:30 キックオフ,武蔵野大学,3,澤中 颯汰,4,DF,90,先発,2,1,3,1,33.3
2026/05/24(日) 11:30 キックオフ,武蔵野大学,47,宮谷 友大,4,DF,48,先発,0,0,0,0,0.0
2026/05/24(日) 11:30 キックオフ,武蔵野大学,7,柵木 駿飛,2,FW,48,先発,0,2,2,0,0.0
2026/05/24(日) 11:30 キックオフ,武蔵野大学,32,落合 侃太,4,MF,34,先発,1,2,3,0,0.0
2026/05/24(日) 11:30 キックオフ,武蔵野大学,20,渡邉 充輝,2,FW,25,先発,0,0,0,0,0.0
2026/05/24(日) 11:30 キックオフ,武蔵野大学,11,菊地 伶王,3,MF,90,先発,0,2,2,0,0.0
2026/05/24(日) 11:30 キックオフ,武蔵野大学,9,佐藤 春斗,2,FW,34,先発,1,2,3,0,0.0
2026/05/24(日) 11:30 キックオフ,武蔵野大学,23,須藤 柊吾,4,FW,56,控え,0,0,0,0,0.0
2026/05/24(日) 11:30 キックオフ,武蔵野大学,16,奥田 羚,4,MF,42,控え,0,0,0,0,0.0
2026/05/24(日) 11:30 キックオフ,武蔵野大学,8,假谷 駿翔,3,MF,65,控え,0,1,1,0,0.0
2026/05/24(日) 11:30 キックオフ,武蔵野大学,88,澤田 陸希,4,DF,42,控え,0,0,0,0,0.0
2026/05/24(日) 11:30 キックオフ,武蔵野大学,35,丹保 彪麻,3,DF,0,控え,0,0,0,0,0.0
2026/05/24(日) 11:30 キックオフ,武蔵野大学,10,米山 拓真,2,FW,56,控え,0,0,0,0,0.0
2026/05/24(日) 11:30 キックオフ,武蔵野大学,79,西谷　天翔,1,FW,0,控え,0,0,0,0,0.0
2026/05/24(日) 11:30 キックオフ,武蔵野大学,1,有澤　大心,1,GK,0,控え,0,0,0,0,0.0
2026/05/24(日) 12:00 キックオフ,都留文科大学,2,山本　知寛,4,DF,90,先発,0,2,2,0,0.0
2026/05/24(日) 12:00 キックオフ,都留文科大学,6,河本　慎太郎,1,DF,90,先発,0,0,0,0,0.0
2026/05/24(日) 12:00 キックオフ,都留文科大学,7,立川　涼,3,FW,89,先発,3,1,4,1,25.0
2026/05/24(日) 12:00 キックオフ,都留文科大学,10,本部　響希,2,DF,90,先発,0,0,0,0,0.0
2026/05/24(日) 12:00 キックオフ,都留文科大学,11,川島　響介,3,MF,90,先発,0,0,0,0,0.0
2026/05/24(日) 12:00 キックオフ,都留文科大学,19,和智　零士,1,MF,90,先発,0,0,0,0,0.0
2026/05/24(日) 12:00 キックオフ,都留文科大学,23,櫻井　奏人,4,DF,90,先発,1,0,1,0,0.0
2026/05/24(日) 12:00 キックオフ,都留文科大学,33,中川　太輝,不明,MF,89,先発,1,0,1,0,0.0
2026/05/24(日) 12:00 キックオフ,都留文科大学,41,村上　陸,2,GK,90,先発,0,0,0,0,0.0
2026/05/24(日) 12:00 キックオフ,都留文科大学,77,前田　千夏,2,MF,90,先発,0,0,0,0,0.0
2026/05/24(日) 12:00 キックオフ,都留文科大学,21,鈴木　蒼空,2,MF,70,先発,0,0,0,0,0.0
2026/05/24(日) 12:00 キックオフ,都留文科大学,1,濱邊　彗杏,3,GK,0,控え,0,0,0,0,0.0
2026/05/24(日) 12:00 キックオフ,都留文科大学,5,佐々木　洸,3,DF,0,控え,0,0,0,0,0.0
2026/05/24(日) 12:00 キックオフ,都留文科大学,8,清　史琉,1,DF,1,控え,0,0,0,0,0.0
2026/05/24(日) 12:00 キックオフ,都留文科大学,14,須田　翔斗,1,FW,20,控え,0,0,0,0,0.0
2026/05/24(日) 12:00 キックオフ,都留文科大学,18,仲沢　浩輝,2,FW,0,控え,0,0,0,0,0.0
2026/05/24(日) 12:00 キックオフ,都留文科大学,39,武藤　瑞生,1,FW,1,控え,0,0,0,0,0.0
2026/05/24(日) 12:00 キックオフ,工学院大学,4,沼野　碧葉,2,DF,90,先発,0,1,1,0,0.0
2026/05/24(日) 12:00 キックオフ,工学院大学,5,小林　優翔,3,DF,90,先発,0,0,0,0,0.0
2026/05/24(日) 12:00 キックオフ,工学院大学,6,芝　陸斗,3,MF,90,先発,0,0,0,0,0.0
2026/05/24(日) 12:00 キックオフ,工学院大学,7,大塚　東翔,3,MF,73,先発,2,0,2,0,0.0
2026/05/24(日) 12:00 キックオフ,工学院大学,8,伊東　幹太,2,MF,45,先発,0,0,0,0,0.0
2026/05/24(日) 12:00 キックオフ,工学院大学,10,樋本　杷瑠,3,MF,90,先発,2,1,3,1,33.3
2026/05/24(日) 12:00 キックオフ,工学院大学,11,大海　太輔,3,MF,83,先発,4,2,6,1,16.7
2026/05/24(日) 12:00 キックオフ,工学院大学,14,吉田　陽,3,MF,80,先発,0,1,1,1,100.0
2026/05/24(日) 12:00 キックオフ,工学院大学,23,後藤　柚希,3,DF,90,先発,2,2,4,1,25.0
2026/05/24(日) 12:00 キックオフ,工学院大学,45,鈴木　伶,3,MF,73,先発,0,0,0,0,0.0
2026/05/24(日) 12:00 キックオフ,工学院大学,46,加藤　旭陽,4,GK,90,先発,0,0,0,0,0.0
2026/05/24(日) 12:00 キックオフ,工学院大学,1,高橋　佑宇,3,GK,0,控え,0,0,0,0,0.0
2026/05/24(日) 12:00 キックオフ,工学院大学,2,吉原　龍之介,3,DF,0,控え,0,0,0,0,0.0
2026/05/24(日) 12:00 キックオフ,工学院大学,15,塩入　大寿,不明,DF,17,控え,0,0,0,0,0.0
2026/05/24(日) 12:00 キックオフ,工学院大学,17,野村　慶太,3,MF,10,控え,0,0,0,0,0.0
2026/05/24(日) 12:00 キックオフ,工学院大学,18,髙瀬　快周,2,FW,17,控え,0,1,1,0,0.0
2026/05/24(日) 12:00 キックオフ,工学院大学,19,金子　豪留,2,MF,0,控え,0,0,0,0,0.0
2026/05/24(日) 12:00 キックオフ,工学院大学,20,馬場　匠吾,3,FW,0,控え,0,0,0,0,0.0
2026/05/24(日) 12:00 キックオフ,工学院大学,39,山本　荘志,1,MF,7,控え,0,0,0,1,0.0
2026/05/24(日) 12:00 キックオフ,工学院大学,40,市川　航,1,MF,45,控え,0,1,1,0,0.0
2026/05/30(土) 10:00 キックオフ,東京都市大学,1,山本　絢太,3,GK,90,先発,0,0,0,0,0.0
2026/05/30(土) 10:00 キックオフ,東京都市大学,3,三枝　昇吾,2,DF,90,先発,0,0,0,0,0.0
2026/05/30(土) 10:00 キックオフ,東京都市大学,7,高木　風輝,4,MF,90,先発,1,1,2,1,50.0
2026/05/30(土) 10:00 キックオフ,東京都市大学,11,青木　春翔,2,FW,62,先発,0,0,0,0,0.0
2026/05/30(土) 10:00 キックオフ,東京都市大学,15,菅原　蒼生,4,DF,90,先発,0,0,0,0,0.0
2026/05/30(土) 10:00 キックオフ,東京都市大学,20,小畑　壱蕗,2,FW,80,先発,1,1,2,1,50.0
2026/05/30(土) 10:00 キックオフ,東京都市大学,21,近　一輝,2,MF,90,先発,0,0,0,0,0.0
2026/05/30(土) 10:00 キックオフ,東京都市大学,26,時枝　佑太郎,3,MF,90,先発,2,1,3,0,0.0
2026/05/30(土) 10:00 キックオフ,東京都市大学,29,梅原　　一真,2,DF,90,先発,0,1,1,0,0.0
2026/05/30(土) 10:00 キックオフ,東京都市大学,72,友成　志道,2,MF,90,先発,0,1,1,1,100.0
2026/05/30(土) 10:00 キックオフ,東京都市大学,77,城定　諒冴,2,MF,62,先発,1,1,2,0,0.0
2026/05/30(土) 10:00 キックオフ,東京都市大学,2,伊藤　晃大,2,DF,0,控え,0,0,0,0,0.0
2026/05/30(土) 10:00 キックオフ,東京都市大学,4,阿部　純太,3,DF,0,控え,0,0,0,0,0.0
2026/05/30(土) 10:00 キックオフ,東京都市大学,8,芹沢　朔太郎,3,FW,0,控え,0,0,0,0,0.0
2026/05/30(土) 10:00 キックオフ,東京都市大学,9,古賀　隼之介,1,FW,0,控え,0,0,0,0,0.0
2026/05/30(土) 10:00 キックオフ,東京都市大学,10,田口　二康,3,MF,28,控え,0,2,2,0,0.0
2026/05/30(土) 10:00 キックオフ,東京都市大学,12,岩永　碧,1,MF,10,控え,0,0,0,0,0.0
2026/05/30(土) 10:00 キックオフ,東京都市大学,16,今福　陸希,1,MF,28,控え,0,2,2,0,0.0
2026/05/30(土) 10:00 キックオフ,東京都市大学,41,下迫　璃玖,2,GK,0,控え,0,0,0,0,0.0
2026/05/30(土) 10:00 キックオフ,和光大学,3,髙橋 昌宏,2,DF,78,先発,1,0,1,0,0.0
2026/05/30(土) 10:00 キックオフ,和光大学,8,橋本 創太,2,MF,90,先発,0,1,1,0,0.0
2026/05/30(土) 10:00 キックオフ,和光大学,10,上大川 蓮,2,MF,68,先発,1,2,3,0,0.0
2026/05/30(土) 10:00 キックオフ,和光大学,13,小口 凜久,1,FW,91,先発,0,0,0,0,0.0
2026/05/30(土) 10:00 キックオフ,和光大学,15,伊東 洸大,1,DF,90,先発,0,0,0,0,0.0
2026/05/30(土) 10:00 キックオフ,和光大学,21,種茂 倖太,3,GK,90,先発,0,0,0,0,0.0
2026/05/30(土) 10:00 キックオフ,和光大学,22,勝又 輝,2,FW,90,先発,0,0,0,0,0.0
2026/05/30(土) 10:00 キックオフ,和光大学,24,愛甲 涼唄,2,DF,90,先発,0,0,0,0,0.0
2026/05/30(土) 10:00 キックオフ,和光大学,27,高橋 莉央,1,MF,90,先発,0,1,1,1,100.0
2026/05/30(土) 10:00 キックオフ,和光大学,30,伊藤 叶音,1,MF,90,先発,0,0,0,1,0.0
2026/05/30(土) 10:00 キックオフ,和光大学,77,末永 大,1,MF,90,先発,0,0,0,0,0.0
2026/05/30(土) 10:00 キックオフ,和光大学,7,小串 琢斗,2,MF,12,控え,0,0,0,0,0.0
2026/05/30(土) 10:00 キックオフ,和光大学,9,坂間 雄大,1,MF,0,控え,0,0,0,0,0.0
2026/05/30(土) 10:00 キックオフ,和光大学,16,林 湘太,3,DF,0,控え,0,0,0,0,0.0
2026/05/30(土) 10:00 キックオフ,和光大学,19,武中 晄樹,1,FW,22,控え,0,1,1,0,0.0
2026/05/30(土) 10:00 キックオフ,和光大学,58,郷原 大哉,1,MF,0,控え,0,0,0,0,0.0
2026/05/31(日) 09:45 キックオフ,電気通信大学,9,市川　寛人,3,FW,90,先発,3,4,7,1,14.3
2026/05/31(日) 09:45 キックオフ,電気通信大学,10,坂庭　輝,1,MF,90,先発,0,0,0,0,0.0
2026/05/31(日) 09:45 キックオフ,電気通信大学,14,有光　太朗,2,FW,77,先発,1,2,3,1,33.3
2026/05/31(日) 09:45 キックオフ,電気通信大学,16,藤澤　拓真,3,DF,90,先発,0,0,0,0,0.0
2026/05/31(日) 09:45 キックオフ,電気通信大学,19,長谷川　奏,2,MF,45,先発,1,0,1,0,0.0
2026/05/31(日) 09:45 キックオフ,電気通信大学,21,林元　颯大,2,DF,90,先発,0,0,0,0,0.0
2026/05/31(日) 09:45 キックオフ,電気通信大学,22,高橋　龍生,2,MF,74,先発,2,0,2,0,0.0
2026/05/31(日) 09:45 キックオフ,電気通信大学,24,落合　祐斗,3,DF,90,先発,1,1,2,0,0.0
2026/05/31(日) 09:45 キックオフ,電気通信大学,27,石川　永真,3,DF,57,先発,1,0,1,0,0.0
2026/05/31(日) 09:45 キックオフ,電気通信大学,29,栗田　直仁,3,MF,90,先発,0,0,0,0,0.0
2026/05/31(日) 09:45 キックオフ,電気通信大学,31,柳野　秀敏,3,GK,90,先発,0,0,0,0,0.0
2026/05/31(日) 09:45 キックオフ,電気通信大学,5,森平　遥大,2,DF,13,控え,0,0,0,0,0.0
2026/05/31(日) 09:45 キックオフ,電気通信大学,11,佐藤　聡汰,4,MF,10,控え,0,0,0,0,0.0
2026/05/31(日) 09:45 キックオフ,電気通信大学,12,市原　太輝,1,MF,16,控え,0,0,0,0,0.0
2026/05/31(日) 09:45 キックオフ,電気通信大学,15,羽広　碧,1,DF,33,控え,0,0,0,0,0.0
2026/05/31(日) 09:45 キックオフ,電気通信大学,18,堀井　太智,2,MF,45,控え,0,0,0,0,0.0
2026/05/31(日) 09:45 キックオフ,電気通信大学,25,柏木　祐輝,2,FW,0,控え,0,0,0,0,0.0
2026/05/31(日) 09:45 キックオフ,電気通信大学,28,丹羽　一峻,1,FW,0,控え,0,0,0,0,0.0
2026/05/31(日) 09:45 キックオフ,電気通信大学,30,鈴木　千博,3,FW,0,控え,0,0,0,0,0.0
2026/05/31(日) 09:45 キックオフ,電気通信大学,32,新保　里央,1,FW,0,控え,0,0,0,0,0.0
2026/05/31(日) 09:45 キックオフ,北里大学,2,空本 和真,3,DF,90,先発,0,0,0,0,0.0
2026/05/31(日) 09:45 キックオフ,北里大学,3,中村　仁,2,DF,90,先発,0,0,0,0,0.0
2026/05/31(日) 09:45 キックオフ,北里大学,4,河合 蓮,3,DF,69,先発,1,0,1,0,0.0
2026/05/31(日) 09:45 キックオフ,北里大学,5,杉本　梨央,2,MF,90,先発,0,0,0,0,0.0
2026/05/31(日) 09:45 キックオフ,北里大学,6,深田　泰斗,2,MF,90,先発,0,1,1,0,0.0
2026/05/31(日) 09:45 キックオフ,北里大学,7,北島　大靖,2,MF,90,先発,2,0,2,0,0.0
2026/05/31(日) 09:45 キックオフ,北里大学,8,鈴木　康生,2,MF,38,先発,0,0,0,0,0.0
2026/05/31(日) 09:45 キックオフ,北里大学,12,町口　巧,2,GK,90,先発,0,0,0,0,0.0
2026/05/31(日) 09:45 キックオフ,北里大学,20,坂内 瑞希,3,DF,90,先発,0,0,0,0,0.0
2026/05/31(日) 09:45 キックオフ,北里大学,24,山田　莞慈,1,MF,86,先発,0,0,0,0,0.0
2026/05/31(日) 09:45 キックオフ,北里大学,25,谷口　輝,1,DF,90,先発,0,0,0,0,0.0
2026/05/31(日) 09:45 キックオフ,北里大学,9,金坂　優飛,2,FW,52,控え,1,0,1,0,0.0
2026/05/31(日) 09:45 キックオフ,北里大学,13,村上　俊太郎,2,MF,4,控え,0,0,0,0,0.0
2026/05/31(日) 09:45 キックオフ,北里大学,15,川口　大翔,2,FW,21,控え,0,0,0,0,0.0
2026/05/31(日) 11:00 キックオフ,工学院大学,46,加藤　旭陽,4,GK,90,先発,0,0,0,0,0.0
2026/05/31(日) 11:00 キックオフ,工学院大学,4,沼野　碧葉,2,DF,90,先発,0,0,0,0,0.0
2026/05/31(日) 11:00 キックオフ,工学院大学,5,小林　優翔,3,DF,62,先発,0,0,0,0,0.0
2026/05/31(日) 11:00 キックオフ,工学院大学,15,塩入　大寿,不明,DF,90,先発,0,2,2,0,0.0
2026/05/31(日) 11:00 キックオフ,工学院大学,23,後藤　柚希,3,DF,90,先発,0,2,2,0,0.0
2026/05/31(日) 11:00 キックオフ,工学院大学,6,芝　陸斗,3,MF,90,先発,0,1,1,0,0.0
2026/05/31(日) 11:00 キックオフ,工学院大学,10,樋本　杷瑠,3,MF,90,先発,1,2,3,1,33.3
2026/05/31(日) 11:00 キックオフ,工学院大学,11,大海　太輔,3,MF,75,先発,2,0,2,1,50.0
2026/05/31(日) 11:00 キックオフ,工学院大学,14,吉田　陽,3,MF,62,先発,1,0,1,1,100.0
2026/05/31(日) 11:00 キックオフ,工学院大学,40,市川　航,1,MF,87,先発,0,0,0,0,0.0
2026/05/31(日) 11:00 キックオフ,工学院大学,45,鈴木　伶,3,MF,62,先発,0,1,1,0,0.0
2026/05/31(日) 11:00 キックオフ,工学院大学,2,吉原　龍之介,3,DF,28,控え,0,0,0,0,0.0
2026/05/31(日) 11:00 キックオフ,工学院大学,21,非浦　海大,3,DF,3,控え,0,0,0,0,0.0
2026/05/31(日) 11:00 キックオフ,工学院大学,7,大塚　東翔,3,MF,0,控え,0,0,0,0,0.0
2026/05/31(日) 11:00 キックオフ,工学院大学,17,野村　慶太,3,MF,0,控え,0,0,0,0,0.0
2026/05/31(日) 11:00 キックオフ,工学院大学,19,金子　豪留,2,MF,28,控え,0,0,0,0,0.0
2026/05/31(日) 11:00 キックオフ,工学院大学,24,菊地　健,3,MF,0,控え,0,0,0,0,0.0
2026/05/31(日) 11:00 キックオフ,工学院大学,39,山本　荘志,1,MF,15,控え,0,0,0,0,0.0
2026/05/31(日) 11:00 キックオフ,工学院大学,18,髙瀬　快周,2,FW,28,控え,0,1,1,0,0.0
2026/05/31(日) 11:00 キックオフ,工学院大学,20,馬場　匠吾,3,FW,0,控え,0,0,0,0,0.0
2026/05/31(日) 11:00 キックオフ,国際基督教大学,1,金丸　龍馬,3,GK,90,先発,0,0,0,0,0.0
2026/05/31(日) 11:00 キックオフ,国際基督教大学,6,辻本　晴輝,3,DF,90,先発,0,0,0,0,0.0
2026/05/31(日) 11:00 キックオフ,国際基督教大学,14,今井　獅優,2,DF,90,先発,0,0,0,0,0.0
2026/05/31(日) 11:00 キックオフ,国際基督教大学,4,益子　瑞基,3,MF,90,先発,0,0,0,0,0.0
2026/05/31(日) 11:00 キックオフ,国際基督教大学,7,川端　遼太郎,1,MF,90,先発,1,1,2,0,0.0
2026/05/31(日) 11:00 キックオフ,国際基督教大学,10,法亢　咲太朗,3,MF,90,先発,0,0,0,0,0.0
2026/05/31(日) 11:00 キックオフ,国際基督教大学,17,高橋　孝輔,2,MF,90,先発,0,1,1,0,0.0
2026/05/31(日) 11:00 キックオフ,国際基督教大学,9,山脇　幹大,3,FW,45,先発,0,0,0,0,0.0
2026/05/31(日) 11:00 キックオフ,国際基督教大学,11,川端　晃太郎,2,FW,90,先発,1,2,3,0,0.0
2026/05/31(日) 11:00 キックオフ,国際基督教大学,18,塩田　エルカナ,3,FW,64,先発,0,0,0,0,0.0
2026/05/31(日) 11:00 キックオフ,国際基督教大学,24,松平　雅史,1,FW,83,先発,0,0,0,0,0.0
2026/05/31(日) 11:00 キックオフ,国際基督教大学,23,デジョンケール　マーティンアレクサンドル,3,GK,0,控え,0,0,0,0,0.0
2026/05/31(日) 11:00 キックオフ,国際基督教大学,2,中丸　泰知,3,DF,0,控え,0,0,0,0,0.0
2026/05/31(日) 11:00 キックオフ,国際基督教大学,3,茂呂　健輔,2,MF,0,控え,0,0,0,0,0.0
2026/05/31(日) 11:00 キックオフ,国際基督教大学,13,清野山　侑希,2,MF,7,控え,0,0,0,0,0.0
2026/05/31(日) 11:00 キックオフ,国際基督教大学,21,長谷川　滉,2,MF,45,控え,0,0,0,0,0.0
2026/05/31(日) 11:00 キックオフ,国際基督教大学,22,物江　陸,1,MF,26,控え,0,0,0,0,0.0
2026/05/31(日) 11:00 キックオフ,国際基督教大学,28,アレン　健クライブ,3,MF,7,控え,0,0,0,0,0.0
2026/05/31(日) 11:00 キックオフ,国際基督教大学,30,福田　快耀,1,MF,0,控え,0,0,0,0,0.0
2026/05/31(日) 11:00 キックオフ,国際基督教大学,20,森　至悠,2,FW,0,控え,0,0,0,0,0.0
2026/05/31(日) 12:00 キックオフ,東京薬科大学,99,吉岡　佑,3,GK,90,先発,0,0,0,0,0.0
2026/05/31(日) 12:00 キックオフ,東京薬科大学,5,大口　峻平,3,DF,90,先発,0,1,1,0,0.0
2026/05/31(日) 12:00 キックオフ,東京薬科大学,20,谷川　博飛,2,DF,90,先発,0,0,0,0,0.0
2026/05/31(日) 12:00 キックオフ,東京薬科大学,65,石下　遥大,2,DF,84,先発,0,0,0,0,0.0
2026/05/31(日) 12:00 キックオフ,東京薬科大学,77,関田　葵,1,DF,90,先発,0,0,0,0,0.0
2026/05/31(日) 12:00 キックオフ,東京薬科大学,6,向所　咲人,2,MF,90,先発,0,4,4,0,0.0
2026/05/31(日) 12:00 キックオフ,東京薬科大学,8,阿部　悠大,3,FW,90,先発,0,2,2,0,0.0
2026/05/31(日) 12:00 キックオフ,東京薬科大学,10,小枝　芽生,2,MF,90,先発,1,1,2,1,50.0
2026/05/31(日) 12:00 キックオフ,東京薬科大学,14,野川　健斗,3,MF,84,先発,0,1,1,0,0.0
2026/05/31(日) 12:00 キックオフ,東京薬科大学,33,迫田　春輔,4,MF,90,先発,0,0,0,0,0.0
2026/05/31(日) 12:00 キックオフ,東京薬科大学,67,卜部　陵汰,4,FW,90,先発,3,2,5,0,0.0
2026/05/31(日) 12:00 キックオフ,東京薬科大学,7,倉田　昇正,2,MF,6,控え,0,0,0,0,0.0
2026/05/31(日) 12:00 キックオフ,東京薬科大学,18,橘井　奏汰,1,MF,6,控え,0,0,0,0,0.0
2026/05/31(日) 12:00 キックオフ,東京農工大学,12,影山　剛,3,GK,90,先発,0,0,0,0,0.0
2026/05/31(日) 12:00 キックオフ,東京農工大学,5,入江　優大,3,MF,90,先発,5,2,7,2,28.6
2026/05/31(日) 12:00 キックオフ,東京農工大学,6,生田　楽,1,MF,61,先発,3,0,3,2,66.7
2026/05/31(日) 12:00 キックオフ,東京農工大学,8,武田　泰治,3,MF,46,先発,0,0,0,0,0.0
2026/05/31(日) 12:00 キックオフ,東京農工大学,9,西村　政信,2,DF,90,先発,0,0,0,0,0.0
2026/05/31(日) 12:00 キックオフ,東京農工大学,10,大野　晃世,3,FW,90,先発,2,0,2,0,0.0
2026/05/31(日) 12:00 キックオフ,東京農工大学,14,中山　千尋,2,MF,81,先発,0,0,0,0,0.0
2026/05/31(日) 12:00 キックオフ,東京農工大学,16,長井　琉冴,2,FW,61,先発,1,0,1,0,0.0
2026/05/31(日) 12:00 キックオフ,東京農工大学,18,安藤　尊琉,1,DF,90,先発,0,0,0,0,0.0
2026/05/31(日) 12:00 キックオフ,東京農工大学,23,西川　桜冴,2,DF,90,先発,0,0,0,0,0.0
2026/05/31(日) 12:00 キックオフ,東京農工大学,29,保井　伶太,1,MF,61,先発,0,0,0,0,0.0
2026/05/31(日) 12:00 キックオフ,東京農工大学,3,丸山　馨矢,3,DF,0,控え,0,0,0,0,0.0
2026/05/31(日) 12:00 キックオフ,東京農工大学,7,山田　大喜,3,MF,29,控え,0,1,1,0,0.0
2026/05/31(日) 12:00 キックオフ,東京農工大学,11,植竹　優大,3,FW,29,控え,0,0,0,0,0.0
2026/05/31(日) 12:00 キックオフ,東京農工大学,17,髙垣　登希生,2,MF,29,控え,0,0,0,0,0.0
2026/05/31(日) 12:00 キックオフ,東京農工大学,15,布施　諒大,2,MF,44,控え,0,0,0,0,0.0
2026/05/31(日) 12:00 キックオフ,東京農工大学,24,坂口　大和,3,FW,0,控え,0,0,0,0,0.0
2026/05/31(日) 12:00 キックオフ,東京農工大学,30,立川　晴季,1,MF,9,控え,0,0,0,0,0.0
2026/05/31(日) 12:00 キックオフ,東京外国語大学,4,小野　琉智,3,MF,90,先発,0,0,0,0,0.0
2026/05/31(日) 12:00 キックオフ,東京外国語大学,5,樋口　翼,2,DF,90,先発,0,0,0,0,0.0
2026/05/31(日) 12:00 キックオフ,東京外国語大学,7,長野　海星,3,FW,65,先発,0,2,2,0,0.0
2026/05/31(日) 12:00 キックオフ,東京外国語大学,8,江藤　弘太,2,MF,90,先発,2,2,4,1,25.0
2026/05/31(日) 12:00 キックオフ,東京外国語大学,9,小田　凱,2,FW,65,先発,0,0,0,0,0.0
2026/05/31(日) 12:00 キックオフ,東京外国語大学,10,則本　雄大,3,MF,90,先発,0,0,0,0,0.0
2026/05/31(日) 12:00 キックオフ,東京外国語大学,11,依田　理人,2,MF,84,先発,1,1,2,0,0.0
2026/05/31(日) 12:00 キックオフ,東京外国語大学,18,高橋　航希,4,FW,90,先発,2,1,3,0,0.0
2026/05/31(日) 12:00 キックオフ,東京外国語大学,22,刑部　諒真,3,DF,70,先発,0,0,0,0,0.0
2026/05/31(日) 12:00 キックオフ,東京外国語大学,25,池田　怜生,3,DF,81,先発,0,0,0,0,0.0
2026/05/31(日) 12:00 キックオフ,東京外国語大学,52,ベント莉音　エドワード,2,GK,90,先発,0,0,0,0,0.0
2026/05/31(日) 12:00 キックオフ,東京外国語大学,1,山田　真慧,1,GK,0,控え,0,0,0,0,0.0
2026/05/31(日) 12:00 キックオフ,東京外国語大学,2,増山　滉士,3,DF,0,控え,0,0,0,0,0.0
2026/05/31(日) 12:00 キックオフ,東京外国語大学,12,溝田　喜元,1,FW,0,控え,0,0,0,0,0.0
2026/05/31(日) 12:00 キックオフ,東京外国語大学,13,福田　卓矢,4,FW,6,控え,0,0,0,0,0.0
2026/05/31(日) 12:00 キックオフ,東京外国語大学,15,パク　シウ,3,FW,20,控え,0,0,0,1,0.0
2026/05/31(日) 12:00 キックオフ,東京外国語大学,23,高橋　翔,4,MF,9,控え,0,0,0,0,0.0
2026/05/31(日) 12:00 キックオフ,東京外国語大学,34,大津　怜,2,DF,25,控え,0,0,0,0,0.0
2026/05/31(日) 12:00 キックオフ,東京外国語大学,42,澤田　和斉,1,FW,0,控え,0,0,0,0,0.0
2026/05/31(日) 12:00 キックオフ,東京外国語大学,47,杉浦　裕祐,1,MF,25,控え,0,0,0,0,0.0
2026/05/31(日) 12:00 キックオフ,東京科学大学,1,中野　陽介,4,GK,90,先発,0,0,0,0,0.0
2026/05/31(日) 12:00 キックオフ,東京科学大学,4,宮本　空,4,DF,90,先発,0,0,0,0,0.0
2026/05/31(日) 12:00 キックオフ,東京科学大学,5,末木　孝幸,4,DF,90,先発,0,1,1,1,100.0
2026/05/31(日) 12:00 キックオフ,東京科学大学,9,高篠　悠太,4,MF,81,先発,2,0,2,1,50.0
2026/05/31(日) 12:00 キックオフ,東京科学大学,10,木村　淳之介,3,MF,70,先発,1,1,2,1,50.0
2026/05/31(日) 12:00 キックオフ,東京科学大学,15,安藤　晃大,4,MF,90,先発,1,0,1,0,0.0
2026/05/31(日) 12:00 キックオフ,東京科学大学,17,原田　航太,2,MF,90,先発,1,0,1,0,0.0
2026/05/31(日) 12:00 キックオフ,東京科学大学,27,島村　泰輝,3,DF,90,先発,0,0,0,0,0.0
2026/05/31(日) 12:00 キックオフ,東京科学大学,38,亀田　怜大,4,DF,90,先発,0,0,0,0,0.0
2026/05/31(日) 12:00 キックオフ,東京科学大学,77,田口　晴大,2,FW,73,先発,1,0,1,0,0.0
2026/05/31(日) 12:00 キックオフ,東京科学大学,95,小林　和楽,2,MF,90,先発,0,2,2,0,0.0
2026/05/31(日) 12:00 キックオフ,東京科学大学,7,巽　裕太郎,3,MF,0,控え,0,0,0,0,0.0
2026/05/31(日) 12:00 キックオフ,東京科学大学,12,半田　紘佑,3,FW,9,控え,0,0,0,0,0.0
2026/05/31(日) 12:00 キックオフ,東京科学大学,16,山中　翔悟,2,FW,17,控え,0,1,1,0,0.0
2026/05/31(日) 12:00 キックオフ,東京科学大学,21,田中　碧太,3,MF,0,控え,0,0,0,0,0.0
2026/05/31(日) 12:00 キックオフ,東京科学大学,25,緑川　侑馬,1,DF,0,控え,0,0,0,0,0.0
2026/05/31(日) 12:00 キックオフ,東京科学大学,30,渡邉　孔生,3,DF,0,控え,0,0,0,0,0.0
2026/05/31(日) 12:00 キックオフ,東京科学大学,31,加茂　治樹,3,GK,0,控え,0,0,0,0,0.0
2026/05/31(日) 12:00 キックオフ,東京科学大学,35,星川　航祐,2,DF,0,控え,0,0,0,0,0.0
2026/05/31(日) 12:00 キックオフ,東京科学大学,51,村井　杏介,3,MF,20,控え,0,0,0,0,0.0
2026/05/31(日) 14:30 キックオフ,日本大学生物資源科学部,21,妻木 湧,3,GK,90,先発,0,0,0,0,0.0
2026/05/31(日) 14:30 キックオフ,日本大学生物資源科学部,5,山田 藍良,3,DF,90,先発,0,0,0,0,0.0
2026/05/31(日) 14:30 キックオフ,日本大学生物資源科学部,6,石塚 南琉,4,DF,90,先発,0,1,1,0,0.0
2026/05/31(日) 14:30 キックオフ,日本大学生物資源科学部,33,原田 植,4,DF,90,先発,0,0,0,0,0.0
2026/05/31(日) 14:30 キックオフ,日本大学生物資源科学部,8,濱崎 新大,3,MF,90,先発,1,6,7,3,42.9
2026/05/31(日) 14:30 キックオフ,日本大学生物資源科学部,10,都留 佑斗,4,MF,90,先発,2,2,4,0,0.0
2026/05/31(日) 14:30 キックオフ,日本大学生物資源科学部,14,関 寧央,3,MF,90,先発,0,1,1,0,0.0
2026/05/31(日) 14:30 キックオフ,日本大学生物資源科学部,15,今出 遼太,2,MF,60,先発,0,0,0,0,0.0
2026/05/31(日) 14:30 キックオフ,日本大学生物資源科学部,17,小林 琉云,2,MF,90,先発,0,1,1,0,0.0
2026/05/31(日) 14:30 キックオフ,日本大学生物資源科学部,11,青山 航,3,MF,90,先発,0,0,0,0,0.0
2026/05/31(日) 14:30 キックオフ,日本大学生物資源科学部,9,齋藤 快叶,3,FW,90,先発,5,2,7,2,28.6
2026/05/31(日) 14:30 キックオフ,日本大学生物資源科学部,12,青山 大地,3,DF,0,控え,0,0,0,0,0.0
2026/05/31(日) 14:30 キックオフ,日本大学生物資源科学部,29,袴田 結太,2,DF,0,控え,0,0,0,0,0.0
2026/05/31(日) 14:30 キックオフ,日本大学生物資源科学部,13,藥袋 倖正,2,DF,0,控え,0,0,0,0,0.0
2026/05/31(日) 14:30 キックオフ,日本大学生物資源科学部,25,新井 波琉人,3,DF,0,控え,0,0,0,0,0.0
2026/05/31(日) 14:30 キックオフ,日本大学生物資源科学部,99,小枝 蓮之,2,DF,0,控え,0,0,0,0,0.0
2026/05/31(日) 14:30 キックオフ,日本大学生物資源科学部,2,廣川 仁人,2,MF,0,控え,0,0,0,0,0.0
2026/05/31(日) 14:30 キックオフ,日本大学生物資源科学部,22,佐藤 大志,2,MF,0,控え,0,0,0,0,0.0
2026/05/31(日) 14:30 キックオフ,日本大学生物資源科学部,18,鈴木 貴晶,2,MF,0,控え,0,0,0,0,0.0
2026/05/31(日) 14:30 キックオフ,日本大学生物資源科学部,19,加瀬 広河,3,MF,30,控え,0,1,1,0,0.0
2026/05/31(日) 14:30 キックオフ,松蔭大学・横浜商科大学,30,藤井　寛太,1,GK,90,先発,0,0,0,0,0.0
2026/05/31(日) 14:30 キックオフ,松蔭大学・横浜商科大学,10,上田　祐雅,4,DF,90,先発,0,0,0,0,0.0
2026/05/31(日) 14:30 キックオフ,松蔭大学・横浜商科大学,14,安部　光,3,DF,80,先発,0,0,0,0,0.0
2026/05/31(日) 14:30 キックオフ,松蔭大学・横浜商科大学,5,森　海璃,4,MF,90,先発,2,0,2,0,0.0
2026/05/31(日) 14:30 キックオフ,松蔭大学・横浜商科大学,6,奥原　空,4,MF,69,先発,0,2,2,0,0.0
2026/05/31(日) 14:30 キックオフ,松蔭大学・横浜商科大学,12,渋谷　未浬,1,MF,90,先発,2,0,2,0,0.0
2026/05/31(日) 14:30 キックオフ,松蔭大学・横浜商科大学,17,吉川　虎十朗,3,MF,90,先発,0,0,0,0,0.0
2026/05/31(日) 14:30 キックオフ,松蔭大学・横浜商科大学,23,太田　直哉,1,MF,90,先発,0,1,1,1,100.0
2026/05/31(日) 14:30 キックオフ,松蔭大学・横浜商科大学,9,大森　俊輔,3,FW,90,先発,3,0,3,0,0.0
2026/05/31(日) 14:30 キックオフ,松蔭大学・横浜商科大学,11,佐々木　優斗,4,FW,90,先発,2,1,3,0,0.0
2026/05/31(日) 14:30 キックオフ,松蔭大学・横浜商科大学,22,関　碧生,3,FW,55,先発,1,0,1,0,0.0
2026/05/31(日) 14:30 キックオフ,松蔭大学・横浜商科大学,13,塩幡　優汰,1,DF,0,控え,0,0,0,0,0.0
2026/05/31(日) 14:30 キックオフ,松蔭大学・横浜商科大学,3,文田　知斗,1,MF,0,控え,0,0,0,0,0.0
2026/05/31(日) 14:30 キックオフ,松蔭大学・横浜商科大学,7,生田目　隼輔,3,MF,35,控え,0,1,1,1,100.0
2026/05/31(日) 14:30 キックオフ,松蔭大学・横浜商科大学,15,飯塚　友哉,1,MF,0,控え,0,0,0,0,0.0
2026/05/31(日) 14:30 キックオフ,松蔭大学・横浜商科大学,24,伴　昂史朗,2,MF,0,控え,0,0,0,0,0.0
2026/05/31(日) 14:30 キックオフ,松蔭大学・横浜商科大学,26,淺沼　真拓,2,MF,21,控え,0,0,0,0,0.0
2026/05/31(日) 14:30 キックオフ,松蔭大学・横浜商科大学,28,中村　久人,1,FW,10,控え,0,0,0,0,0.0
2026/05/31(日) 15:45 キックオフ,武蔵野大学,3,澤中 颯汰,4,DF,90,先発,0,1,1,0,0.0
2026/05/31(日) 15:45 キックオフ,武蔵野大学,7,柵木 駿飛,2,FW,69,先発,0,0,0,0,0.0
2026/05/31(日) 15:45 キックオフ,武蔵野大学,9,佐藤 春斗,2,FW,64,先発,0,0,0,0,0.0
2026/05/31(日) 15:45 キックオフ,武蔵野大学,11,菊地 伶王,3,MF,90,先発,2,0,2,0,0.0
2026/05/31(日) 15:45 キックオフ,武蔵野大学,20,渡邉 充輝,2,FW,64,先発,1,0,1,0,0.0
2026/05/31(日) 15:45 キックオフ,武蔵野大学,27,小杉 太一,4,GK,90,先発,0,0,0,0,0.0
2026/05/31(日) 15:45 キックオフ,武蔵野大学,29,石井 郁也,2,DF,90,先発,0,0,0,0,0.0
2026/05/31(日) 15:45 キックオフ,武蔵野大学,32,落合 侃太,4,MF,90,先発,0,0,0,0,0.0
2026/05/31(日) 15:45 キックオフ,武蔵野大学,37,嶋根 友太,4,MF,90,先発,0,0,0,0,0.0
2026/05/31(日) 15:45 キックオフ,武蔵野大学,38,高瀬 快斗,3,DF,90,先発,0,1,1,0,0.0
2026/05/31(日) 15:45 キックオフ,武蔵野大学,47,宮谷 友大,4,DF,80,先発,2,0,2,1,50.0
2026/05/31(日) 15:45 キックオフ,武蔵野大学,1,有澤　大心,1,GK,0,控え,0,0,0,0,0.0
2026/05/31(日) 15:45 キックオフ,武蔵野大学,10,米山 拓真,2,FW,26,控え,0,1,1,0,0.0
2026/05/31(日) 15:45 キックオフ,武蔵野大学,16,奥田 羚,4,MF,10,控え,0,0,0,0,0.0
2026/05/31(日) 15:45 キックオフ,武蔵野大学,22,須永　陸斗,1,FW,0,控え,0,0,0,0,0.0
2026/05/31(日) 15:45 キックオフ,武蔵野大学,23,須藤 柊吾,4,FW,26,控え,0,0,0,0,0.0
2026/05/31(日) 15:45 キックオフ,武蔵野大学,33,恩河 真生,3,DF,0,控え,0,0,0,0,0.0
2026/05/31(日) 15:45 キックオフ,武蔵野大学,79,西谷　天翔,1,FW,0,控え,0,0,0,0,0.0
2026/05/31(日) 15:45 キックオフ,武蔵野大学,88,澤田 陸希,4,DF,21,控え,0,0,0,0,0.0
2026/05/31(日) 15:45 キックオフ,武蔵野大学,2,河村　幹太郎,1,DF,0,控え,0,0,0,0,0.0
2026/05/31(日) 15:45 キックオフ,横浜市立大学（神奈川県）,3,加藤　真流斗,4,MF,90,先発,0,1,1,0,0.0
2026/05/31(日) 15:45 キックオフ,横浜市立大学（神奈川県）,4,峯村　哲平,3,DF,86,先発,0,0,0,0,0.0
2026/05/31(日) 15:45 キックオフ,横浜市立大学（神奈川県）,6,東島　玄治,2,MF,69,先発,0,0,0,0,0.0
2026/05/31(日) 15:45 キックオフ,横浜市立大学（神奈川県）,7,放崎　　結生,3,FW,90,先発,1,2,3,0,0.0
2026/05/31(日) 15:45 キックオフ,横浜市立大学（神奈川県）,8,宮越　葵,2,FW,78,先発,0,0,0,0,0.0
2026/05/31(日) 15:45 キックオフ,横浜市立大学（神奈川県）,9,清沢　翼,3,FW,90,先発,0,2,2,0,0.0
2026/05/31(日) 15:45 キックオフ,横浜市立大学（神奈川県）,11,錦戸　寛人,3,FW,54,先発,1,0,1,0,0.0
2026/05/31(日) 15:45 キックオフ,横浜市立大学（神奈川県）,14,小松　隆之介,2,MF,90,先発,0,1,1,0,0.0
2026/05/31(日) 15:45 キックオフ,横浜市立大学（神奈川県）,24,若林　周祐,2,MF,90,先発,0,1,1,0,0.0
2026/05/31(日) 15:45 キックオフ,横浜市立大学（神奈川県）,31,中村　　旭陽,3,GK,90,先発,0,0,0,0,0.0
2026/05/31(日) 15:45 キックオフ,横浜市立大学（神奈川県）,33,横田　　智風,3,DF,63,先発,0,0,0,0,0.0
2026/05/31(日) 15:45 キックオフ,横浜市立大学（神奈川県）,5,鈴木　和真,2,DF,4,控え,0,0,0,0,0.0
2026/05/31(日) 15:45 キックオフ,横浜市立大学（神奈川県）,10,山田　　遼大,4,FW,36,控え,0,0,0,0,0.0
2026/05/31(日) 15:45 キックオフ,横浜市立大学（神奈川県）,12,上原　宗賢,2,FW,12,控え,0,0,0,0,0.0
2026/05/31(日) 15:45 キックオフ,横浜市立大学（神奈川県）,13,小林　琉,3,FW,27,控え,0,1,1,1,100.0
2026/05/31(日) 15:45 キックオフ,横浜市立大学（神奈川県）,17,堀内　成,3,FW,0,控え,0,0,0,0,0.0
2026/05/31(日) 15:45 キックオフ,横浜市立大学（神奈川県）,19,和光　律紀,2,FW,0,控え,0,0,0,0,0.0
2026/05/31(日) 15:45 キックオフ,横浜市立大学（神奈川県）,21,チャーイ　陽斗,2,GK,0,控え,0,0,0,0,0.0
2026/05/31(日) 15:45 キックオフ,横浜市立大学（神奈川県）,22,小山　泰李,3,MF,21,控え,0,0,0,0,0.0
2026/05/31(日) 15:45 キックオフ,横浜市立大学（神奈川県）,25,山下　珀空,2,MF,0,控え,0,0,0,0,0.0
2026/06/07(日) 10:00 キックオフ,和光大学,3,髙橋 昌宏,2,DF,90,先発,0,1,1,0,0.0
2026/06/07(日) 10:00 キックオフ,和光大学,6,鈴木 翼,1,DF,90,先発,0,1,1,1,100.0
2026/06/07(日) 10:00 キックオフ,和光大学,8,橋本 創太,2,MF,90,先発,0,3,3,0,0.0
2026/06/07(日) 10:00 キックオフ,和光大学,10,上大川 蓮,2,MF,90,先発,2,0,2,0,0.0
2026/06/07(日) 10:00 キックオフ,和光大学,13,小口 凜久,1,FW,90,先発,0,0,0,0,0.0
2026/06/07(日) 10:00 キックオフ,和光大学,15,伊東 洸大,1,DF,90,先発,0,0,0,0,0.0
2026/06/07(日) 10:00 キックオフ,和光大学,16,林 湘太,3,DF,90,先発,2,0,2,0,0.0
2026/06/07(日) 10:00 キックオフ,和光大学,21,種茂 倖太,3,GK,90,先発,0,0,0,0,0.0
2026/06/07(日) 10:00 キックオフ,和光大学,22,勝又 輝,2,FW,90,先発,0,0,0,0,0.0
2026/06/07(日) 10:00 キックオフ,和光大学,27,高橋 莉央,1,MF,90,先発,0,1,1,0,0.0
2026/06/07(日) 10:00 キックオフ,和光大学,30,伊藤 叶音,1,MF,90,先発,0,0,0,0,0.0
2026/06/07(日) 10:00 キックオフ,和光大学,9,坂間 雄大,1,MF,0,控え,0,0,0,0,0.0
2026/06/07(日) 10:00 キックオフ,和光大学,19,武中 晄樹,1,FW,0,控え,0,0,0,0,0.0
2026/06/07(日) 10:00 キックオフ,和光大学,24,愛甲 涼唄,2,DF,0,控え,0,0,0,0,0.0
2026/06/07(日) 10:00 キックオフ,和光大学,77,末永 大,1,MF,0,控え,0,0,0,0,0.0
2026/06/07(日) 10:00 キックオフ,電気通信大学,9,市川　寛人,3,FW,85,先発,1,0,1,0,0.0
2026/06/07(日) 10:00 キックオフ,電気通信大学,10,坂庭　輝,1,MF,69,先発,1,1,2,0,0.0
2026/06/07(日) 10:00 キックオフ,電気通信大学,11,佐藤　聡汰,4,MF,81,先発,0,1,1,0,0.0
2026/06/07(日) 10:00 キックオフ,電気通信大学,14,有光　太朗,2,FW,79,先発,0,2,2,2,100.0
2026/06/07(日) 10:00 キックオフ,電気通信大学,15,羽広　碧,1,DF,90,先発,0,0,0,0,0.0
2026/06/07(日) 10:00 キックオフ,電気通信大学,16,藤澤　拓真,3,DF,90,先発,0,0,0,0,0.0
2026/06/07(日) 10:00 キックオフ,電気通信大学,21,林元　颯大,2,DF,90,先発,0,0,0,0,0.0
2026/06/07(日) 10:00 キックオフ,電気通信大学,22,高橋　龍生,2,MF,90,先発,1,0,1,1,100.0
2026/06/07(日) 10:00 キックオフ,電気通信大学,24,落合　祐斗,3,DF,90,先発,0,3,3,1,33.3
2026/06/07(日) 10:00 キックオフ,電気通信大学,29,栗田　直仁,3,MF,79,先発,1,1,2,0,0.0
2026/06/07(日) 10:00 キックオフ,電気通信大学,31,柳野　秀敏,3,GK,90,先発,0,0,0,0,0.0
2026/06/07(日) 10:00 キックオフ,電気通信大学,5,森平　遥大,2,DF,21,控え,0,1,1,1,100.0
2026/06/07(日) 10:00 キックオフ,電気通信大学,8,山下　太誠,4,FW,5,控え,0,0,0,0,0.0
2026/06/07(日) 10:00 キックオフ,電気通信大学,13,朝倉 友彩,4,MF,11,控え,0,0,0,0,0.0
2026/06/07(日) 10:00 キックオフ,電気通信大学,18,堀井　太智,2,MF,0,控え,0,0,0,0,0.0
2026/06/07(日) 10:00 キックオフ,電気通信大学,19,長谷川　奏,2,MF,0,控え,0,0,0,0,0.0
2026/06/07(日) 10:00 キックオフ,電気通信大学,20,姫井　奏,2,DF,0,控え,0,0,0,0,0.0
2026/06/07(日) 10:00 キックオフ,電気通信大学,25,柏木　祐輝,2,FW,11,控え,0,0,0,0,0.0
2026/06/07(日) 10:00 キックオフ,電気通信大学,26,有村　悠貴,2,FW,0,控え,0,0,0,0,0.0
2026/06/07(日) 10:00 キックオフ,電気通信大学,30,鈴木　千博,3,FW,9,控え,0,0,0,0,0.0
2026/06/07(日) 11:00 キックオフ,東京農工大学,5,入江　優大,3,MF,90,先発,1,3,4,2,50.0
2026/06/07(日) 11:00 キックオフ,東京農工大学,6,生田　楽,1,MF,90,先発,0,1,1,0,0.0
2026/06/07(日) 11:00 キックオフ,東京農工大学,7,山田　大喜,3,MF,45,先発,0,0,0,0,0.0
2026/06/07(日) 11:00 キックオフ,東京農工大学,9,西村　政信,2,DF,90,先発,0,0,0,0,0.0
2026/06/07(日) 11:00 キックオフ,東京農工大学,10,大野　晃世,3,FW,90,先発,1,0,1,0,0.0
2026/06/07(日) 11:00 キックオフ,東京農工大学,12,影山　剛,3,GK,90,先発,0,0,0,0,0.0
2026/06/07(日) 11:00 キックオフ,東京農工大学,16,長井　琉冴,2,FW,90,先発,0,0,0,0,0.0
2026/06/07(日) 11:00 キックオフ,東京農工大学,17,髙垣　登希生,2,MF,81,先発,0,0,0,0,0.0
2026/06/07(日) 11:00 キックオフ,東京農工大学,18,安藤　尊琉,1,DF,90,先発,0,0,0,0,0.0
2026/06/07(日) 11:00 キックオフ,東京農工大学,23,西川　桜冴,2,DF,90,先発,0,1,1,0,0.0
2026/06/07(日) 11:00 キックオフ,東京農工大学,29,保井　伶太,1,MF,90,先発,0,3,3,0,0.0
2026/06/07(日) 11:00 キックオフ,東京農工大学,2,佐々木　湧音,1,DF,0,控え,0,0,0,0,0.0
2026/06/07(日) 11:00 キックオフ,東京農工大学,14,中山　千尋,2,MF,45,控え,0,0,0,0,0.0
2026/06/07(日) 11:00 キックオフ,東京農工大学,15,布施　諒大,2,MF,9,控え,0,0,0,0,0.0
2026/06/07(日) 11:00 キックオフ,松蔭大学・横浜商科大学,4,菅野　泰斗,2,DF,90,先発,0,0,0,0,0.0
2026/06/07(日) 11:00 キックオフ,松蔭大学・横浜商科大学,7,生田目　隼輔,3,MF,90,先発,1,0,1,1,100.0
2026/06/07(日) 11:00 キックオフ,松蔭大学・横浜商科大学,9,大森　俊輔,3,FW,84,先発,1,1,2,0,0.0
2026/06/07(日) 11:00 キックオフ,松蔭大学・横浜商科大学,10,上田　祐雅,4,DF,90,先発,2,1,3,0,0.0
2026/06/07(日) 11:00 キックオフ,松蔭大学・横浜商科大学,11,佐々木　優斗,4,FW,90,先発,1,4,5,0,0.0
2026/06/07(日) 11:00 キックオフ,松蔭大学・横浜商科大学,12,渋谷　未浬,1,MF,90,先発,0,2,2,0,0.0
2026/06/07(日) 11:00 キックオフ,松蔭大学・横浜商科大学,13,塩幡　優汰,1,DF,90,先発,0,1,1,1,100.0
2026/06/07(日) 11:00 キックオフ,松蔭大学・横浜商科大学,14,安部　光,3,DF,90,先発,0,0,0,0,0.0
2026/06/07(日) 11:00 キックオフ,松蔭大学・横浜商科大学,17,吉川　虎十朗,3,MF,90,先発,0,0,0,0,0.0
2026/06/07(日) 11:00 キックオフ,松蔭大学・横浜商科大学,20,福田　開人,4,GK,90,先発,0,0,0,0,0.0
2026/06/07(日) 11:00 キックオフ,松蔭大学・横浜商科大学,23,太田　直哉,1,MF,77,先発,1,1,2,0,0.0
2026/06/07(日) 11:00 キックオフ,松蔭大学・横浜商科大学,3,文田　知斗,1,MF,0,控え,0,0,0,0,0.0
2026/06/07(日) 11:00 キックオフ,松蔭大学・横浜商科大学,15,飯塚　友哉,1,MF,0,控え,0,0,0,0,0.0
2026/06/07(日) 11:00 キックオフ,松蔭大学・横浜商科大学,18,小泉　大輔,2,FW,13,控え,0,1,1,0,0.0
2026/06/07(日) 11:00 キックオフ,松蔭大学・横浜商科大学,22,関　碧生,3,FW,0,控え,0,0,0,0,0.0
2026/06/07(日) 11:00 キックオフ,松蔭大学・横浜商科大学,24,伴　昂史朗,2,MF,0,控え,0,0,0,0,0.0
2026/06/07(日) 11:00 キックオフ,松蔭大学・横浜商科大学,28,中村　久人,1,FW,6,控え,0,0,0,0,0.0
2026/06/07(日) 11:00 キックオフ,松蔭大学・横浜商科大学,29,三瓶　那由多,1,FW,0,控え,0,0,0,0,0.0
2026/06/07(日) 11:00 キックオフ,松蔭大学・横浜商科大学,30,藤井　寛太,1,GK,0,控え,0,0,0,0,0.0
2026/06/07(日) 11:00 キックオフ,横浜市立大学（神奈川県）,31,中村　　旭陽,3,GK,90,先発,0,0,0,0,0.0
2026/06/07(日) 11:00 キックオフ,横浜市立大学（神奈川県）,3,加藤　真流斗,4,MF,90,先発,0,0,0,0,0.0
2026/06/07(日) 11:00 キックオフ,横浜市立大学（神奈川県）,24,若林　周祐,2,MF,90,先発,0,0,0,0,0.0
2026/06/07(日) 11:00 キックオフ,横浜市立大学（神奈川県）,13,小林　琉,3,FW,90,先発,0,0,0,0,0.0
2026/06/07(日) 11:00 キックオフ,横浜市立大学（神奈川県）,8,宮越　葵,2,FW,90,先発,0,2,2,0,0.0
2026/06/07(日) 11:00 キックオフ,横浜市立大学（神奈川県）,33,横田　　智風,3,DF,90,先発,0,0,0,0,0.0
2026/06/07(日) 11:00 キックオフ,横浜市立大学（神奈川県）,6,東島　玄治,2,MF,90,先発,0,0,0,1,0.0
2026/06/07(日) 11:00 キックオフ,横浜市立大学（神奈川県）,14,小松　隆之介,2,MF,73,先発,0,0,0,0,0.0
2026/06/07(日) 11:00 キックオフ,横浜市立大学（神奈川県）,10,山田　　遼大,4,FW,66,先発,1,1,2,1,50.0
2026/06/07(日) 11:00 キックオフ,横浜市立大学（神奈川県）,7,放崎　　結生,3,FW,84,先発,1,1,2,0,0.0
2026/06/07(日) 11:00 キックオフ,横浜市立大学（神奈川県）,9,清沢　翼,3,FW,90,先発,2,9,11,0,0.0
2026/06/07(日) 11:00 キックオフ,横浜市立大学（神奈川県）,21,チャーイ　陽斗,2,GK,0,控え,0,0,0,0,0.0
2026/06/07(日) 11:00 キックオフ,横浜市立大学（神奈川県）,5,鈴木　和真,2,DF,0,控え,0,0,0,0,0.0
2026/06/07(日) 11:00 キックオフ,横浜市立大学（神奈川県）,4,峯村　哲平,3,DF,0,控え,0,0,0,0,0.0
2026/06/07(日) 11:00 キックオフ,横浜市立大学（神奈川県）,19,和光　律紀,2,FW,0,控え,0,0,0,0,0.0
2026/06/07(日) 11:00 キックオフ,横浜市立大学（神奈川県）,18,東　力也,2,MF,0,控え,0,0,0,0,0.0
2026/06/07(日) 11:00 キックオフ,横浜市立大学（神奈川県）,25,山下　珀空,2,MF,0,控え,0,0,0,0,0.0
2026/06/07(日) 11:00 キックオフ,横浜市立大学（神奈川県）,11,錦戸　寛人,3,FW,24,控え,0,2,2,0,0.0
2026/06/07(日) 11:00 キックオフ,横浜市立大学（神奈川県）,22,小山　泰李,3,MF,17,控え,0,0,0,0,0.0
2026/06/07(日) 11:00 キックオフ,横浜市立大学（神奈川県）,17,堀内　成,3,FW,6,控え,0,0,0,0,0.0
2026/06/07(日) 11:00 キックオフ,工学院大学,46,加藤　旭陽,4,GK,90,先発,0,0,0,0,0.0
2026/06/07(日) 11:00 キックオフ,工学院大学,4,沼野　碧葉,2,DF,90,先発,0,0,0,0,0.0
2026/06/07(日) 11:00 キックオフ,工学院大学,5,小林　優翔,3,DF,90,先発,0,0,0,0,0.0
2026/06/07(日) 11:00 キックオフ,工学院大学,15,塩入　大寿,不明,DF,90,先発,0,0,0,0,0.0
2026/06/07(日) 11:00 キックオフ,工学院大学,23,後藤　柚希,3,DF,90,先発,2,1,3,0,0.0
2026/06/07(日) 11:00 キックオフ,工学院大学,6,芝　陸斗,3,MF,90,先発,0,0,0,0,0.0
2026/06/07(日) 11:00 キックオフ,工学院大学,10,樋本　杷瑠,3,MF,90,先発,1,2,3,0,0.0
2026/06/07(日) 11:00 キックオフ,工学院大学,11,大海　太輔,3,MF,87,先発,2,1,3,0,0.0
2026/06/07(日) 11:00 キックオフ,工学院大学,19,金子　豪留,2,MF,62,先発,1,0,1,0,0.0
2026/06/07(日) 11:00 キックオフ,工学院大学,40,市川　航,1,MF,77,先発,0,0,0,0,0.0
2026/06/07(日) 11:00 キックオフ,工学院大学,45,鈴木　伶,3,MF,90,先発,0,0,0,0,0.0
2026/06/07(日) 11:00 キックオフ,工学院大学,1,高橋　佑宇,3,GK,0,控え,0,0,0,0,0.0
2026/06/07(日) 11:00 キックオフ,工学院大学,2,吉原　龍之介,3,DF,0,控え,0,0,0,0,0.0
2026/06/07(日) 11:00 キックオフ,工学院大学,21,非浦　海大,3,DF,0,控え,0,0,0,0,0.0
2026/06/07(日) 11:00 キックオフ,工学院大学,17,野村　慶太,3,MF,0,控え,0,0,0,0,0.0
2026/06/07(日) 11:00 キックオフ,工学院大学,26,山崎　順平,1,MF,0,控え,0,0,0,0,0.0
2026/06/07(日) 11:00 キックオフ,工学院大学,29,菊池　鷹秀,4,MF,13,控え,0,0,0,0,0.0
2026/06/07(日) 11:00 キックオフ,工学院大学,39,山本　荘志,1,MF,3,控え,0,0,0,0,0.0
2026/06/07(日) 11:00 キックオフ,工学院大学,18,髙瀬　快周,2,FW,28,控え,0,2,2,2,100.0
2026/06/07(日) 11:00 キックオフ,工学院大学,20,馬場　匠吾,3,FW,0,控え,0,0,0,0,0.0
2026/06/07(日) 12:00 キックオフ,都留文科大学,1,濱邊　彗杏,3,GK,90,先発,0,0,0,0,0.0
2026/06/07(日) 12:00 キックオフ,都留文科大学,2,山本　知寛,4,DF,85,先発,0,0,0,1,0.0
2026/06/07(日) 12:00 キックオフ,都留文科大学,6,河本　慎太郎,1,DF,89,先発,1,0,1,0,0.0
2026/06/07(日) 12:00 キックオフ,都留文科大学,7,立川　涼,3,FW,90,先発,1,1,2,1,50.0
2026/06/07(日) 12:00 キックオフ,都留文科大学,8,清　史琉,1,DF,61,先発,0,0,0,0,0.0
2026/06/07(日) 12:00 キックオフ,都留文科大学,10,本部　響希,2,DF,76,先発,1,2,3,1,33.3
2026/06/07(日) 12:00 キックオフ,都留文科大学,11,川島　響介,3,MF,90,先発,2,0,2,0,0.0
2026/06/07(日) 12:00 キックオフ,都留文科大学,14,須田　翔斗,1,FW,45,先発,0,0,0,0,0.0
2026/06/07(日) 12:00 キックオフ,都留文科大学,23,櫻井　奏人,4,DF,90,先発,1,0,1,0,0.0
2026/06/07(日) 12:00 キックオフ,都留文科大学,33,中川　太輝,不明,MF,90,先発,5,1,6,0,0.0
2026/06/07(日) 12:00 キックオフ,都留文科大学,77,前田　千夏,2,MF,90,先発,0,0,0,0,0.0
2026/06/07(日) 12:00 キックオフ,都留文科大学,5,佐々木　洸,3,DF,29,控え,0,0,0,0,0.0
2026/06/07(日) 12:00 キックオフ,都留文科大学,15,吉田　歩夢,4,MF,5,控え,0,0,0,1,0.0
2026/06/07(日) 12:00 キックオフ,都留文科大学,19,和智　零士,1,MF,14,控え,0,0,0,0,0.0
2026/06/07(日) 12:00 キックオフ,都留文科大学,21,鈴木　蒼空,2,MF,45,控え,0,1,1,0,0.0
2026/06/07(日) 12:00 キックオフ,都留文科大学,22,吉田　篤翔,2,DF,0,控え,0,0,0,0,0.0
2026/06/07(日) 12:00 キックオフ,都留文科大学,35,伊海　央祐,3,GK,0,控え,0,0,0,0,0.0
2026/06/07(日) 12:00 キックオフ,都留文科大学,39,武藤　瑞生,1,FW,0,控え,0,0,0,0,0.0
2026/06/07(日) 12:00 キックオフ,都留文科大学,41,村上　陸,2,GK,0,控え,0,0,0,0,0.0
2026/06/07(日) 12:00 キックオフ,都留文科大学,99,岡本　祥希,1,DF,1,控え,0,0,0,0,0.0
2026/06/07(日) 12:00 キックオフ,東京薬科大学,5,大口　峻平,3,DF,90,先発,0,0,0,0,0.0
2026/06/07(日) 12:00 キックオフ,東京薬科大学,6,向所　咲人,2,MF,90,先発,0,0,0,0,0.0
2026/06/07(日) 12:00 キックオフ,東京薬科大学,7,倉田　昇正,2,MF,90,先発,0,1,1,0,0.0
2026/06/07(日) 12:00 キックオフ,東京薬科大学,10,小枝　芽生,2,MF,90,先発,0,0,0,0,0.0
2026/06/07(日) 12:00 キックオフ,東京薬科大学,12,齊藤　一郎,2,DF,90,先発,0,0,0,0,0.0
2026/06/07(日) 12:00 キックオフ,東京薬科大学,18,橘井　奏汰,1,MF,90,先発,0,1,1,0,0.0
2026/06/07(日) 12:00 キックオフ,東京薬科大学,27,山本　駿斗,4,MF,69,先発,0,0,0,0,0.0
2026/06/07(日) 12:00 キックオフ,東京薬科大学,67,卜部　陵汰,4,FW,90,先発,0,1,1,0,0.0
2026/06/07(日) 12:00 キックオフ,東京薬科大学,77,関田　葵,1,DF,83,先発,1,0,1,0,0.0
2026/06/07(日) 12:00 キックオフ,東京薬科大学,99,吉岡　佑,3,GK,90,先発,0,0,0,0,0.0
2026/06/07(日) 12:00 キックオフ,東京薬科大学,20,谷川　博飛,2,DF,90,先発,0,1,1,0,0.0
2026/06/07(日) 12:00 キックオフ,東京薬科大学,2,平瀬　歩夢,3,DF,7,控え,0,0,0,0,0.0
2026/06/07(日) 12:00 キックオフ,東京薬科大学,9,狩野　快斗,2,FW,0,控え,0,0,0,0,0.0
2026/06/07(日) 12:00 キックオフ,東京薬科大学,21,藤田　幸樹,1,MF,21,控え,0,0,0,0,0.0
2026/06/07(日) 14:30 キックオフ,東京都市大学,3,三枝　昇吾,2,DF,90,先発,0,0,0,0,0.0
2026/06/07(日) 14:30 キックオフ,東京都市大学,7,高木　風輝,4,MF,53,先発,1,1,2,0,0.0
2026/06/07(日) 14:30 キックオフ,東京都市大学,10,田口　二康,3,MF,90,先発,1,1,2,0,0.0
2026/06/07(日) 14:30 キックオフ,東京都市大学,15,菅原　蒼生,4,DF,90,先発,0,1,1,0,0.0
2026/06/07(日) 14:30 キックオフ,東京都市大学,20,小畑　壱蕗,2,FW,82,先発,0,0,0,0,0.0
2026/06/07(日) 14:30 キックオフ,東京都市大学,21,近　一輝,2,MF,90,先発,0,0,0,0,0.0
2026/06/07(日) 14:30 キックオフ,東京都市大学,26,時枝　佑太郎,3,MF,90,先発,0,1,1,0,0.0
2026/06/07(日) 14:30 キックオフ,東京都市大学,29,梅原　　一真,2,DF,68,先発,0,0,0,0,0.0
2026/06/07(日) 14:30 キックオフ,東京都市大学,41,下迫　璃玖,2,GK,90,先発,0,0,0,0,0.0
2026/06/07(日) 14:30 キックオフ,東京都市大学,72,友成　志道,2,MF,61,先発,1,0,1,0,0.0
2026/06/07(日) 14:30 キックオフ,東京都市大学,77,城定　諒冴,2,MF,46,先発,0,0,0,0,0.0
2026/06/07(日) 14:30 キックオフ,東京都市大学,1,山本　絢太,3,GK,0,控え,0,0,0,0,0.0
2026/06/07(日) 14:30 キックオフ,東京都市大学,2,伊藤　晃大,2,DF,0,控え,0,0,0,0,0.0
2026/06/07(日) 14:30 キックオフ,東京都市大学,4,阿部　純太,3,DF,22,控え,0,0,0,0,0.0
2026/06/07(日) 14:30 キックオフ,東京都市大学,8,芹沢　朔太郎,3,FW,0,控え,0,0,0,0,0.0
2026/06/07(日) 14:30 キックオフ,東京都市大学,11,青木　春翔,2,FW,8,控え,0,0,0,0,0.0
2026/06/07(日) 14:30 キックオフ,東京都市大学,12,岩永　碧,1,MF,0,控え,0,0,0,0,0.0
2026/06/07(日) 14:30 キックオフ,東京都市大学,16,今福　陸希,1,MF,44,控え,0,0,0,0,0.0
2026/06/07(日) 14:30 キックオフ,東京都市大学,24,深澤　巧樹,2,FW,37,控え,0,0,0,0,0.0
2026/06/07(日) 14:30 キックオフ,東京都市大学,44,唐澤　響,2,MF,29,控え,0,0,0,0,0.0
2026/06/07(日) 14:30 キックオフ,日本大学生物資源科学部,5,山田 藍良,3,DF,90,先発,0,0,0,0,0.0
2026/06/07(日) 14:30 キックオフ,日本大学生物資源科学部,6,石塚 南琉,4,DF,90,先発,0,1,1,0,0.0
2026/06/07(日) 14:30 キックオフ,日本大学生物資源科学部,8,濱崎 新大,3,MF,90,先発,2,4,6,2,33.3
2026/06/07(日) 14:30 キックオフ,日本大学生物資源科学部,9,齋藤 快叶,3,FW,90,先発,2,1,3,1,33.3
2026/06/07(日) 14:30 キックオフ,日本大学生物資源科学部,11,青山 航,3,MF,90,先発,0,0,0,0,0.0
2026/06/07(日) 14:30 キックオフ,日本大学生物資源科学部,12,青山 大地,3,DF,90,先発,0,0,0,0,0.0
2026/06/07(日) 14:30 キックオフ,日本大学生物資源科学部,14,関 寧央,3,MF,90,先発,0,3,3,1,33.3
2026/06/07(日) 14:30 キックオフ,日本大学生物資源科学部,19,加瀬 広河,3,MF,82,先発,2,0,2,0,0.0
2026/06/07(日) 14:30 キックオフ,日本大学生物資源科学部,21,妻木 湧,3,GK,90,先発,0,0,0,0,0.0
2026/06/07(日) 14:30 キックオフ,日本大学生物資源科学部,33,原田 植,4,DF,74,先発,0,0,0,0,0.0
2026/06/07(日) 14:30 キックオフ,日本大学生物資源科学部,15,今出 遼太,2,MF,90,先発,0,4,4,2,50.0
2026/06/07(日) 14:30 キックオフ,日本大学生物資源科学部,2,廣川 仁人,2,MF,0,控え,0,0,0,0,0.0
2026/06/07(日) 14:30 キックオフ,日本大学生物資源科学部,7,武藤 勇史,4,MF,16,控え,0,0,0,0,0.0
2026/06/07(日) 14:30 キックオフ,日本大学生物資源科学部,18,鈴木 貴晶,2,MF,0,控え,0,0,0,0,0.0
2026/06/07(日) 14:30 キックオフ,日本大学生物資源科学部,25,新井 波琉人,3,DF,8,控え,0,0,0,0,0.0
2026/06/07(日) 14:30 キックオフ,日本大学生物資源科学部,29,袴田 結太,2,DF,0,控え,0,0,0,0,0.0
2026/06/07(日) 14:30 キックオフ,日本大学生物資源科学部,30,百瀬 大二郎,4,MF,0,控え,0,0,0,0,0.0
2026/06/07(日) 14:30 キックオフ,日本大学生物資源科学部,99,小枝 蓮之,2,DF,0,控え,0,0,0,0,0.0
2026/06/07(日) 15:30 キックオフ,北里大学,1,瀬尾　陽輔,2,GK,90,先発,0,0,0,0,0.0
2026/06/07(日) 15:30 キックオフ,北里大学,3,中村　仁,2,DF,90,先発,1,0,1,0,0.0
2026/06/07(日) 15:30 キックオフ,北里大学,4,河合 蓮,3,DF,90,先発,0,0,0,0,0.0
2026/06/07(日) 15:30 キックオフ,北里大学,5,杉本　梨央,2,MF,64,先発,0,0,0,0,0.0
2026/06/07(日) 15:30 キックオフ,北里大学,6,深田　泰斗,2,MF,90,先発,0,0,0,1,0.0
2026/06/07(日) 15:30 キックオフ,北里大学,7,北島　大靖,2,MF,90,先発,1,0,1,0,0.0
2026/06/07(日) 15:30 キックオフ,北里大学,14,根岸　清也,2,MF,81,先発,1,0,1,0,0.0
2026/06/07(日) 15:30 キックオフ,北里大学,25,谷口　輝,1,DF,59,先発,0,0,0,0,0.0
2026/06/07(日) 15:30 キックオフ,北里大学,18,内野　翔羽,2,MF,90,先発,2,0,2,1,50.0
2026/06/07(日) 15:30 キックオフ,北里大学,19,小野 嘉永都,3,DF,90,先発,0,0,0,0,0.0
2026/06/07(日) 15:30 キックオフ,北里大学,20,坂内 瑞希,3,DF,90,先発,0,0,0,0,0.0
2026/06/07(日) 15:30 キックオフ,北里大学,8,鈴木　康生,2,MF,0,控え,0,0,0,0,0.0
2026/06/07(日) 15:30 キックオフ,北里大学,9,金坂　優飛,2,FW,31,控え,0,0,0,0,0.0
2026/06/07(日) 15:30 キックオフ,北里大学,12,町口　巧,2,GK,0,控え,0,0,0,0,0.0
2026/06/07(日) 15:30 キックオフ,北里大学,15,川口　大翔,2,FW,0,控え,0,0,0,0,0.0
2026/06/07(日) 15:30 キックオフ,北里大学,22,福田　悠人,1,MF,9,控え,0,0,0,0,0.0
2026/06/07(日) 15:30 キックオフ,北里大学,24,山田　莞慈,1,MF,26,控え,0,0,0,0,0.0
2026/06/07(日) 15:30 キックオフ,東京外国語大学,2,増山　滉士,3,DF,90,先発,1,0,1,0,0.0
2026/06/07(日) 15:30 キックオフ,東京外国語大学,4,小野　琉智,3,MF,45,先発,0,0,0,0,0.0
2026/06/07(日) 15:30 キックオフ,東京外国語大学,5,樋口　翼,2,DF,68,先発,0,0,0,0,0.0
2026/06/07(日) 15:30 キックオフ,東京外国語大学,8,江藤　弘太,2,MF,85,先発,2,0,2,0,0.0
2026/06/07(日) 15:30 キックオフ,東京外国語大学,10,則本　雄大,3,MF,68,先発,1,0,1,0,0.0
2026/06/07(日) 15:30 キックオフ,東京外国語大学,11,依田　理人,2,MF,90,先発,5,0,5,1,20.0
2026/06/07(日) 15:30 キックオフ,東京外国語大学,18,高橋　航希,4,FW,61,先発,4,0,4,2,50.0
2026/06/07(日) 15:30 キックオフ,東京外国語大学,23,高橋　翔,4,MF,90,先発,1,0,1,0,0.0
2026/06/07(日) 15:30 キックオフ,東京外国語大学,25,池田　怜生,3,DF,90,先発,0,0,0,0,0.0
2026/06/07(日) 15:30 キックオフ,東京外国語大学,47,杉浦　裕祐,1,MF,90,先発,2,0,2,0,0.0
2026/06/07(日) 15:30 キックオフ,東京外国語大学,52,ベント莉音　エドワード,2,GK,90,先発,0,0,0,0,0.0
2026/06/07(日) 15:30 キックオフ,東京外国語大学,1,山田　真慧,1,GK,0,控え,0,0,0,0,0.0
2026/06/07(日) 15:30 キックオフ,東京外国語大学,7,長野　海星,3,FW,45,控え,0,0,0,3,0.0
2026/06/07(日) 15:30 キックオフ,東京外国語大学,9,小田　凱,2,FW,0,控え,0,0,0,0,0.0
2026/06/07(日) 15:30 キックオフ,東京外国語大学,12,溝田　喜元,1,FW,29,控え,0,0,0,1,0.0
2026/06/07(日) 15:30 キックオフ,東京外国語大学,13,福田　卓矢,4,FW,0,控え,0,0,0,0,0.0
2026/06/07(日) 15:30 キックオフ,東京外国語大学,15,パク　シウ,3,FW,5,控え,0,0,0,0,0.0
2026/06/07(日) 15:30 キックオフ,東京外国語大学,22,刑部　諒真,3,DF,22,控え,0,0,0,0,0.0
2026/06/07(日) 15:30 キックオフ,東京外国語大学,34,大津　怜,2,DF,22,控え,0,0,0,0,0.0
2026/06/07(日) 15:30 キックオフ,東京外国語大学,42,澤田　和斉,1,FW,0,控え,0,0,0,0,0.0
2026/06/07(日) 16:00 キックオフ,東京科学大学,1,中野　陽介,4,GK,90,先発,0,0,0,0,0.0
2026/06/07(日) 16:00 キックオフ,東京科学大学,4,宮本　空,4,DF,90,先発,0,0,0,0,0.0
2026/06/07(日) 16:00 キックオフ,東京科学大学,5,末木　孝幸,4,DF,90,先発,0,0,0,0,0.0
2026/06/07(日) 16:00 キックオフ,東京科学大学,9,高篠　悠太,4,MF,90,先発,1,0,1,0,0.0
2026/06/07(日) 16:00 キックオフ,東京科学大学,10,木村　淳之介,3,MF,90,先発,3,0,3,0,0.0
2026/06/07(日) 16:00 キックオフ,東京科学大学,16,山中　翔悟,2,FW,56,先発,0,1,1,0,0.0
2026/06/07(日) 16:00 キックオフ,東京科学大学,17,原田　航太,2,MF,90,先発,0,0,0,0,0.0
2026/06/07(日) 16:00 キックオフ,東京科学大学,27,島村　泰輝,3,DF,90,先発,0,0,0,0,0.0
2026/06/07(日) 16:00 キックオフ,東京科学大学,38,亀田　怜大,4,DF,90,先発,0,0,0,0,0.0
2026/06/07(日) 16:00 キックオフ,東京科学大学,77,田口　晴大,2,FW,90,先発,1,0,1,0,0.0
2026/06/07(日) 16:00 キックオフ,東京科学大学,95,小林　和楽,2,MF,90,先発,0,1,1,0,0.0
2026/06/07(日) 16:00 キックオフ,東京科学大学,7,巽　裕太郎,3,MF,0,控え,0,0,0,0,0.0
2026/06/07(日) 16:00 キックオフ,東京科学大学,12,半田　紘佑,3,FW,0,控え,0,0,0,0,0.0
2026/06/07(日) 16:00 キックオフ,東京科学大学,15,安藤　晃大,4,MF,34,控え,0,0,0,0,0.0
2026/06/07(日) 16:00 キックオフ,東京科学大学,18,土田　奏人,3,DF,0,控え,0,0,0,0,0.0
2026/06/07(日) 16:00 キックオフ,東京科学大学,19,村山　裕大,4,FW,0,控え,0,0,0,0,0.0
2026/06/07(日) 16:00 キックオフ,東京科学大学,21,田中　碧太,3,MF,0,控え,0,0,0,0,0.0
2026/06/07(日) 16:00 キックオフ,東京科学大学,31,加茂　治樹,3,GK,0,控え,0,0,0,0,0.0
2026/06/07(日) 16:00 キックオフ,東京科学大学,35,星川　航祐,2,DF,0,控え,0,0,0,0,0.0
2026/06/07(日) 16:00 キックオフ,東京科学大学,51,村井　杏介,3,MF,0,控え,0,0,0,0,0.0
2026/06/07(日) 16:00 キックオフ,武蔵野大学,27,小杉 太一,4,GK,90,先発,0,0,0,0,0.0
2026/06/07(日) 16:00 キックオフ,武蔵野大学,3,澤中 颯汰,4,DF,90,先発,0,0,0,0,0.0
2026/06/07(日) 16:00 キックオフ,武蔵野大学,7,柵木 駿飛,2,FW,78,先発,0,0,0,0,0.0
2026/06/07(日) 16:00 キックオフ,武蔵野大学,9,佐藤 春斗,2,FW,69,先発,1,0,1,0,0.0
2026/06/07(日) 16:00 キックオフ,武蔵野大学,11,菊地 伶王,3,MF,90,先発,1,0,1,0,0.0
2026/06/07(日) 16:00 キックオフ,武蔵野大学,23,須藤 柊吾,4,FW,72,先発,0,0,0,0,0.0
2026/06/07(日) 16:00 キックオフ,武蔵野大学,29,石井 郁也,2,DF,90,先発,0,1,1,0,0.0
2026/06/07(日) 16:00 キックオフ,武蔵野大学,32,落合 侃太,4,MF,90,先発,2,0,2,0,0.0
2026/06/07(日) 16:00 キックオフ,武蔵野大学,38,高瀬 快斗,3,DF,90,先発,1,1,2,1,50.0
2026/06/07(日) 16:00 キックオフ,武蔵野大学,47,宮谷 友大,4,DF,90,先発,0,0,0,0,0.0
2026/06/07(日) 16:00 キックオフ,武蔵野大学,37,嶋根 友太,4,MF,90,先発,0,0,0,0,0.0
2026/06/07(日) 16:00 キックオフ,武蔵野大学,1,有澤　大心,1,GK,0,控え,0,0,0,0,0.0
2026/06/07(日) 16:00 キックオフ,武蔵野大学,2,河村　幹太郎,1,DF,0,控え,0,0,0,0,0.0
2026/06/07(日) 16:00 キックオフ,武蔵野大学,10,米山 拓真,2,FW,0,控え,0,0,0,0,0.0
2026/06/07(日) 16:00 キックオフ,武蔵野大学,16,奥田 羚,4,MF,0,控え,0,0,0,0,0.0
2026/06/07(日) 16:00 キックオフ,武蔵野大学,17,小関　凛太郎,1,DF,0,控え,0,0,0,0,0.0
2026/06/07(日) 16:00 キックオフ,武蔵野大学,26,伴 真翔,3,MF,18,控え,0,0,0,0,0.0
2026/06/07(日) 16:00 キックオフ,武蔵野大学,33,恩河 真生,3,DF,0,控え,0,0,0,0,0.0
2026/06/07(日) 16:00 キックオフ,武蔵野大学,46,駒 廉吾,3,FW,21,控え,0,1,1,0,0.0
2026/06/07(日) 16:00 キックオフ,武蔵野大学,88,澤田 陸希,4,DF,12,控え,0,1,1,0,0.0
2026/06/13(土) 14:00 キックオフ,武蔵野大学,7,柵木 駿飛,2,FW,66,先発,0,1,1,1,100.0
2026/06/13(土) 14:00 キックオフ,武蔵野大学,9,佐藤 春斗,2,FW,70,先発,2,0,2,0,0.0
2026/06/13(土) 14:00 キックオフ,武蔵野大学,11,菊地 伶王,3,MF,90,先発,1,4,5,1,20.0
2026/06/13(土) 14:00 キックオフ,武蔵野大学,23,須藤 柊吾,4,FW,59,先発,2,0,2,0,0.0
2026/06/13(土) 14:00 キックオフ,武蔵野大学,27,小杉 太一,4,GK,90,先発,0,0,0,0,0.0
2026/06/13(土) 14:00 キックオフ,武蔵野大学,29,石井 郁也,2,DF,90,先発,0,1,1,1,100.0
2026/06/13(土) 14:00 キックオフ,武蔵野大学,32,落合 侃太,4,MF,70,先発,1,0,1,0,0.0
2026/06/13(土) 14:00 キックオフ,武蔵野大学,37,嶋根 友太,4,MF,90,先発,0,0,0,0,0.0
2026/06/13(土) 14:00 キックオフ,武蔵野大学,38,高瀬 快斗,3,DF,90,先発,0,1,1,1,100.0
2026/06/13(土) 14:00 キックオフ,武蔵野大学,47,宮谷 友大,4,DF,90,先発,0,1,1,0,0.0
2026/06/13(土) 14:00 キックオフ,武蔵野大学,88,澤田 陸希,4,DF,76,先発,0,0,0,0,0.0
2026/06/13(土) 14:00 キックオフ,武蔵野大学,1,有澤　大心,1,GK,0,控え,0,0,0,0,0.0
2026/06/13(土) 14:00 キックオフ,武蔵野大学,8,假谷 駿翔,3,MF,31,控え,0,0,0,0,0.0
2026/06/13(土) 14:00 キックオフ,武蔵野大学,10,米山 拓真,2,FW,24,控え,0,3,3,0,0.0
2026/06/13(土) 14:00 キックオフ,武蔵野大学,16,奥田 羚,4,MF,0,控え,0,0,0,0,0.0
2026/06/13(土) 14:00 キックオフ,武蔵野大学,20,渡邉 充輝,2,FW,0,控え,0,0,0,0,0.0
2026/06/13(土) 14:00 キックオフ,武蔵野大学,26,伴 真翔,3,MF,20,控え,0,1,1,0,0.0
2026/06/13(土) 14:00 キックオフ,武蔵野大学,46,駒 廉吾,3,FW,20,控え,0,0,0,0,0.0
2026/06/13(土) 14:00 キックオフ,武蔵野大学,2,河村　幹太郎,1,DF,14,控え,0,0,0,0,0.0
2026/06/13(土) 14:00 キックオフ,北里大学,1,瀬尾　陽輔,2,GK,90,先発,0,0,0,0,0.0
2026/06/13(土) 14:00 キックオフ,北里大学,3,中村　仁,2,DF,90,先発,0,0,0,0,0.0
2026/06/13(土) 14:00 キックオフ,北里大学,4,河合 蓮,3,DF,90,先発,0,0,0,0,0.0
2026/06/13(土) 14:00 キックオフ,北里大学,6,深田　泰斗,2,MF,90,先発,0,0,0,0,0.0
2026/06/13(土) 14:00 キックオフ,北里大学,7,北島　大靖,2,MF,90,先発,0,1,1,1,100.0
2026/06/13(土) 14:00 キックオフ,北里大学,8,鈴木　康生,2,MF,45,先発,0,0,0,0,0.0
2026/06/13(土) 14:00 キックオフ,北里大学,9,金坂　優飛,2,FW,90,先発,1,2,3,0,0.0
2026/06/13(土) 14:00 キックオフ,北里大学,18,内野　翔羽,2,MF,90,先発,0,2,2,0,0.0
2026/06/13(土) 14:00 キックオフ,北里大学,20,坂内 瑞希,3,DF,90,先発,0,0,0,0,0.0
2026/06/13(土) 14:00 キックオフ,北里大学,24,山田　莞慈,1,MF,90,先発,0,0,0,0,0.0
2026/06/13(土) 14:00 キックオフ,北里大学,27,吉田　来夢,1,MF,71,先発,0,0,0,0,0.0
2026/06/13(土) 14:00 キックオフ,北里大学,10,北元　空,1,MF,19,控え,0,0,0,0,0.0
2026/06/13(土) 14:00 キックオフ,北里大学,12,町口　巧,2,GK,0,控え,0,0,0,0,0.0
2026/06/13(土) 14:00 キックオフ,北里大学,25,谷口　輝,1,DF,45,控え,0,0,0,0,0.0
2026/06/13(土) 14:50 キックオフ,電気通信大学,9,市川　寛人,3,FW,45,先発,1,0,1,0,0.0
2026/06/13(土) 14:50 キックオフ,電気通信大学,10,坂庭　輝,1,MF,61,先発,1,0,1,0,0.0
2026/06/13(土) 14:50 キックオフ,電気通信大学,11,佐藤　聡汰,4,MF,90,先発,0,2,2,0,0.0
2026/06/13(土) 14:50 キックオフ,電気通信大学,14,有光　太朗,2,FW,90,先発,1,1,2,0,0.0
2026/06/13(土) 14:50 キックオフ,電気通信大学,15,羽広　碧,1,DF,90,先発,0,0,0,0,0.0
2026/06/13(土) 14:50 キックオフ,電気通信大学,16,藤澤　拓真,3,DF,90,先発,0,0,0,0,0.0
2026/06/13(土) 14:50 キックオフ,電気通信大学,18,堀井　太智,2,MF,45,先発,1,0,1,0,0.0
2026/06/13(土) 14:50 キックオフ,電気通信大学,21,林元　颯大,2,DF,90,先発,0,0,0,0,0.0
2026/06/13(土) 14:50 キックオフ,電気通信大学,22,高橋　龍生,2,MF,72,先発,1,0,1,0,0.0
2026/06/13(土) 14:50 キックオフ,電気通信大学,24,落合　祐斗,3,DF,75,先発,1,0,1,0,0.0
2026/06/13(土) 14:50 キックオフ,電気通信大学,31,柳野　秀敏,3,GK,90,先発,0,0,0,0,0.0
2026/06/13(土) 14:50 キックオフ,電気通信大学,5,森平　遥大,2,DF,29,控え,0,0,0,0,0.0
2026/06/13(土) 14:50 キックオフ,電気通信大学,8,山下　太誠,4,FW,0,控え,0,0,0,0,0.0
2026/06/13(土) 14:50 キックオフ,電気通信大学,13,朝倉 友彩,4,MF,0,控え,0,0,0,0,0.0
2026/06/13(土) 14:50 キックオフ,電気通信大学,19,長谷川　奏,2,MF,18,控え,0,1,1,0,0.0
2026/06/13(土) 14:50 キックオフ,電気通信大学,25,柏木　祐輝,2,FW,0,控え,0,0,0,0,0.0
2026/06/13(土) 14:50 キックオフ,電気通信大学,26,有村　悠貴,2,FW,45,控え,0,0,0,0,0.0
2026/06/13(土) 14:50 キックオフ,電気通信大学,28,丹羽　一峻,1,FW,15,控え,0,0,0,0,0.0
2026/06/13(土) 14:50 キックオフ,電気通信大学,29,栗田　直仁,3,MF,45,控え,0,0,0,0,0.0
2026/06/13(土) 14:50 キックオフ,電気通信大学,30,鈴木　千博,3,FW,0,控え,0,0,0,0,0.0
2026/06/13(土) 14:50 キックオフ,東京都市大学,3,三枝　昇吾,2,DF,90,先発,0,0,0,0,0.0
2026/06/13(土) 14:50 キックオフ,東京都市大学,7,高木　風輝,4,MF,85,先発,1,1,2,1,50.0
2026/06/13(土) 14:50 キックオフ,東京都市大学,12,岩永　碧,1,MF,90,先発,0,0,0,0,0.0
2026/06/13(土) 14:50 キックオフ,東京都市大学,15,菅原　蒼生,4,DF,67,先発,1,0,1,1,100.0
2026/06/13(土) 14:50 キックオフ,東京都市大学,16,今福　陸希,1,MF,52,先発,0,0,0,0,0.0
2026/06/13(土) 14:50 キックオフ,東京都市大学,20,小畑　壱蕗,2,FW,80,先発,2,0,2,0,0.0
2026/06/13(土) 14:50 キックオフ,東京都市大学,26,時枝　佑太郎,3,MF,90,先発,0,0,0,0,0.0
2026/06/13(土) 14:50 キックオフ,東京都市大学,29,梅原　　一真,2,DF,90,先発,2,0,2,0,0.0
2026/06/13(土) 14:50 キックオフ,東京都市大学,41,下迫　璃玖,2,GK,90,先発,0,0,0,0,0.0
2026/06/13(土) 14:50 キックオフ,東京都市大学,10,田口　二康,3,MF,90,先発,3,0,3,0,0.0
2026/06/13(土) 14:50 キックオフ,東京都市大学,72,友成　志道,2,MF,80,先発,0,0,0,0,0.0
2026/06/13(土) 14:50 キックオフ,東京都市大学,1,山本　絢太,3,GK,0,控え,0,0,0,0,0.0
2026/06/13(土) 14:50 キックオフ,東京都市大学,2,伊藤　晃大,2,DF,0,控え,0,0,0,0,0.0
2026/06/13(土) 14:50 キックオフ,東京都市大学,4,阿部　純太,3,DF,23,控え,0,0,0,0,0.0
2026/06/13(土) 14:50 キックオフ,東京都市大学,8,芹沢　朔太郎,3,FW,5,控え,0,0,0,0,0.0
2026/06/13(土) 14:50 キックオフ,東京都市大学,11,青木　春翔,2,FW,10,控え,0,1,1,1,100.0
2026/06/13(土) 14:50 キックオフ,東京都市大学,13,秋葉　剛,1,MF,0,控え,0,0,0,0,0.0
2026/06/13(土) 14:50 キックオフ,東京都市大学,17,鷺坂　玲央,1,MF,0,控え,0,0,0,0,0.0
2026/06/13(土) 14:50 キックオフ,東京都市大学,21,近　一輝,2,MF,38,控え,0,0,0,0,0.0
2026/06/13(土) 14:50 キックオフ,東京都市大学,77,城定　諒冴,2,MF,10,控え,0,0,0,0,0.0
2026/06/14(日) 10:30 キックオフ,東京薬科大学,1,横山　聖,3,GK,90,先発,0,0,0,0,0.0
2026/06/14(日) 10:30 キックオフ,東京薬科大学,5,大口　峻平,3,DF,90,先発,0,0,0,0,0.0
2026/06/14(日) 10:30 キックオフ,東京薬科大学,20,谷川　博飛,2,DF,90,先発,1,0,1,0,0.0
2026/06/14(日) 10:30 キックオフ,東京薬科大学,12,齊藤　一郎,2,DF,90,先発,0,0,0,0,0.0
2026/06/14(日) 10:30 キックオフ,東京薬科大学,77,関田　葵,1,DF,90,先発,1,0,1,0,0.0
2026/06/14(日) 10:30 キックオフ,東京薬科大学,6,向所　咲人,2,MF,90,先発,1,1,2,0,0.0
2026/06/14(日) 10:30 キックオフ,東京薬科大学,27,山本　駿斗,4,MF,60,先発,0,0,0,0,0.0
2026/06/14(日) 10:30 キックオフ,東京薬科大学,10,小枝　芽生,2,MF,76,先発,2,0,2,0,0.0
2026/06/14(日) 10:30 キックオフ,東京薬科大学,14,野川　健斗,3,MF,77,先発,0,2,2,0,0.0
2026/06/14(日) 10:30 キックオフ,東京薬科大学,9,狩野　快斗,2,FW,67,先発,1,0,1,1,100.0
2026/06/14(日) 10:30 キックオフ,東京薬科大学,67,卜部　陵汰,4,FW,90,先発,3,0,3,0,0.0
2026/06/14(日) 10:30 キックオフ,東京薬科大学,2,平瀬　歩夢,3,DF,0,控え,0,0,0,0,0.0
2026/06/14(日) 10:30 キックオフ,東京薬科大学,65,石下　遥大,2,DF,14,控え,0,0,0,0,0.0
2026/06/14(日) 10:30 キックオフ,東京薬科大学,11,阿部　滉生,4,FW,13,控え,0,0,0,0,0.0
2026/06/14(日) 10:30 キックオフ,東京薬科大学,18,橘井　奏汰,1,MF,23,控え,0,0,0,0,0.0
2026/06/14(日) 10:30 キックオフ,東京薬科大学,25,田淵　湊翔,2,MF,30,控え,0,0,0,0,0.0
2026/06/14(日) 10:30 キックオフ,国際基督教大学,1,金丸　龍馬,3,GK,90,先発,0,0,0,0,0.0
2026/06/14(日) 10:30 キックオフ,国際基督教大学,6,辻本　晴輝,3,DF,90,先発,1,1,2,0,0.0
2026/06/14(日) 10:30 キックオフ,国際基督教大学,14,今井　獅優,2,DF,90,先発,0,0,0,0,0.0
2026/06/14(日) 10:30 キックオフ,国際基督教大学,4,益子　瑞基,3,MF,73,先発,1,2,3,0,0.0
2026/06/14(日) 10:30 キックオフ,国際基督教大学,7,川端　遼太郎,1,MF,90,先発,3,3,6,0,0.0
2026/06/14(日) 10:30 キックオフ,国際基督教大学,10,法亢　咲太朗,3,MF,90,先発,1,0,1,0,0.0
2026/06/14(日) 10:30 キックオフ,国際基督教大学,13,清野山　侑希,2,MF,46,先発,1,0,1,0,0.0
2026/06/14(日) 10:30 キックオフ,国際基督教大学,17,高橋　孝輔,2,MF,93,先発,0,0,0,0,0.0
2026/06/14(日) 10:30 キックオフ,国際基督教大学,22,物江　陸,1,MF,46,先発,0,0,0,0,0.0
2026/06/14(日) 10:30 キックオフ,国際基督教大学,11,川端　晃太郎,2,FW,90,先発,0,2,2,1,50.0
2026/06/14(日) 10:30 キックオフ,国際基督教大学,24,松平　雅史,1,FW,57,先発,0,0,0,0,0.0
2026/06/14(日) 10:30 キックオフ,国際基督教大学,31,三原　陸翔,4,GK,0,控え,0,0,0,0,0.0
2026/06/14(日) 10:30 キックオフ,国際基督教大学,2,中丸　泰知,3,DF,0,控え,0,0,0,0,0.0
2026/06/14(日) 10:30 キックオフ,国際基督教大学,3,茂呂　健輔,2,MF,0,控え,0,0,0,0,0.0
2026/06/14(日) 10:30 キックオフ,国際基督教大学,15,齊藤　大晴,2,MF,33,控え,0,1,1,1,100.0
2026/06/14(日) 10:30 キックオフ,国際基督教大学,21,長谷川　滉,2,MF,44,控え,0,0,0,0,0.0
2026/06/14(日) 10:30 キックオフ,国際基督教大学,28,アレン　健クライブ,3,MF,17,控え,0,1,1,0,0.0
2026/06/14(日) 10:30 キックオフ,国際基督教大学,30,福田　快耀,1,MF,0,控え,0,0,0,0,0.0
2026/06/14(日) 10:30 キックオフ,国際基督教大学,18,塩田　エルカナ,3,FW,44,控え,0,0,0,0,0.0
2026/06/14(日) 10:30 キックオフ,国際基督教大学,20,森　至悠,2,FW,0,控え,0,0,0,0,0.0
2026/06/14(日) 11:00 キックオフ,工学院大学,46,加藤　旭陽,4,GK,90,先発,0,0,0,0,0.0
2026/06/14(日) 11:00 キックオフ,工学院大学,4,沼野　碧葉,2,DF,90,先発,0,0,0,0,0.0
2026/06/14(日) 11:00 キックオフ,工学院大学,5,小林　優翔,3,DF,90,先発,0,0,0,0,0.0
2026/06/14(日) 11:00 キックオフ,工学院大学,15,塩入　大寿,不明,DF,90,先発,0,0,0,0,0.0
2026/06/14(日) 11:00 キックオフ,工学院大学,23,後藤　柚希,3,DF,90,先発,1,2,3,0,0.0
2026/06/14(日) 11:00 キックオフ,工学院大学,6,芝　陸斗,3,MF,90,先発,0,1,1,0,0.0
2026/06/14(日) 11:00 キックオフ,工学院大学,10,樋本　杷瑠,3,MF,90,先発,0,7,7,0,0.0
2026/06/14(日) 11:00 キックオフ,工学院大学,11,大海　太輔,3,MF,87,先発,1,0,1,0,0.0
2026/06/14(日) 11:00 キックオフ,工学院大学,14,吉田　陽,3,MF,66,先発,0,1,1,0,0.0
2026/06/14(日) 11:00 キックオフ,工学院大学,40,市川　航,1,MF,74,先発,0,0,0,0,0.0
2026/06/14(日) 11:00 キックオフ,工学院大学,45,鈴木　伶,3,MF,66,先発,1,0,1,0,0.0
2026/06/14(日) 11:00 キックオフ,工学院大学,1,高橋　佑宇,3,GK,0,控え,0,0,0,0,0.0
2026/06/14(日) 11:00 キックオフ,工学院大学,21,非浦　海大,3,DF,0,控え,0,0,0,0,0.0
2026/06/14(日) 11:00 キックオフ,工学院大学,56,森田　和偉,1,DF,0,控え,0,0,0,0,0.0
2026/06/14(日) 11:00 キックオフ,工学院大学,17,野村　慶太,3,MF,0,控え,0,0,0,0,0.0
2026/06/14(日) 11:00 キックオフ,工学院大学,19,金子　豪留,2,MF,24,控え,0,1,1,0,0.0
2026/06/14(日) 11:00 キックオフ,工学院大学,24,菊地　健,3,MF,0,控え,0,0,0,0,0.0
2026/06/14(日) 11:00 キックオフ,工学院大学,29,菊池　鷹秀,4,MF,16,控え,0,0,0,0,0.0
2026/06/14(日) 11:00 キックオフ,工学院大学,39,山本　荘志,1,MF,3,控え,0,0,0,0,0.0
2026/06/14(日) 11:00 キックオフ,工学院大学,18,髙瀬　快周,2,FW,24,控え,0,0,0,0,0.0
2026/06/14(日) 11:00 キックオフ,東京科学大学,1,中野　陽介,4,GK,90,先発,0,0,0,0,0.0
2026/06/14(日) 11:00 キックオフ,東京科学大学,4,宮本　空,4,DF,90,先発,1,0,1,0,0.0
2026/06/14(日) 11:00 キックオフ,東京科学大学,5,末木　孝幸,4,DF,86,先発,0,0,0,0,0.0
2026/06/14(日) 11:00 キックオフ,東京科学大学,27,島村　泰輝,3,DF,90,先発,0,0,0,0,0.0
2026/06/14(日) 11:00 キックオフ,東京科学大学,38,亀田　怜大,4,DF,90,先発,0,0,0,0,0.0
2026/06/14(日) 11:00 キックオフ,東京科学大学,9,高篠　悠太,4,MF,90,先発,1,1,2,0,0.0
2026/06/14(日) 11:00 キックオフ,東京科学大学,10,木村　淳之介,3,MF,90,先発,3,0,3,0,0.0
2026/06/14(日) 11:00 キックオフ,東京科学大学,17,原田　航太,2,MF,86,先発,0,0,0,0,0.0
2026/06/14(日) 11:00 キックオフ,東京科学大学,95,小林　和楽,2,MF,86,先発,0,0,0,0,0.0
2026/06/14(日) 11:00 キックオフ,東京科学大学,19,村山　裕大,4,FW,59,先発,1,0,1,0,0.0
2026/06/14(日) 11:00 キックオフ,東京科学大学,77,田口　晴大,2,FW,90,先発,1,0,1,0,0.0
2026/06/14(日) 11:00 キックオフ,東京科学大学,31,加茂　治樹,3,GK,0,控え,0,0,0,0,0.0
2026/06/14(日) 11:00 キックオフ,東京科学大学,18,土田　奏人,3,DF,0,控え,0,0,0,0,0.0
2026/06/14(日) 11:00 キックオフ,東京科学大学,35,星川　航祐,2,DF,4,控え,0,0,0,0,0.0
2026/06/14(日) 11:00 キックオフ,東京科学大学,7,巽　裕太郎,3,MF,0,控え,0,0,0,0,0.0
2026/06/14(日) 11:00 キックオフ,東京科学大学,15,安藤　晃大,4,MF,4,控え,0,0,0,0,0.0
2026/06/14(日) 11:00 キックオフ,東京科学大学,21,田中　碧太,3,MF,0,控え,0,0,0,0,0.0
2026/06/14(日) 11:00 キックオフ,東京科学大学,51,村井　杏介,3,MF,4,控え,0,0,0,0,0.0
2026/06/14(日) 11:00 キックオフ,東京科学大学,12,半田　紘佑,3,FW,0,控え,0,0,0,0,0.0
2026/06/14(日) 11:00 キックオフ,東京科学大学,16,山中　翔悟,2,FW,31,控え,0,1,1,0,0.0
2026/06/14(日) 14:30 キックオフ,日本大学生物資源科学部,5,山田 藍良,3,DF,90,先発,1,0,1,0,0.0
2026/06/14(日) 14:30 キックオフ,日本大学生物資源科学部,7,武藤 勇史,4,MF,59,先発,2,1,3,1,33.3
2026/06/14(日) 14:30 キックオフ,日本大学生物資源科学部,8,濱崎 新大,3,MF,90,先発,5,5,10,2,20.0
2026/06/14(日) 14:30 キックオフ,日本大学生物資源科学部,9,齋藤 快叶,3,FW,90,先発,4,4,8,3,37.5
2026/06/14(日) 14:30 キックオフ,日本大学生物資源科学部,11,青山 航,3,MF,90,先発,1,0,1,0,0.0
2026/06/14(日) 14:30 キックオフ,日本大学生物資源科学部,12,青山 大地,3,DF,82,先発,0,0,0,0,0.0
2026/06/14(日) 14:30 キックオフ,日本大学生物資源科学部,14,関 寧央,3,MF,90,先発,1,0,1,0,0.0
2026/06/14(日) 14:30 キックオフ,日本大学生物資源科学部,17,小林 琉云,2,MF,90,先発,0,0,0,0,0.0
2026/06/14(日) 14:30 キックオフ,日本大学生物資源科学部,19,加瀬 広河,3,MF,59,先発,0,1,1,0,0.0
2026/06/14(日) 14:30 キックオフ,日本大学生物資源科学部,21,妻木 湧,3,GK,90,先発,0,0,0,0,0.0
2026/06/14(日) 14:30 キックオフ,日本大学生物資源科学部,33,原田 植,4,DF,59,先発,0,0,0,0,0.0
2026/06/14(日) 14:30 キックオフ,日本大学生物資源科学部,2,廣川 仁人,2,MF,8,控え,0,0,0,0,0.0
2026/06/14(日) 14:30 キックオフ,日本大学生物資源科学部,6,石塚 南琉,4,DF,0,控え,0,0,0,0,0.0
2026/06/14(日) 14:30 キックオフ,日本大学生物資源科学部,10,都留 佑斗,4,MF,31,控え,0,0,0,0,0.0
2026/06/14(日) 14:30 キックオフ,日本大学生物資源科学部,13,藥袋 倖正,2,DF,0,控え,0,0,0,0,0.0
2026/06/14(日) 14:30 キックオフ,日本大学生物資源科学部,15,今出 遼太,2,MF,0,控え,0,0,0,0,0.0
2026/06/14(日) 14:30 キックオフ,日本大学生物資源科学部,25,新井 波琉人,3,DF,31,控え,0,0,0,0,0.0
2026/06/14(日) 14:30 キックオフ,日本大学生物資源科学部,29,袴田 結太,2,DF,0,控え,0,0,0,0,0.0
2026/06/14(日) 14:30 キックオフ,日本大学生物資源科学部,30,百瀬 大二郎,4,MF,31,控え,0,1,1,0,0.0
2026/06/14(日) 14:30 キックオフ,東京農工大学,5,入江　優大,3,MF,90,先発,3,0,3,1,33.3
2026/06/14(日) 14:30 キックオフ,東京農工大学,6,生田　楽,1,MF,90,先発,0,0,0,0,0.0
2026/06/14(日) 14:30 キックオフ,東京農工大学,8,武田　泰治,3,MF,90,先発,0,0,0,0,0.0
2026/06/14(日) 14:30 キックオフ,東京農工大学,9,西村　政信,2,DF,90,先発,1,0,1,0,0.0
2026/06/14(日) 14:30 キックオフ,東京農工大学,10,大野　晃世,3,FW,57,先発,0,0,0,0,0.0
2026/06/14(日) 14:30 キックオフ,東京農工大学,12,影山　剛,3,GK,90,先発,0,0,0,0,0.0
2026/06/14(日) 14:30 キックオフ,東京農工大学,14,中山　千尋,2,MF,90,先発,0,1,1,0,0.0
2026/06/14(日) 14:30 キックオフ,東京農工大学,16,長井　琉冴,2,FW,57,先発,0,0,0,0,0.0
2026/06/14(日) 14:30 キックオフ,東京農工大学,18,安藤　尊琉,1,DF,76,先発,0,0,0,0,0.0
2026/06/14(日) 14:30 キックオフ,東京農工大学,23,西川　桜冴,2,DF,90,先発,0,0,0,0,0.0
2026/06/14(日) 14:30 キックオフ,東京農工大学,29,保井　伶太,1,MF,90,先発,1,2,3,0,0.0
2026/06/14(日) 14:30 キックオフ,東京農工大学,2,佐々木　湧音,1,DF,14,控え,0,0,0,0,0.0
2026/06/14(日) 14:30 キックオフ,東京農工大学,3,丸山　馨矢,3,DF,0,控え,0,0,0,0,0.0
2026/06/14(日) 14:30 キックオフ,東京農工大学,7,山田　大喜,3,MF,0,控え,0,0,0,0,0.0
2026/06/14(日) 14:30 キックオフ,東京農工大学,11,植竹　優大,3,FW,33,控え,0,0,0,0,0.0
2026/06/14(日) 14:30 キックオフ,東京農工大学,15,布施　諒大,2,MF,0,控え,0,0,0,0,0.0
2026/06/14(日) 14:30 キックオフ,東京農工大学,17,髙垣　登希生,2,MF,33,控え,0,0,0,0,0.0
2026/06/14(日) 14:30 キックオフ,東京農工大学,30,立川　晴季,1,MF,0,控え,0,0,0,0,0.0
2026/06/14(日) 15:30 キックオフ,東京外国語大学,2,増山　滉士,3,DF,90,先発,0,1,1,0,0.0
2026/06/14(日) 15:30 キックオフ,東京外国語大学,4,小野　琉智,3,MF,90,先発,1,0,1,0,0.0
2026/06/14(日) 15:30 キックオフ,東京外国語大学,5,樋口　翼,2,DF,90,先発,0,1,1,0,0.0
2026/06/14(日) 15:30 キックオフ,東京外国語大学,7,長野　海星,3,FW,90,先発,5,7,12,5,41.7
2026/06/14(日) 15:30 キックオフ,東京外国語大学,8,江藤　弘太,2,MF,88,先発,0,3,3,0,0.0
2026/06/14(日) 15:30 キックオフ,東京外国語大学,10,則本　雄大,3,MF,90,先発,1,0,1,0,0.0
2026/06/14(日) 15:30 キックオフ,東京外国語大学,11,依田　理人,2,MF,68,先発,2,1,3,1,33.3
2026/06/14(日) 15:30 キックオフ,東京外国語大学,18,高橋　航希,4,FW,82,先発,1,2,3,0,0.0
2026/06/14(日) 15:30 キックオフ,東京外国語大学,22,刑部　諒真,3,DF,90,先発,0,0,0,0,0.0
2026/06/14(日) 15:30 キックオフ,東京外国語大学,25,池田　怜生,3,DF,56,先発,0,0,0,0,0.0
2026/06/14(日) 15:30 キックオフ,東京外国語大学,52,ベント莉音　エドワード,2,GK,74,先発,0,0,0,0,0.0
2026/06/14(日) 15:30 キックオフ,東京外国語大学,1,山田　真慧,1,GK,16,控え,0,0,0,0,0.0
2026/06/14(日) 15:30 キックオフ,東京外国語大学,6,金指　拓海,3,MF,2,控え,0,0,0,0,0.0
2026/06/14(日) 15:30 キックオフ,東京外国語大学,9,小田　凱,2,FW,34,控え,0,2,2,0,0.0
2026/06/14(日) 15:30 キックオフ,東京外国語大学,12,溝田　喜元,1,FW,0,控え,0,0,0,0,0.0
2026/06/14(日) 15:30 キックオフ,東京外国語大学,13,福田　卓矢,4,FW,8,控え,0,0,0,0,0.0
2026/06/14(日) 15:30 キックオフ,東京外国語大学,15,パク　シウ,3,FW,22,控え,0,3,3,0,0.0
2026/06/14(日) 15:30 キックオフ,東京外国語大学,23,高橋　翔,4,MF,0,控え,0,0,0,0,0.0
2026/06/14(日) 15:30 キックオフ,東京外国語大学,34,大津　怜,2,DF,0,控え,0,0,0,0,0.0
2026/06/14(日) 15:30 キックオフ,東京外国語大学,47,杉浦　裕祐,1,MF,0,控え,0,0,0,0,0.0
2026/06/14(日) 15:30 キックオフ,和光大学,6,鈴木 翼,1,DF,90,先発,0,0,0,0,0.0
2026/06/14(日) 15:30 キックオフ,和光大学,10,上大川 蓮,2,MF,90,先発,2,2,4,0,0.0
2026/06/14(日) 15:30 キックオフ,和光大学,13,小口 凜久,1,FW,90,先発,0,0,0,0,0.0
2026/06/14(日) 15:30 キックオフ,和光大学,15,伊東 洸大,1,DF,90,先発,0,0,0,0,0.0
2026/06/14(日) 15:30 キックオフ,和光大学,16,林 湘太,3,DF,90,先発,0,0,0,0,0.0
2026/06/14(日) 15:30 キックオフ,和光大学,21,種茂 倖太,3,GK,90,先発,0,0,0,0,0.0
2026/06/14(日) 15:30 キックオフ,和光大学,22,勝又 輝,2,FW,90,先発,0,0,0,0,0.0
2026/06/14(日) 15:30 キックオフ,和光大学,27,高橋 莉央,1,MF,90,先発,0,1,1,0,0.0
2026/06/14(日) 15:30 キックオフ,和光大学,30,伊藤 叶音,1,MF,90,先発,1,0,1,0,0.0
2026/06/14(日) 15:30 キックオフ,和光大学,77,末永 大,1,MF,75,先発,0,0,0,0,0.0
2026/06/14(日) 15:30 キックオフ,和光大学,8,橋本 創太,2,MF,90,先発,0,0,0,0,0.0
2026/06/14(日) 15:30 キックオフ,和光大学,19,武中 晄樹,1,FW,15,控え,0,0,0,0,0.0
2026/06/14(日) 15:30 キックオフ,和光大学,24,愛甲 涼唄,2,DF,0,控え,0,0,0,0,0.0
2026/06/14(日) 16:00 キックオフ,松蔭大学・横浜商科大学,30,藤井　寛太,1,GK,90,先発,0,0,0,0,0.0
2026/06/14(日) 16:00 キックオフ,松蔭大学・横浜商科大学,4,菅野　泰斗,2,DF,90,先発,0,0,0,0,0.0
2026/06/14(日) 16:00 キックオフ,松蔭大学・横浜商科大学,10,上田　祐雅,4,DF,90,先発,0,0,0,0,0.0
2026/06/14(日) 16:00 キックオフ,松蔭大学・横浜商科大学,13,塩幡　優汰,1,DF,90,先発,1,0,1,0,0.0
2026/06/14(日) 16:00 キックオフ,松蔭大学・横浜商科大学,14,安部　光,3,DF,90,先発,0,1,1,0,0.0
2026/06/14(日) 16:00 キックオフ,松蔭大学・横浜商科大学,5,森　海璃,4,MF,72,先発,3,0,3,0,0.0
2026/06/14(日) 16:00 キックオフ,松蔭大学・横浜商科大学,6,奥原　空,4,MF,90,先発,0,1,1,0,0.0
2026/06/14(日) 16:00 キックオフ,松蔭大学・横浜商科大学,7,生田目　隼輔,3,MF,90,先発,2,1,3,1,33.3
2026/06/14(日) 16:00 キックオフ,松蔭大学・横浜商科大学,17,吉川　虎十朗,3,MF,78,先発,1,1,2,0,0.0
2026/06/14(日) 16:00 キックオフ,松蔭大学・横浜商科大学,11,佐々木　優斗,4,FW,78,先発,1,2,3,0,0.0
2026/06/14(日) 16:00 キックオフ,松蔭大学・横浜商科大学,18,小泉　大輔,2,FW,45,先発,2,0,2,0,0.0
2026/06/14(日) 16:00 キックオフ,松蔭大学・横浜商科大学,20,福田　開人,4,GK,0,控え,0,0,0,0,0.0
2026/06/14(日) 16:00 キックオフ,松蔭大学・横浜商科大学,3,文田　知斗,1,MF,0,控え,0,0,0,0,0.0
2026/06/14(日) 16:00 キックオフ,松蔭大学・横浜商科大学,15,飯塚　友哉,1,MF,0,控え,0,0,0,0,0.0
2026/06/14(日) 16:00 キックオフ,松蔭大学・横浜商科大学,23,太田　直哉,1,MF,45,控え,0,3,3,0,0.0
2026/06/14(日) 16:00 キックオフ,松蔭大学・横浜商科大学,24,伴　昂史朗,2,MF,0,控え,0,0,0,0,0.0
2026/06/14(日) 16:00 キックオフ,松蔭大学・横浜商科大学,9,大森　俊輔,3,FW,18,控え,0,2,2,0,0.0
2026/06/14(日) 16:00 キックオフ,松蔭大学・横浜商科大学,22,関　碧生,3,FW,12,控え,0,1,1,0,0.0
2026/06/14(日) 16:00 キックオフ,松蔭大学・横浜商科大学,28,中村　久人,1,FW,12,控え,0,0,0,0,0.0
2026/06/14(日) 16:00 キックオフ,都留文科大学,1,濱邊　彗杏,3,GK,90,先発,0,0,0,0,0.0
2026/06/14(日) 16:00 キックオフ,都留文科大学,8,清　史琉,1,DF,90,先発,0,0,0,0,0.0
2026/06/14(日) 16:00 キックオフ,都留文科大学,23,櫻井　奏人,4,DF,90,先発,0,1,1,0,0.0
2026/06/14(日) 16:00 キックオフ,都留文科大学,5,佐々木　洸,3,DF,90,先発,0,0,0,0,0.0
2026/06/14(日) 16:00 キックオフ,都留文科大学,6,河本　慎太郎,1,DF,90,先発,0,0,0,0,0.0
2026/06/14(日) 16:00 キックオフ,都留文科大学,21,鈴木　蒼空,2,MF,72,先発,0,0,0,0,0.0
2026/06/14(日) 16:00 キックオフ,都留文科大学,19,和智　零士,1,MF,90,先発,0,1,1,0,0.0
2026/06/14(日) 16:00 キックオフ,都留文科大学,11,川島　響介,3,MF,90,先発,0,1,1,0,0.0
2026/06/14(日) 16:00 キックオフ,都留文科大学,14,須田　翔斗,1,FW,60,先発,2,0,2,0,0.0
2026/06/14(日) 16:00 キックオフ,都留文科大学,7,立川　涼,3,FW,90,先発,0,1,1,0,0.0
2026/06/14(日) 16:00 キックオフ,都留文科大学,39,武藤　瑞生,1,FW,60,先発,0,1,1,0,0.0
2026/06/14(日) 16:00 キックオフ,都留文科大学,41,村上　陸,2,GK,0,控え,0,0,0,0,0.0
2026/06/14(日) 16:00 キックオフ,都留文科大学,35,伊海　央祐,3,GK,0,控え,0,0,0,0,0.0
2026/06/14(日) 16:00 キックオフ,都留文科大学,99,岡本　祥希,1,DF,0,控え,0,0,0,0,0.0
2026/06/14(日) 16:00 キックオフ,都留文科大学,22,吉田　篤翔,2,DF,0,控え,0,0,0,0,0.0
2026/06/14(日) 16:00 キックオフ,都留文科大学,15,吉田　歩夢,4,MF,18,控え,0,0,0,0,0.0
2026/06/14(日) 16:00 キックオフ,都留文科大学,10,本部　響希,2,DF,30,控え,0,1,1,0,0.0
2026/06/14(日) 16:00 キックオフ,都留文科大学,33,中川　太輝,不明,MF,30,控え,0,1,1,0,0.0
2026/06/20(土) 15:30 キックオフ,横浜市立大学（神奈川県）,21,チャーイ　陽斗,2,GK,90,先発,0,0,0,0,0.0
2026/06/20(土) 15:30 キックオフ,横浜市立大学（神奈川県）,3,加藤　真流斗,4,MF,90,先発,3,3,6,1,16.7
2026/06/20(土) 15:30 キックオフ,横浜市立大学（神奈川県）,5,鈴木　和真,2,DF,90,先発,0,1,1,0,0.0
2026/06/20(土) 15:30 キックオフ,横浜市立大学（神奈川県）,13,小林　琉,3,FW,90,先発,0,0,0,0,0.0
2026/06/20(土) 15:30 キックオフ,横浜市立大学（神奈川県）,12,上原　宗賢,2,FW,52,先発,0,0,0,0,0.0
2026/06/20(土) 15:30 キックオフ,横浜市立大学（神奈川県）,33,横田　　智風,3,DF,90,先発,1,0,1,0,0.0
2026/06/20(土) 15:30 キックオフ,横浜市立大学（神奈川県）,6,東島　玄治,2,MF,90,先発,0,0,0,0,0.0
2026/06/20(土) 15:30 キックオフ,横浜市立大学（神奈川県）,14,小松　隆之介,2,MF,81,先発,1,1,2,1,50.0
2026/06/20(土) 15:30 キックオフ,横浜市立大学（神奈川県）,18,東　力也,2,MF,57,先発,1,0,1,1,100.0
2026/06/20(土) 15:30 キックオフ,横浜市立大学（神奈川県）,7,放崎　　結生,3,FW,90,先発,2,3,5,0,0.0
2026/06/20(土) 15:30 キックオフ,横浜市立大学（神奈川県）,9,清沢　翼,3,FW,45,先発,2,0,2,1,50.0
2026/06/20(土) 15:30 キックオフ,横浜市立大学（神奈川県）,31,中村　　旭陽,3,GK,0,控え,0,0,0,0,0.0
2026/06/20(土) 15:30 キックオフ,横浜市立大学（神奈川県）,29,唐木　康汰,3,FW,0,控え,0,0,0,0,0.0
2026/06/20(土) 15:30 キックオフ,横浜市立大学（神奈川県）,4,峯村　哲平,3,DF,0,控え,0,0,0,0,0.0
2026/06/20(土) 15:30 キックオフ,横浜市立大学（神奈川県）,19,和光　律紀,2,FW,33,控え,0,3,3,2,66.7
2026/06/20(土) 15:30 キックオフ,横浜市立大学（神奈川県）,32,青柳　知暉,2,FW,9,控え,0,1,1,0,0.0
2026/06/20(土) 15:30 キックオフ,横浜市立大学（神奈川県）,15,ディンデッリ　ラポ,2,DF,0,控え,0,0,0,0,0.0
2026/06/20(土) 15:30 キックオフ,横浜市立大学（神奈川県）,10,山田　　遼大,4,FW,45,控え,0,3,3,3,100.0
2026/06/20(土) 15:30 キックオフ,横浜市立大学（神奈川県）,34,武富　翔正,2,MF,0,控え,0,0,0,0,0.0
2026/06/20(土) 15:30 キックオフ,横浜市立大学（神奈川県）,17,堀内　成,3,FW,38,控え,0,4,4,0,0.0
2026/06/20(土) 15:30 キックオフ,東京薬科大学,1,横山　聖,3,GK,90,先発,0,0,0,0,0.0
2026/06/20(土) 15:30 キックオフ,東京薬科大学,5,大口　峻平,3,DF,90,先発,0,0,0,0,0.0
2026/06/20(土) 15:30 キックオフ,東京薬科大学,77,関田　葵,1,DF,90,先発,0,0,0,0,0.0
2026/06/20(土) 15:30 キックオフ,東京薬科大学,12,齊藤　一郎,2,DF,90,先発,0,0,0,0,0.0
2026/06/20(土) 15:30 キックオフ,東京薬科大学,7,倉田　昇正,2,MF,90,先発,0,0,0,0,0.0
2026/06/20(土) 15:30 キックオフ,東京薬科大学,6,向所　咲人,2,MF,90,先発,0,1,1,0,0.0
2026/06/20(土) 15:30 キックオフ,東京薬科大学,18,橘井　奏汰,1,MF,90,先発,0,0,0,0,0.0
2026/06/20(土) 15:30 キックオフ,東京薬科大学,10,小枝　芽生,2,MF,90,先発,0,0,0,0,0.0
2026/06/20(土) 15:30 キックオフ,東京薬科大学,14,野川　健斗,3,MF,90,先発,0,1,1,0,0.0
2026/06/20(土) 15:30 キックオフ,東京薬科大学,8,阿部　悠大,3,FW,90,先発,0,0,0,0,0.0
2026/06/20(土) 15:30 キックオフ,東京薬科大学,67,卜部　陵汰,4,FW,90,先発,1,0,1,0,0.0
2026/06/21(日) 10:00 キックオフ,和光大学,3,髙橋 昌宏,2,DF,90,先発,0,0,0,0,0.0
2026/06/21(日) 10:00 キックオフ,和光大学,6,鈴木 翼,1,DF,90,先発,0,0,0,0,0.0
2026/06/21(日) 10:00 キックオフ,和光大学,8,橋本 創太,2,MF,90,先発,0,0,0,0,0.0
2026/06/21(日) 10:00 キックオフ,和光大学,10,上大川 蓮,2,MF,90,先発,1,2,3,0,0.0
2026/06/21(日) 10:00 キックオフ,和光大学,13,小口 凜久,1,FW,90,先発,0,0,0,0,0.0
2026/06/21(日) 10:00 キックオフ,和光大学,16,林 湘太,3,DF,90,先発,1,0,1,1,100.0
2026/06/21(日) 10:00 キックオフ,和光大学,21,種茂 倖太,3,GK,90,先発,0,0,0,0,0.0
2026/06/21(日) 10:00 キックオフ,和光大学,22,勝又 輝,2,FW,90,先発,0,0,0,0,0.0
2026/06/21(日) 10:00 キックオフ,和光大学,27,高橋 莉央,1,MF,90,先発,0,1,1,0,0.0
2026/06/21(日) 10:00 キックオフ,和光大学,30,伊藤 叶音,1,MF,90,先発,2,0,2,0,0.0
2026/06/21(日) 10:00 キックオフ,和光大学,77,末永 大,1,MF,90,先発,0,0,0,0,0.0
2026/06/21(日) 10:00 キックオフ,和光大学,7,小串 琢斗,2,MF,0,控え,0,0,0,0,0.0
2026/06/21(日) 10:00 キックオフ,和光大学,17,前澤 優輝,1,FW,0,控え,0,0,0,0,0.0
2026/06/21(日) 10:00 キックオフ,和光大学,19,武中 晄樹,1,FW,0,控え,0,0,0,0,0.0
2026/06/21(日) 10:00 キックオフ,和光大学,24,愛甲 涼唄,2,DF,0,控え,0,0,0,0,0.0
2026/06/21(日) 10:00 キックオフ,武蔵野大学,3,澤中 颯汰,4,DF,90,先発,0,1,1,0,0.0
2026/06/21(日) 10:00 キックオフ,武蔵野大学,7,柵木 駿飛,2,FW,66,先発,0,0,0,0,0.0
2026/06/21(日) 10:00 キックオフ,武蔵野大学,9,佐藤 春斗,2,FW,66,先発,3,1,4,0,0.0
2026/06/21(日) 10:00 キックオフ,武蔵野大学,11,菊地 伶王,3,MF,85,先発,2,2,4,1,25.0
2026/06/21(日) 10:00 キックオフ,武蔵野大学,20,渡邉 充輝,2,FW,78,先発,1,0,1,0,0.0
2026/06/21(日) 10:00 キックオフ,武蔵野大学,27,小杉 太一,4,GK,90,先発,0,0,0,0,0.0
2026/06/21(日) 10:00 キックオフ,武蔵野大学,29,石井 郁也,2,DF,90,先発,0,0,0,0,0.0
2026/06/21(日) 10:00 キックオフ,武蔵野大学,32,落合 侃太,4,MF,78,先発,4,0,4,1,25.0
2026/06/21(日) 10:00 キックオフ,武蔵野大学,37,嶋根 友太,4,MF,90,先発,0,0,0,0,0.0
2026/06/21(日) 10:00 キックオフ,武蔵野大学,38,高瀬 快斗,3,DF,90,先発,1,0,1,0,0.0
2026/06/21(日) 10:00 キックオフ,武蔵野大学,47,宮谷 友大,4,DF,90,先発,1,1,2,0,0.0
2026/06/21(日) 10:00 キックオフ,武蔵野大学,1,有澤　大心,1,GK,0,控え,0,0,0,0,0.0
2026/06/21(日) 10:00 キックオフ,武蔵野大学,2,河村　幹太郎,1,DF,24,控え,0,0,0,0,0.0
2026/06/21(日) 10:00 キックオフ,武蔵野大学,10,米山 拓真,2,FW,12,控え,0,0,0,0,0.0
2026/06/21(日) 10:00 キックオフ,武蔵野大学,16,奥田 羚,4,MF,5,控え,0,0,0,0,0.0
2026/06/21(日) 10:00 キックオフ,武蔵野大学,17,小関　凛太郎,1,DF,0,控え,0,0,0,0,0.0
2026/06/21(日) 10:00 キックオフ,武蔵野大学,23,須藤 柊吾,4,FW,0,控え,0,0,0,0,0.0
2026/06/21(日) 10:00 キックオフ,武蔵野大学,26,伴 真翔,3,MF,12,控え,0,0,0,0,0.0
2026/06/21(日) 10:00 キックオフ,武蔵野大学,31,位田　眞成,1,DF,0,控え,0,0,0,0,0.0
2026/06/21(日) 10:00 キックオフ,武蔵野大学,46,駒 廉吾,3,FW,24,控え,0,0,0,0,0.0
2026/06/21(日) 10:30 キックオフ,国際基督教大学,1,金丸　龍馬,3,GK,90,先発,0,0,0,0,0.0
2026/06/21(日) 10:30 キックオフ,国際基督教大学,6,辻本　晴輝,3,DF,90,先発,0,0,0,0,0.0
2026/06/21(日) 10:30 キックオフ,国際基督教大学,14,今井　獅優,2,DF,90,先発,0,0,0,0,0.0
2026/06/21(日) 10:30 キックオフ,国際基督教大学,4,益子　瑞基,3,MF,86,先発,0,0,0,0,0.0
2026/06/21(日) 10:30 キックオフ,国際基督教大学,7,川端　遼太郎,1,MF,55,先発,0,0,0,0,0.0
2026/06/21(日) 10:30 キックオフ,国際基督教大学,10,法亢　咲太朗,3,MF,90,先発,5,1,6,0,0.0
2026/06/21(日) 10:30 キックオフ,国際基督教大学,17,高橋　孝輔,2,MF,59,先発,0,0,0,0,0.0
2026/06/21(日) 10:30 キックオフ,国際基督教大学,21,長谷川　滉,2,MF,55,先発,1,0,1,1,100.0
2026/06/21(日) 10:30 キックオフ,国際基督教大学,26,中村　元信,4,MF,69,先発,1,0,1,0,0.0
2026/06/21(日) 10:30 キックオフ,国際基督教大学,9,山脇　幹大,3,FW,90,先発,5,4,9,4,44.4
2026/06/21(日) 10:30 キックオフ,国際基督教大学,11,川端　晃太郎,2,FW,90,先発,1,1,2,0,0.0
2026/06/21(日) 10:30 キックオフ,国際基督教大学,31,三原　陸翔,4,GK,0,控え,0,0,0,0,0.0
2026/06/21(日) 10:30 キックオフ,国際基督教大学,2,中丸　泰知,3,DF,0,控え,0,0,0,0,0.0
2026/06/21(日) 10:30 キックオフ,国際基督教大学,13,清野山　侑希,2,MF,0,控え,0,0,0,0,0.0
2026/06/21(日) 10:30 キックオフ,国際基督教大学,15,齊藤　大晴,2,MF,31,控え,0,0,0,0,0.0
2026/06/21(日) 10:30 キックオフ,国際基督教大学,22,物江　陸,1,MF,21,控え,0,0,0,0,0.0
2026/06/21(日) 10:30 キックオフ,国際基督教大学,28,アレン　健クライブ,3,MF,0,控え,0,0,0,0,0.0
2026/06/21(日) 10:30 キックオフ,国際基督教大学,30,福田　快耀,1,MF,4,控え,0,0,0,0,0.0
2026/06/21(日) 10:30 キックオフ,国際基督教大学,18,塩田　エルカナ,3,FW,35,控え,0,0,0,0,0.0
2026/06/21(日) 10:30 キックオフ,国際基督教大学,24,松平　雅史,1,FW,35,控え,0,1,1,0,0.0
2026/06/21(日) 10:30 キックオフ,松蔭大学・横浜商科大学,20,福田　開人,4,GK,90,先発,0,0,0,0,0.0
2026/06/21(日) 10:30 キックオフ,松蔭大学・横浜商科大学,4,菅野　泰斗,2,DF,90,先発,0,1,1,0,0.0
2026/06/21(日) 10:30 キックオフ,松蔭大学・横浜商科大学,10,上田　祐雅,4,DF,90,先発,1,0,1,1,100.0
2026/06/21(日) 10:30 キックオフ,松蔭大学・横浜商科大学,13,塩幡　優汰,1,DF,90,先発,0,0,0,0,0.0
2026/06/21(日) 10:30 キックオフ,松蔭大学・横浜商科大学,14,安部　光,3,DF,90,先発,0,0,0,0,0.0
2026/06/21(日) 10:30 キックオフ,松蔭大学・横浜商科大学,6,奥原　空,4,MF,90,先発,0,1,1,0,0.0
2026/06/21(日) 10:30 キックオフ,松蔭大学・横浜商科大学,7,生田目　隼輔,3,MF,83,先発,3,2,5,0,0.0
2026/06/21(日) 10:30 キックオフ,松蔭大学・横浜商科大学,17,吉川　虎十朗,3,MF,73,先発,0,0,0,0,0.0
2026/06/21(日) 10:30 キックオフ,松蔭大学・横浜商科大学,9,大森　俊輔,3,FW,45,先発,0,0,0,0,0.0
2026/06/21(日) 10:30 キックオフ,松蔭大学・横浜商科大学,11,佐々木　優斗,4,FW,90,先発,0,5,5,2,40.0
2026/06/21(日) 10:30 キックオフ,松蔭大学・横浜商科大学,18,小泉　大輔,2,FW,45,先発,0,0,0,0,0.0
2026/06/21(日) 10:30 キックオフ,松蔭大学・横浜商科大学,30,藤井　寛太,1,GK,0,控え,0,0,0,0,0.0
2026/06/21(日) 10:30 キックオフ,松蔭大学・横浜商科大学,12,渋谷　未浬,1,MF,45,控え,0,0,0,0,0.0
2026/06/21(日) 10:30 キックオフ,松蔭大学・横浜商科大学,15,飯塚　友哉,1,MF,0,控え,0,0,0,0,0.0
2026/06/21(日) 10:30 キックオフ,松蔭大学・横浜商科大学,23,太田　直哉,1,MF,7,控え,0,0,0,0,0.0
2026/06/21(日) 10:30 キックオフ,松蔭大学・横浜商科大学,26,淺沼　真拓,2,MF,0,控え,0,0,0,0,0.0
2026/06/21(日) 10:30 キックオフ,松蔭大学・横浜商科大学,22,関　碧生,3,FW,17,控え,0,0,0,0,0.0
2026/06/21(日) 10:30 キックオフ,松蔭大学・横浜商科大学,28,中村　久人,1,FW,45,控え,1,0,1,1,100.0
2026/06/21(日) 10:30 キックオフ,松蔭大学・横浜商科大学,29,三瓶　那由多,1,FW,0,控え,0,0,0,0,0.0
2026/06/21(日) 10:45 キックオフ,東京都市大学,1,山本　絢太,3,GK,90,先発,0,0,0,0,0.0
2026/06/21(日) 10:45 キックオフ,東京都市大学,3,三枝　昇吾,2,DF,90,先発,0,0,0,0,0.0
2026/06/21(日) 10:45 キックオフ,東京都市大学,7,高木　風輝,4,MF,73,先発,3,0,3,0,0.0
2026/06/21(日) 10:45 キックオフ,東京都市大学,10,田口　二康,3,MF,90,先発,0,4,4,0,0.0
2026/06/21(日) 10:45 キックオフ,東京都市大学,12,岩永　碧,1,MF,90,先発,1,0,1,0,0.0
2026/06/21(日) 10:45 キックオフ,東京都市大学,15,菅原　蒼生,4,DF,90,先発,0,0,0,0,0.0
2026/06/21(日) 10:45 キックオフ,東京都市大学,16,今福　陸希,1,MF,90,先発,2,0,2,0,0.0
2026/06/21(日) 10:45 キックオフ,東京都市大学,19,猪原　海斗,1,FW,44,先発,1,0,1,0,0.0
2026/06/21(日) 10:45 キックオフ,東京都市大学,26,時枝　佑太郎,3,MF,90,先発,0,0,0,0,0.0
2026/06/21(日) 10:45 キックオフ,東京都市大学,29,梅原　　一真,2,DF,90,先発,2,0,2,0,0.0
2026/06/21(日) 10:45 キックオフ,東京都市大学,72,友成　志道,2,MF,67,先発,0,1,1,0,0.0
2026/06/21(日) 10:45 キックオフ,東京都市大学,2,伊藤　晃大,2,DF,0,控え,0,0,0,0,0.0
2026/06/21(日) 10:45 キックオフ,東京都市大学,4,阿部　純太,3,DF,0,控え,0,0,0,0,0.0
2026/06/21(日) 10:45 キックオフ,東京都市大学,8,芹沢　朔太郎,3,FW,0,控え,0,0,0,0,0.0
2026/06/21(日) 10:45 キックオフ,東京都市大学,11,青木　春翔,2,FW,0,控え,0,0,0,0,0.0
2026/06/21(日) 10:45 キックオフ,東京都市大学,21,近　一輝,2,MF,46,控え,0,1,1,1,100.0
2026/06/21(日) 10:45 キックオフ,東京都市大学,24,深澤　巧樹,2,FW,17,控え,0,0,0,0,0.0
2026/06/21(日) 10:45 キックオフ,東京都市大学,41,下迫　璃玖,2,GK,0,控え,0,0,0,0,0.0
2026/06/21(日) 10:45 キックオフ,東京都市大学,77,城定　諒冴,2,MF,23,控え,0,2,2,0,0.0
2026/06/21(日) 10:45 キックオフ,東京外国語大学,4,小野　琉智,3,MF,90,先発,0,0,0,0,0.0
2026/06/21(日) 10:45 キックオフ,東京外国語大学,5,樋口　翼,2,DF,90,先発,0,0,0,0,0.0
2026/06/21(日) 10:45 キックオフ,東京外国語大学,7,長野　海星,3,FW,85,先発,2,3,5,0,0.0
2026/06/21(日) 10:45 キックオフ,東京外国語大学,8,江藤　弘太,2,MF,90,先発,1,1,2,0,0.0
2026/06/21(日) 10:45 キックオフ,東京外国語大学,10,則本　雄大,3,MF,90,先発,1,1,2,0,0.0
2026/06/21(日) 10:45 キックオフ,東京外国語大学,11,依田　理人,2,MF,79,先発,0,1,1,0,0.0
2026/06/21(日) 10:45 キックオフ,東京外国語大学,18,高橋　航希,4,FW,90,先発,2,2,4,0,0.0
2026/06/21(日) 10:45 キックオフ,東京外国語大学,22,刑部　諒真,3,DF,79,先発,0,0,0,0,0.0
2026/06/21(日) 10:45 キックオフ,東京外国語大学,25,池田　怜生,3,DF,90,先発,0,0,0,0,0.0
2026/06/21(日) 10:45 キックオフ,東京外国語大学,34,大津　怜,2,DF,73,先発,0,0,0,0,0.0
2026/06/21(日) 10:45 キックオフ,東京外国語大学,52,ベント莉音　エドワード,2,GK,90,先発,0,0,0,0,0.0
2026/06/21(日) 10:45 キックオフ,東京外国語大学,1,山田　真慧,1,GK,0,控え,0,0,0,0,0.0
2026/06/21(日) 10:45 キックオフ,東京外国語大学,2,増山　滉士,3,DF,11,控え,0,0,0,0,0.0
2026/06/21(日) 10:45 キックオフ,東京外国語大学,6,金指　拓海,3,MF,0,控え,0,0,0,0,0.0
2026/06/21(日) 10:45 キックオフ,東京外国語大学,13,福田　卓矢,4,FW,5,控え,0,0,0,0,0.0
2026/06/21(日) 10:45 キックオフ,東京外国語大学,15,パク　シウ,3,FW,11,控え,0,0,0,0,0.0
2026/06/21(日) 10:45 キックオフ,東京外国語大学,23,高橋　翔,4,MF,0,控え,0,0,0,0,0.0
2026/06/21(日) 10:45 キックオフ,東京外国語大学,30,島崎　凛太郎,1,MF,0,控え,0,0,0,0,0.0
2026/06/21(日) 10:45 キックオフ,東京外国語大学,41,杉浦　颯太,1,MF,0,控え,0,0,0,0,0.0
2026/06/21(日) 10:45 キックオフ,東京外国語大学,47,杉浦　裕祐,1,MF,17,控え,0,0,0,0,0.0
2026/06/21(日) 11:00 キックオフ,北里大学,1,瀬尾　陽輔,2,GK,90,先発,0,0,0,0,0.0
2026/06/21(日) 11:00 キックオフ,北里大学,3,中村　仁,2,DF,90,先発,0,0,0,0,0.0
2026/06/21(日) 11:00 キックオフ,北里大学,4,河合 蓮,3,DF,90,先発,0,0,0,0,0.0
2026/06/21(日) 11:00 キックオフ,北里大学,6,深田　泰斗,2,MF,90,先発,1,1,2,0,0.0
2026/06/21(日) 11:00 キックオフ,北里大学,7,北島　大靖,2,MF,64,先発,0,0,0,0,0.0
2026/06/21(日) 11:00 キックオフ,北里大学,8,鈴木　康生,2,MF,90,先発,0,0,0,0,0.0
2026/06/21(日) 11:00 キックオフ,北里大学,9,金坂　優飛,2,FW,90,先発,0,2,2,0,0.0
2026/06/21(日) 11:00 キックオフ,北里大学,18,内野　翔羽,2,MF,71,先発,1,0,1,0,0.0
2026/06/21(日) 11:00 キックオフ,北里大学,19,小野 嘉永都,3,DF,90,先発,0,0,0,0,0.0
2026/06/21(日) 11:00 キックオフ,北里大学,20,坂内 瑞希,3,DF,90,先発,0,0,0,0,0.0
2026/06/21(日) 11:00 キックオフ,北里大学,24,山田　莞慈,1,MF,90,先発,0,0,0,0,0.0
2026/06/21(日) 11:00 キックオフ,北里大学,10,北元　空,1,MF,0,控え,0,0,0,0,0.0
2026/06/21(日) 11:00 キックオフ,北里大学,12,町口　巧,2,GK,0,控え,0,0,0,0,0.0
2026/06/21(日) 11:00 キックオフ,北里大学,13,村上　俊太郎,2,MF,0,控え,0,0,0,0,0.0
2026/06/21(日) 11:00 キックオフ,北里大学,22,福田　悠人,1,MF,26,控え,0,0,0,0,0.0
2026/06/21(日) 11:00 キックオフ,北里大学,25,谷口　輝,1,DF,19,控え,0,0,0,0,0.0
2026/06/21(日) 11:00 キックオフ,工学院大学,4,沼野　碧葉,2,DF,90,先発,0,0,0,0,0.0
2026/06/21(日) 11:00 キックオフ,工学院大学,5,小林　優翔,3,DF,90,先発,0,0,0,0,0.0
2026/06/21(日) 11:00 キックオフ,工学院大学,6,芝　陸斗,3,MF,90,先発,0,0,0,1,0.0
2026/06/21(日) 11:00 キックオフ,工学院大学,15,塩入　大寿,不明,DF,71,先発,1,1,2,0,0.0
2026/06/21(日) 11:00 キックオフ,工学院大学,18,髙瀬　快周,2,FW,84,先発,1,2,3,1,33.3
2026/06/21(日) 11:00 キックオフ,工学院大学,23,後藤　柚希,3,DF,90,先発,1,0,1,0,0.0
2026/06/21(日) 11:00 キックオフ,工学院大学,29,菊池　鷹秀,4,MF,84,先発,0,0,0,0,0.0
2026/06/21(日) 11:00 キックオフ,工学院大学,40,市川　航,1,MF,90,先発,1,2,3,0,0.0
2026/06/21(日) 11:00 キックオフ,工学院大学,45,鈴木　伶,3,MF,90,先発,1,3,4,0,0.0
2026/06/21(日) 11:00 キックオフ,工学院大学,46,加藤　旭陽,4,GK,90,先発,0,0,0,0,0.0
2026/06/21(日) 11:00 キックオフ,工学院大学,10,樋本　杷瑠,3,MF,90,先発,2,1,3,0,0.0
2026/06/21(日) 11:00 キックオフ,工学院大学,1,高橋　佑宇,3,GK,0,控え,0,0,0,0,0.0
2026/06/21(日) 11:00 キックオフ,工学院大学,2,吉原　龍之介,3,DF,0,控え,0,0,0,0,0.0
2026/06/21(日) 11:00 キックオフ,工学院大学,7,大塚　東翔,3,MF,0,控え,0,0,0,0,0.0
2026/06/21(日) 11:00 キックオフ,工学院大学,17,野村　慶太,3,MF,0,控え,0,0,0,0,0.0
2026/06/21(日) 11:00 キックオフ,工学院大学,21,非浦　海大,3,DF,19,控え,0,0,0,0,0.0
2026/06/21(日) 11:00 キックオフ,工学院大学,24,菊地　健,3,MF,0,控え,0,0,0,0,0.0
2026/06/21(日) 11:00 キックオフ,工学院大学,28,輿石　翔,1,MF,6,控え,0,0,0,0,0.0
2026/06/21(日) 11:00 キックオフ,工学院大学,41,倉井　将輝,1,FW,6,控え,0,0,0,0,0.0
2026/06/21(日) 11:00 キックオフ,工学院大学,56,森田　和偉,1,DF,0,控え,0,0,0,0,0.0
2026/06/21(日) 12:00 キックオフ,都留文科大学,2,山本　知寛,4,DF,90,先発,2,2,4,1,25.0
2026/06/21(日) 12:00 キックオフ,都留文科大学,6,河本　慎太郎,1,DF,90,先発,0,0,0,0,0.0
2026/06/21(日) 12:00 キックオフ,都留文科大学,7,立川　涼,3,FW,90,先発,0,0,0,0,0.0
2026/06/21(日) 12:00 キックオフ,都留文科大学,10,本部　響希,2,DF,90,先発,1,1,2,0,0.0
2026/06/21(日) 12:00 キックオフ,都留文科大学,11,川島　響介,3,MF,90,先発,0,0,0,0,0.0
2026/06/21(日) 12:00 キックオフ,都留文科大学,19,和智　零士,1,MF,90,先発,0,0,0,0,0.0
2026/06/21(日) 12:00 キックオフ,都留文科大学,21,鈴木　蒼空,2,MF,90,先発,1,0,1,0,0.0
2026/06/21(日) 12:00 キックオフ,都留文科大学,23,櫻井　奏人,4,DF,90,先発,0,0,0,0,0.0
2026/06/21(日) 12:00 キックオフ,都留文科大学,33,中川　太輝,不明,MF,90,先発,0,2,2,0,0.0
2026/06/21(日) 12:00 キックオフ,都留文科大学,35,伊海　央祐,3,GK,90,先発,0,0,0,0,0.0
2026/06/21(日) 12:00 キックオフ,都留文科大学,77,前田　千夏,2,MF,90,先発,1,0,1,1,100.0
2026/06/21(日) 12:00 キックオフ,都留文科大学,1,濱邊　彗杏,3,GK,0,控え,0,0,0,0,0.0
2026/06/21(日) 12:00 キックオフ,都留文科大学,8,清　史琉,1,DF,0,控え,0,0,0,0,0.0
2026/06/21(日) 12:00 キックオフ,都留文科大学,14,須田　翔斗,1,FW,0,控え,0,0,0,0,0.0
2026/06/21(日) 12:00 キックオフ,都留文科大学,15,吉田　歩夢,4,MF,0,控え,0,0,0,0,0.0
2026/06/21(日) 12:00 キックオフ,都留文科大学,22,吉田　篤翔,2,DF,0,控え,0,0,0,0,0.0
2026/06/21(日) 12:00 キックオフ,都留文科大学,39,武藤　瑞生,1,FW,0,控え,0,0,0,0,0.0
2026/06/21(日) 12:00 キックオフ,都留文科大学,99,岡本　祥希,1,DF,0,控え,0,0,0,0,0.0
2026/06/21(日) 12:00 キックオフ,東京農工大学,5,入江　優大,3,MF,90,先発,1,0,1,1,100.0
2026/06/21(日) 12:00 キックオフ,東京農工大学,6,生田　楽,1,MF,90,先発,1,0,1,0,0.0
2026/06/21(日) 12:00 キックオフ,東京農工大学,8,武田　泰治,3,MF,90,先発,1,0,1,0,0.0
2026/06/21(日) 12:00 キックオフ,東京農工大学,9,西村　政信,2,DF,90,先発,0,0,0,0,0.0
2026/06/21(日) 12:00 キックオフ,東京農工大学,10,大野　晃世,3,FW,90,先発,0,0,0,0,0.0
2026/06/21(日) 12:00 キックオフ,東京農工大学,12,影山　剛,3,GK,90,先発,0,0,0,0,0.0
2026/06/21(日) 12:00 キックオフ,東京農工大学,14,中山　千尋,2,MF,90,先発,1,2,3,2,66.7
2026/06/21(日) 12:00 キックオフ,東京農工大学,17,髙垣　登希生,2,MF,90,先発,0,0,0,0,0.0
2026/06/21(日) 12:00 キックオフ,東京農工大学,18,安藤　尊琉,1,DF,90,先発,0,0,0,0,0.0
2026/06/21(日) 12:00 キックオフ,東京農工大学,23,西川　桜冴,2,DF,90,先発,0,0,0,0,0.0
2026/06/21(日) 12:00 キックオフ,東京農工大学,29,保井　伶太,1,MF,90,先発,0,0,0,0,0.0
2026/06/21(日) 12:00 キックオフ,東京農工大学,2,佐々木　湧音,1,DF,0,控え,0,0,0,0,0.0
2026/06/21(日) 12:00 キックオフ,東京農工大学,3,丸山　馨矢,3,DF,0,控え,0,0,0,0,0.0
2026/06/21(日) 12:00 キックオフ,東京農工大学,15,布施　諒大,2,MF,0,控え,0,0,0,0,0.0
2026/06/21(日) 12:00 キックオフ,東京農工大学,24,坂口　大和,3,FW,0,控え,0,0,0,0,0.0
2026/06/21(日) 12:00 キックオフ,東京農工大学,30,立川　晴季,1,MF,0,控え,0,0,0,0,0.0
2026/06/21(日) 14:30 キックオフ,電気通信大学,9,市川　寛人,3,FW,90,先発,3,2,5,1,20.0
2026/06/21(日) 14:30 キックオフ,電気通信大学,11,佐藤　聡汰,4,MF,85,先発,0,1,1,0,0.0
2026/06/21(日) 14:30 キックオフ,電気通信大学,14,有光　太朗,2,FW,79,先発,0,0,0,0,0.0
2026/06/21(日) 14:30 キックオフ,電気通信大学,15,羽広　碧,1,DF,90,先発,0,0,0,0,0.0
2026/06/21(日) 14:30 キックオフ,電気通信大学,16,藤澤　拓真,3,DF,45,先発,0,0,0,0,0.0
2026/06/21(日) 14:30 キックオフ,電気通信大学,21,林元　颯大,2,DF,90,先発,0,0,0,0,0.0
2026/06/21(日) 14:30 キックオフ,電気通信大学,22,高橋　龍生,2,MF,90,先発,1,0,1,0,0.0
2026/06/21(日) 14:30 キックオフ,電気通信大学,25,柏木　祐輝,2,FW,90,先発,0,0,0,0,0.0
2026/06/21(日) 14:30 キックオフ,電気通信大学,29,栗田　直仁,3,MF,85,先発,1,1,2,0,0.0
2026/06/21(日) 14:30 キックオフ,電気通信大学,31,柳野　秀敏,3,GK,90,先発,0,0,0,0,0.0
2026/06/21(日) 14:30 キックオフ,電気通信大学,32,新保　里央,1,FW,45,先発,0,0,0,0,0.0
2026/06/21(日) 14:30 キックオフ,電気通信大学,6,上村　陽輝,2,DF,0,控え,0,0,0,0,0.0
2026/06/21(日) 14:30 キックオフ,電気通信大学,8,山下　太誠,4,FW,5,控え,0,0,0,0,0.0
2026/06/21(日) 14:30 キックオフ,電気通信大学,13,朝倉 友彩,4,MF,5,控え,0,0,0,0,0.0
2026/06/21(日) 14:30 キックオフ,電気通信大学,18,堀井　太智,2,MF,11,控え,0,0,0,0,0.0
2026/06/21(日) 14:30 キックオフ,電気通信大学,28,丹羽　一峻,1,FW,45,控え,0,0,0,0,0.0
2026/06/21(日) 14:30 キックオフ,電気通信大学,19,長谷川　奏,2,MF,45,控え,0,0,0,0,0.0
2026/06/21(日) 14:30 キックオフ,日本大学生物資源科学部,6,石塚 南琉,4,DF,79,先発,0,0,0,0,0.0
2026/06/21(日) 14:30 キックオフ,日本大学生物資源科学部,7,武藤 勇史,4,MF,90,先発,1,0,1,0,0.0
2026/06/21(日) 14:30 キックオフ,日本大学生物資源科学部,8,濱崎 新大,3,MF,90,先発,3,2,5,2,40.0
2026/06/21(日) 14:30 キックオフ,日本大学生物資源科学部,9,齋藤 快叶,3,FW,90,先発,0,2,2,1,50.0
2026/06/21(日) 14:30 キックオフ,日本大学生物資源科学部,10,都留 佑斗,4,MF,90,先発,1,0,1,1,100.0
2026/06/21(日) 14:30 キックオフ,日本大学生物資源科学部,11,青山 航,3,MF,90,先発,0,1,1,0,0.0
2026/06/21(日) 14:30 キックオフ,日本大学生物資源科学部,14,関 寧央,3,MF,79,先発,0,1,1,0,0.0
2026/06/21(日) 14:30 キックオフ,日本大学生物資源科学部,17,小林 琉云,2,MF,90,先発,2,0,2,0,0.0
2026/06/21(日) 14:30 キックオフ,日本大学生物資源科学部,19,加瀬 広河,3,MF,90,先発,4,0,4,1,25.0
2026/06/21(日) 14:30 キックオフ,日本大学生物資源科学部,21,妻木 湧,3,GK,90,先発,0,0,0,0,0.0
2026/06/21(日) 14:30 キックオフ,日本大学生物資源科学部,33,原田 植,4,DF,86,先発,0,0,0,0,0.0
2026/06/21(日) 14:30 キックオフ,日本大学生物資源科学部,13,藥袋 倖正,2,DF,4,控え,0,0,0,0,0.0
2026/06/21(日) 14:30 キックオフ,日本大学生物資源科学部,18,鈴木 貴晶,2,MF,0,控え,0,0,0,0,0.0
2026/06/21(日) 14:30 キックオフ,日本大学生物資源科学部,25,新井 波琉人,3,DF,0,控え,0,0,0,0,0.0
2026/06/21(日) 14:30 キックオフ,日本大学生物資源科学部,29,袴田 結太,2,DF,11,控え,0,0,0,0,0.0
2026/06/21(日) 14:30 キックオフ,日本大学生物資源科学部,30,百瀬 大二郎,4,MF,11,控え,0,3,3,0,0.0
2026/06/21(日) 14:30 キックオフ,日本大学生物資源科学部,32,酒井 雪千景,3,FW,0,控え,0,0,0,0,0.0
2026/06/21(日) 14:30 キックオフ,日本大学生物資源科学部,99,小枝 蓮之,2,DF,0,控え,0,0,0,0,0.0
2026/06/21(日) 14:30 キックオフ,日本大学生物資源科学部,2,廣川 仁人,2,MF,0,控え,0,0,0,0,0.0
2026/06/28(日) 10:30 キックオフ,東京農工大学,2,佐々木　湧音,1,DF,72,先発,0,0,0,0,0.0
2026/06/28(日) 10:30 キックオフ,東京農工大学,3,丸山　馨矢,3,DF,90,先発,1,0,1,0,0.0
2026/06/28(日) 10:30 キックオフ,東京農工大学,5,入江　優大,3,MF,90,先発,3,2,5,0,0.0
2026/06/28(日) 10:30 キックオフ,東京農工大学,6,生田　楽,1,MF,90,先発,0,2,2,0,0.0
2026/06/28(日) 10:30 キックオフ,東京農工大学,8,武田　泰治,3,MF,86,先発,0,0,0,0,0.0
2026/06/28(日) 10:30 キックオフ,東京農工大学,10,大野　晃世,3,FW,90,先発,0,0,0,0,0.0
2026/06/28(日) 10:30 キックオフ,東京農工大学,12,影山　剛,3,GK,90,先発,0,0,0,0,0.0
2026/06/28(日) 10:30 キックオフ,東京農工大学,15,布施　諒大,2,MF,90,先発,3,0,3,0,0.0
2026/06/28(日) 10:30 キックオフ,東京農工大学,18,安藤　尊琉,1,DF,90,先発,0,0,0,0,0.0
2026/06/28(日) 10:30 キックオフ,東京農工大学,23,西川　桜冴,2,DF,90,先発,0,0,0,0,0.0
2026/06/28(日) 10:30 キックオフ,東京農工大学,29,保井　伶太,1,MF,90,先発,0,0,0,0,0.0
2026/06/28(日) 10:30 キックオフ,東京農工大学,22,赤尾　勘太郎,3,DF,18,控え,0,0,0,0,0.0
2026/06/28(日) 10:30 キックオフ,東京農工大学,24,坂口　大和,3,FW,0,控え,0,0,0,0,0.0
2026/06/28(日) 10:30 キックオフ,東京農工大学,30,立川　晴季,1,MF,4,控え,0,0,0,0,0.0
2026/06/28(日) 10:30 キックオフ,国際基督教大学,1,金丸　龍馬,3,GK,90,先発,0,0,0,0,0.0
2026/06/28(日) 10:30 キックオフ,国際基督教大学,6,辻本　晴輝,3,DF,90,先発,1,0,1,1,100.0
2026/06/28(日) 10:30 キックオフ,国際基督教大学,7,川端　遼太郎,1,MF,64,先発,0,1,1,0,0.0
2026/06/28(日) 10:30 キックオフ,国際基督教大学,9,山脇　幹大,3,FW,90,先発,4,2,6,1,16.7
2026/06/28(日) 10:30 キックオフ,国際基督教大学,10,法亢　咲太朗,3,MF,90,先発,2,1,3,0,0.0
2026/06/28(日) 10:30 キックオフ,国際基督教大学,11,川端　晃太郎,2,FW,64,先発,5,2,7,1,14.3
2026/06/28(日) 10:30 キックオフ,国際基督教大学,14,今井　獅優,2,DF,90,先発,0,0,0,0,0.0
2026/06/28(日) 10:30 キックオフ,国際基督教大学,17,高橋　孝輔,2,MF,88,先発,0,1,1,0,0.0
2026/06/28(日) 10:30 キックオフ,国際基督教大学,21,長谷川　滉,2,MF,64,先発,0,0,0,0,0.0
2026/06/28(日) 10:30 キックオフ,国際基督教大学,24,松平　雅史,1,FW,90,先発,1,0,1,0,0.0
2026/06/28(日) 10:30 キックオフ,国際基督教大学,30,福田　快耀,1,MF,81,先発,1,2,3,0,0.0
2026/06/28(日) 10:30 キックオフ,国際基督教大学,2,中丸　泰知,3,DF,26,控え,0,0,0,0,0.0
2026/06/28(日) 10:30 キックオフ,国際基督教大学,4,益子　瑞基,3,MF,26,控え,0,2,2,0,0.0
2026/06/28(日) 10:30 キックオフ,国際基督教大学,15,齊藤　大晴,2,MF,0,控え,0,0,0,0,0.0
2026/06/28(日) 10:30 キックオフ,国際基督教大学,16,山上　海,3,DF,2,控え,0,0,0,0,0.0
2026/06/28(日) 10:30 キックオフ,国際基督教大学,18,塩田　エルカナ,3,FW,26,控え,0,0,0,0,0.0
2026/06/28(日) 10:30 キックオフ,国際基督教大学,22,物江　陸,1,MF,0,控え,0,0,0,0,0.0
2026/06/28(日) 10:30 キックオフ,国際基督教大学,23,デジョンケール　マーティンアレクサンドル,3,GK,0,控え,0,0,0,0,0.0
2026/06/28(日) 10:30 キックオフ,国際基督教大学,26,中村　元信,4,MF,0,控え,0,0,0,0,0.0
2026/06/28(日) 10:30 キックオフ,国際基督教大学,28,アレン　健クライブ,3,MF,9,控え,0,2,2,1,50.0
2026/06/28(日) 11:00 キックオフ,工学院大学,46,加藤　旭陽,4,GK,90,先発,0,0,0,0,0.0
2026/06/28(日) 11:00 キックオフ,工学院大学,5,小林　優翔,3,DF,81,先発,1,0,1,1,100.0
2026/06/28(日) 11:00 キックオフ,工学院大学,16,塩入　大寿,2,DF,90,先発,1,1,2,0,0.0
2026/06/28(日) 11:00 キックオフ,工学院大学,23,後藤　柚希,3,DF,90,先発,1,0,1,0,0.0
2026/06/28(日) 11:00 キックオフ,工学院大学,56,森田　和偉,1,DF,90,先発,0,0,0,0,0.0
2026/06/28(日) 11:00 キックオフ,工学院大学,6,芝　陸斗,3,MF,71,先発,0,0,0,2,0.0
2026/06/28(日) 11:00 キックオフ,工学院大学,10,樋本　杷瑠,3,MF,45,先発,0,0,0,1,0.0
2026/06/28(日) 11:00 キックオフ,工学院大学,11,大海　太輔,3,MF,90,先発,1,1,2,2,100.0
2026/06/28(日) 11:00 キックオフ,工学院大学,40,市川　航,1,MF,45,先発,0,0,0,0,0.0
2026/06/28(日) 11:00 キックオフ,工学院大学,45,鈴木　伶,3,MF,90,先発,1,2,3,0,0.0
2026/06/28(日) 11:00 キックオフ,工学院大学,18,髙瀬　快周,2,FW,45,先発,7,0,7,0,0.0
2026/06/28(日) 11:00 キックオフ,工学院大学,2,吉原　龍之介,3,DF,45,控え,0,0,0,0,0.0
2026/06/28(日) 11:00 キックオフ,工学院大学,21,非浦　海大,3,DF,0,控え,0,0,0,0,0.0
2026/06/28(日) 11:00 キックオフ,工学院大学,7,大塚　東翔,3,MF,0,控え,0,0,0,0,0.0
2026/06/28(日) 11:00 キックオフ,工学院大学,17,野村　慶太,3,MF,45,控え,0,0,0,0,0.0
2026/06/28(日) 11:00 キックオフ,工学院大学,24,菊地　健,3,MF,0,控え,0,0,0,0,0.0
2026/06/28(日) 11:00 キックオフ,工学院大学,28,輿石　翔,1,MF,45,控え,0,1,1,0,0.0
2026/06/28(日) 11:00 キックオフ,工学院大学,29,菊池　鷹秀,4,MF,9,控え,0,0,0,0,0.0
2026/06/28(日) 11:00 キックオフ,工学院大学,39,山本　荘志,1,MF,0,控え,0,0,0,0,0.0
2026/06/28(日) 11:00 キックオフ,工学院大学,41,倉井　将輝,1,FW,19,控え,0,3,3,1,33.3
2026/06/28(日) 11:00 キックオフ,和光大学,5,細谷 倖城,3,DF,90,先発,1,0,1,0,0.0
2026/06/28(日) 11:00 キックオフ,和光大学,6,鈴木 翼,1,DF,90,先発,0,0,0,0,0.0
2026/06/28(日) 11:00 キックオフ,和光大学,8,橋本 創太,2,MF,90,先発,0,1,1,0,0.0
2026/06/28(日) 11:00 キックオフ,和光大学,13,小口 凜久,1,FW,90,先発,0,0,0,0,0.0
2026/06/28(日) 11:00 キックオフ,和光大学,16,林 湘太,3,DF,90,先発,0,0,0,0,0.0
2026/06/28(日) 11:00 キックオフ,和光大学,17,前澤 優輝,1,FW,90,先発,0,0,0,0,0.0
2026/06/28(日) 11:00 キックオフ,和光大学,19,武中 晄樹,1,FW,90,先発,0,0,0,0,0.0
2026/06/28(日) 11:00 キックオフ,和光大学,22,勝又 輝,2,FW,90,先発,0,0,0,0,0.0
2026/06/28(日) 11:00 キックオフ,和光大学,27,高橋 莉央,1,MF,90,先発,0,2,2,0,0.0
2026/06/28(日) 11:00 キックオフ,和光大学,30,伊藤 叶音,1,MF,90,先発,1,0,1,0,0.0
2026/06/28(日) 11:00 キックオフ,和光大学,77,末永 大,1,MF,90,先発,1,0,1,0,0.0
2026/06/28(日) 11:00 キックオフ,和光大学,7,小串 琢斗,2,MF,0,控え,0,0,0,0,0.0
2026/06/28(日) 11:00 キックオフ,和光大学,24,愛甲 涼唄,2,DF,0,控え,0,0,0,0,0.0
2026/06/28(日) 15:30 キックオフ,東京外国語大学,2,増山　滉士,3,DF,90,先発,1,1,2,0,0.0
2026/06/28(日) 15:30 キックオフ,東京外国語大学,4,小野　琉智,3,MF,90,先発,0,0,0,0,0.0
2026/06/28(日) 15:30 キックオフ,東京外国語大学,5,樋口　翼,2,DF,90,先発,0,0,0,0,0.0
2026/06/28(日) 15:30 キックオフ,東京外国語大学,7,長野　海星,3,FW,90,先発,3,1,4,1,25.0
2026/06/28(日) 15:30 キックオフ,東京外国語大学,8,江藤　弘太,2,MF,90,先発,1,0,1,0,0.0
2026/06/28(日) 15:30 キックオフ,東京外国語大学,10,則本　雄大,3,MF,90,先発,0,0,0,0,0.0
2026/06/28(日) 15:30 キックオフ,東京外国語大学,11,依田　理人,2,MF,83,先発,1,0,1,0,0.0
2026/06/28(日) 15:30 キックオフ,東京外国語大学,18,高橋　航希,4,FW,90,先発,1,3,4,0,0.0
2026/06/28(日) 15:30 キックオフ,東京外国語大学,22,刑部　諒真,3,DF,63,先発,0,1,1,0,0.0
2026/06/28(日) 15:30 キックオフ,東京外国語大学,25,池田　怜生,3,DF,90,先発,0,0,0,0,0.0
2026/06/28(日) 15:30 キックオフ,東京外国語大学,52,ベント莉音　エドワード,2,GK,90,先発,0,0,0,0,0.0
2026/06/28(日) 15:30 キックオフ,東京外国語大学,1,山田　真慧,1,GK,0,控え,0,0,0,0,0.0
2026/06/28(日) 15:30 キックオフ,東京外国語大学,6,金指　拓海,3,MF,0,控え,0,0,0,0,0.0
2026/06/28(日) 15:30 キックオフ,東京外国語大学,9,小田　凱,2,FW,27,控え,0,0,0,0,0.0
2026/06/28(日) 15:30 キックオフ,東京外国語大学,15,パク　シウ,3,FW,7,控え,0,2,2,0,0.0
2026/06/28(日) 15:30 キックオフ,東京外国語大学,19,大久保　智貴,3,FW,0,控え,0,0,0,0,0.0
2026/06/28(日) 15:30 キックオフ,東京外国語大学,23,高橋　翔,4,MF,0,控え,0,0,0,0,0.0
2026/06/28(日) 15:30 キックオフ,東京外国語大学,34,大津　怜,2,DF,0,控え,0,0,0,0,0.0
2026/06/28(日) 15:30 キックオフ,東京外国語大学,42,澤田　和斉,1,FW,0,控え,0,0,0,0,0.0
2026/06/28(日) 15:30 キックオフ,東京外国語大学,47,杉浦　裕祐,1,MF,0,控え,0,1,1,0,0.0
2026/06/28(日) 15:30 キックオフ,電気通信大学,8,山下　太誠,4,FW,69,先発,0,1,1,0,0.0
2026/06/28(日) 15:30 キックオフ,電気通信大学,9,市川　寛人,3,FW,90,先発,1,0,1,0,0.0
2026/06/28(日) 15:30 キックオフ,電気通信大学,10,坂庭　輝,1,MF,74,先発,0,0,0,0,0.0
2026/06/28(日) 15:30 キックオフ,電気通信大学,11,佐藤　聡汰,4,MF,76,先発,0,0,0,0,0.0
2026/06/28(日) 15:30 キックオフ,電気通信大学,14,有光　太朗,2,FW,88,先発,0,1,1,0,0.0
2026/06/28(日) 15:30 キックオフ,電気通信大学,15,羽広　碧,1,DF,80,先発,0,0,0,0,0.0
2026/06/28(日) 15:30 キックオフ,電気通信大学,16,藤澤　拓真,3,DF,90,先発,0,0,0,0,0.0
2026/06/28(日) 15:30 キックオフ,電気通信大学,21,林元　颯大,2,DF,90,先発,1,0,1,0,0.0
2026/06/28(日) 15:30 キックオフ,電気通信大学,22,高橋　龍生,2,MF,90,先発,0,1,1,0,0.0
2026/06/28(日) 15:30 キックオフ,電気通信大学,24,落合　祐斗,3,DF,90,先発,0,2,2,1,50.0
2026/06/28(日) 15:30 キックオフ,電気通信大学,31,柳野　秀敏,3,GK,90,先発,0,0,0,0,0.0
2026/06/28(日) 15:30 キックオフ,電気通信大学,6,上村　陽輝,2,DF,0,控え,0,0,0,0,0.0
2026/06/28(日) 15:30 キックオフ,電気通信大学,18,堀井　太智,2,MF,14,控え,0,0,0,0,0.0
2026/06/28(日) 15:30 キックオフ,電気通信大学,25,柏木　祐輝,2,FW,0,控え,0,0,0,0,0.0
2026/06/28(日) 15:30 キックオフ,電気通信大学,26,有村　悠貴,2,FW,0,控え,0,0,0,0,0.0
2026/06/28(日) 15:30 キックオフ,電気通信大学,27,石川　永真,3,DF,10,控え,0,0,0,0,0.0
2026/06/28(日) 15:30 キックオフ,電気通信大学,28,丹羽　一峻,1,FW,16,控え,0,0,0,0,0.0
2026/06/28(日) 15:30 キックオフ,電気通信大学,29,栗田　直仁,3,MF,21,控え,0,0,0,0,0.0
2026/06/28(日) 15:30 キックオフ,電気通信大学,30,鈴木　千博,3,FW,0,控え,0,0,0,0,0.0
2026/06/28(日) 15:30 キックオフ,電気通信大学,32,新保　里央,1,FW,2,控え,0,0,0,0,0.0
2026/06/28(日) 15:45 キックオフ,武蔵野大学,3,澤中 颯汰,4,DF,90,先発,0,0,0,0,0.0
2026/06/28(日) 15:45 キックオフ,武蔵野大学,7,柵木 駿飛,2,FW,90,先発,0,1,1,0,0.0
2026/06/28(日) 15:45 キックオフ,武蔵野大学,10,米山 拓真,2,FW,62,先発,0,0,0,0,0.0
2026/06/28(日) 15:45 キックオフ,武蔵野大学,20,渡邉 充輝,2,FW,78,先発,1,0,1,0,0.0
2026/06/28(日) 15:45 キックオフ,武蔵野大学,27,小杉 太一,4,GK,90,先発,0,0,0,0,0.0
2026/06/28(日) 15:45 キックオフ,武蔵野大学,29,石井 郁也,2,DF,90,先発,0,0,0,0,0.0
2026/06/28(日) 15:45 キックオフ,武蔵野大学,32,落合 侃太,4,MF,88,先発,1,0,1,0,0.0
2026/06/28(日) 15:45 キックオフ,武蔵野大学,37,嶋根 友太,4,MF,90,先発,0,0,0,0,0.0
2026/06/28(日) 15:45 キックオフ,武蔵野大学,38,高瀬 快斗,3,DF,90,先発,0,0,0,0,0.0
2026/06/28(日) 15:45 キックオフ,武蔵野大学,46,駒 廉吾,3,FW,69,先発,5,0,5,0,0.0
2026/06/28(日) 15:45 キックオフ,武蔵野大学,47,宮谷 友大,4,DF,90,先発,0,1,1,0,0.0
2026/06/28(日) 15:45 キックオフ,武蔵野大学,1,有澤　大心,1,GK,0,控え,0,0,0,0,0.0
2026/06/28(日) 15:45 キックオフ,武蔵野大学,2,河村　幹太郎,1,DF,0,控え,0,0,0,0,0.0
2026/06/28(日) 15:45 キックオフ,武蔵野大学,9,佐藤 春斗,2,FW,21,控え,0,2,2,1,50.0
2026/06/28(日) 15:45 キックオフ,武蔵野大学,13,徳田　凜大,1,FW,28,控え,0,2,2,1,50.0
2026/06/28(日) 15:45 キックオフ,武蔵野大学,16,奥田 羚,4,MF,2,控え,0,0,0,0,0.0
2026/06/28(日) 15:45 キックオフ,武蔵野大学,26,伴 真翔,3,MF,12,控え,0,0,0,0,0.0
2026/06/28(日) 15:45 キックオフ,武蔵野大学,31,位田　眞成,1,DF,0,控え,0,0,0,0,0.0
2026/06/28(日) 15:45 キックオフ,武蔵野大学,35,丹保 彪麻,3,DF,0,控え,0,0,0,0,0.0
2026/06/28(日) 15:45 キックオフ,武蔵野大学,79,西谷　天翔,1,FW,0,控え,0,0,0,0,0.0
2026/06/28(日) 15:45 キックオフ,東京都市大学,2,伊藤　晃大,2,DF,79,先発,0,0,0,0,0.0
2026/06/28(日) 15:45 キックオフ,東京都市大学,3,三枝　昇吾,2,DF,90,先発,0,0,0,0,0.0
2026/06/28(日) 15:45 キックオフ,東京都市大学,7,高木　風輝,4,MF,62,先発,0,0,0,0,0.0
2026/06/28(日) 15:45 キックオフ,東京都市大学,11,青木　春翔,2,FW,45,先発,0,0,0,0,0.0
2026/06/28(日) 15:45 キックオフ,東京都市大学,15,菅原　蒼生,4,DF,90,先発,0,0,0,0,0.0
2026/06/28(日) 15:45 キックオフ,東京都市大学,16,今福　陸希,1,MF,90,先発,1,0,1,0,0.0
2026/06/28(日) 15:45 キックオフ,東京都市大学,21,近　一輝,2,MF,69,先発,1,1,2,0,0.0
2026/06/28(日) 15:45 キックオフ,東京都市大学,26,時枝　佑太郎,3,MF,90,先発,1,0,1,0,0.0
2026/06/28(日) 15:45 キックオフ,東京都市大学,29,梅原　　一真,2,DF,90,先発,0,0,0,0,0.0
2026/06/28(日) 15:45 キックオフ,東京都市大学,41,下迫　璃玖,2,GK,90,先発,0,0,0,0,0.0
2026/06/28(日) 15:45 キックオフ,東京都市大学,72,友成　志道,2,MF,90,先発,0,0,0,0,0.0
2026/06/28(日) 15:45 キックオフ,東京都市大学,1,山本　絢太,3,GK,0,控え,0,0,0,0,0.0
2026/06/28(日) 15:45 キックオフ,東京都市大学,4,阿部　純太,3,DF,0,控え,0,0,0,0,0.0
2026/06/28(日) 15:45 キックオフ,東京都市大学,8,芹沢　朔太郎,3,FW,0,控え,0,0,0,0,0.0
2026/06/28(日) 15:45 キックオフ,東京都市大学,13,秋葉　剛,1,MF,0,控え,0,0,0,0,0.0
2026/06/28(日) 15:45 キックオフ,東京都市大学,19,猪原　海斗,1,FW,28,控え,0,3,3,0,0.0
2026/06/28(日) 15:45 キックオフ,東京都市大学,24,深澤　巧樹,2,FW,45,控え,0,0,0,0,0.0
2026/06/28(日) 15:45 キックオフ,東京都市大学,44,唐澤　響,2,MF,21,控え,0,0,0,0,0.0
2026/06/28(日) 15:45 キックオフ,東京都市大学,77,城定　諒冴,2,MF,11,控え,0,0,0,0,0.0
2026/06/28(日) 16:30 キックオフ,東京薬科大学,1,横山　聖,3,GK,90,先発,0,0,0,0,0.0
2026/06/28(日) 16:30 キックオフ,東京薬科大学,20,谷川　博飛,2,DF,90,先発,0,0,0,0,0.0
2026/06/28(日) 16:30 キックオフ,東京薬科大学,77,関田　葵,1,DF,90,先発,0,0,0,0,0.0
2026/06/28(日) 16:30 キックオフ,東京薬科大学,2,平瀬　歩夢,3,DF,63,先発,0,0,0,0,0.0
2026/06/28(日) 16:30 キックオフ,東京薬科大学,7,倉田　昇正,2,MF,90,先発,0,0,0,0,0.0
2026/06/28(日) 16:30 キックオフ,東京薬科大学,6,向所　咲人,2,MF,90,先発,0,0,0,0,0.0
2026/06/28(日) 16:30 キックオフ,東京薬科大学,5,大口　峻平,3,DF,90,先発,0,0,0,0,0.0
2026/06/28(日) 16:30 キックオフ,東京薬科大学,10,小枝　芽生,2,MF,90,先発,0,1,1,0,0.0
2026/06/28(日) 16:30 キックオフ,東京薬科大学,14,野川　健斗,3,MF,90,先発,0,0,0,0,0.0
2026/06/28(日) 16:30 キックオフ,東京薬科大学,8,阿部　悠大,3,FW,90,先発,0,0,0,0,0.0
2026/06/28(日) 16:30 キックオフ,東京薬科大学,9,狩野　快斗,2,FW,90,先発,0,1,1,1,100.0
2026/06/28(日) 16:30 キックオフ,東京薬科大学,18,橘井　奏汰,1,MF,27,控え,0,0,0,0,0.0
2026/06/28(日) 16:30 キックオフ,東京科学大学,1,中野　陽介,4,GK,90,先発,0,0,0,0,0.0
2026/06/28(日) 16:30 キックオフ,東京科学大学,4,宮本　空,4,DF,90,先発,1,0,1,1,100.0
2026/06/28(日) 16:30 キックオフ,東京科学大学,5,末木　孝幸,4,DF,90,先発,0,0,0,0,0.0
2026/06/28(日) 16:30 キックオフ,東京科学大学,10,木村　淳之介,3,MF,90,先発,4,1,5,2,40.0
2026/06/28(日) 16:30 キックオフ,東京科学大学,95,小林　和楽,2,MF,67,先発,0,0,0,0,0.0
2026/06/28(日) 16:30 キックオフ,東京科学大学,16,山中　翔悟,2,FW,78,先発,1,0,1,1,100.0
2026/06/28(日) 16:30 キックオフ,東京科学大学,17,原田　航太,2,MF,90,先発,1,0,1,1,100.0
2026/06/28(日) 16:30 キックオフ,東京科学大学,19,村山　裕大,4,FW,66,先発,0,0,0,0,0.0
2026/06/28(日) 16:30 キックオフ,東京科学大学,27,島村　泰輝,3,DF,90,先発,1,0,1,1,100.0
2026/06/28(日) 16:30 キックオフ,東京科学大学,38,亀田　怜大,4,DF,71,先発,0,0,0,0,0.0
2026/06/28(日) 16:30 キックオフ,東京科学大学,77,田口　晴大,2,FW,79,先発,3,0,3,0,0.0
2026/06/28(日) 16:30 キックオフ,東京科学大学,18,土田　奏人,3,DF,0,控え,0,0,0,0,0.0
2026/06/28(日) 16:30 キックオフ,東京科学大学,21,田中　碧太,3,MF,0,控え,0,0,0,0,0.0
2026/06/28(日) 16:30 キックオフ,東京科学大学,31,加茂　治樹,3,GK,0,控え,0,0,0,0,0.0
2026/06/28(日) 16:30 キックオフ,東京科学大学,35,星川　航祐,2,DF,19,控え,0,1,1,1,100.0
2026/06/28(日) 16:30 キックオフ,東京科学大学,51,村井　杏介,3,MF,23,控え,0,1,1,1,100.0
2026/06/28(日) 16:30 キックオフ,東京科学大学,6,金原　隼大,1,MF,24,控え,0,0,0,0,0.0
2026/06/28(日) 16:30 キックオフ,東京科学大学,9,高篠　悠太,4,MF,0,控え,0,0,0,0,0.0
2026/06/28(日) 16:30 キックオフ,東京科学大学,11,佐藤　亮樹,3,FW,11,控え,0,1,1,0,0.0
2026/06/28(日) 16:30 キックオフ,東京科学大学,12,半田　紘佑,3,FW,12,控え,0,1,1,1,100.0
2026/07/04(土) 10:30 キックオフ,松蔭大学・横浜商科大学,30,藤井　寛太,1,GK,90,先発,0,0,0,0,0.0
2026/07/04(土) 10:30 キックオフ,松蔭大学・横浜商科大学,4,菅野　泰斗,2,DF,90,先発,0,0,0,0,0.0
2026/07/04(土) 10:30 キックオフ,松蔭大学・横浜商科大学,10,上田　祐雅,4,DF,90,先発,1,0,1,1,100.0
2026/07/04(土) 10:30 キックオフ,松蔭大学・横浜商科大学,13,塩幡　優汰,1,DF,90,先発,0,0,0,0,0.0
2026/07/04(土) 10:30 キックオフ,松蔭大学・横浜商科大学,14,安部　光,3,DF,90,先発,0,0,0,0,0.0
2026/07/04(土) 10:30 キックオフ,松蔭大学・横浜商科大学,6,奥原　空,4,MF,90,先発,1,1,2,0,0.0
2026/07/04(土) 10:30 キックオフ,松蔭大学・横浜商科大学,17,吉川　虎十朗,3,MF,90,先発,0,0,0,0,0.0
2026/07/04(土) 10:30 キックオフ,松蔭大学・横浜商科大学,23,太田　直哉,1,MF,90,先発,0,1,1,1,100.0
2026/07/04(土) 10:30 キックオフ,松蔭大学・横浜商科大学,11,佐々木　優斗,4,FW,90,先発,1,0,1,0,0.0
2026/07/04(土) 10:30 キックオフ,松蔭大学・横浜商科大学,22,関　碧生,3,FW,64,先発,0,0,0,0,0.0
2026/07/04(土) 10:30 キックオフ,松蔭大学・横浜商科大学,28,中村　久人,1,FW,90,先発,0,1,1,1,100.0
2026/07/04(土) 10:30 キックオフ,松蔭大学・横浜商科大学,7,生田目　隼輔,3,MF,26,控え,0,2,2,2,100.0
2026/07/04(土) 10:30 キックオフ,松蔭大学・横浜商科大学,26,淺沼　真拓,2,MF,0,控え,0,0,0,0,0.0
2026/07/04(土) 10:30 キックオフ,松蔭大学・横浜商科大学,18,小泉　大輔,2,FW,0,控え,0,0,0,0,0.0
2026/07/04(土) 10:30 キックオフ,横浜市立大学（神奈川県）,31,中村　　旭陽,3,GK,90,先発,0,0,0,0,0.0
2026/07/04(土) 10:30 キックオフ,横浜市立大学（神奈川県）,5,鈴木　和真,2,DF,90,先発,0,0,0,0,0.0
2026/07/04(土) 10:30 キックオフ,横浜市立大学（神奈川県）,15,ディンデッリ　ラポ,2,DF,90,先発,0,0,0,0,0.0
2026/07/04(土) 10:30 キックオフ,横浜市立大学（神奈川県）,33,横田　　智風,3,DF,70,先発,0,0,0,0,0.0
2026/07/04(土) 10:30 キックオフ,横浜市立大学（神奈川県）,6,東島　玄治,2,MF,90,先発,0,0,0,0,0.0
2026/07/04(土) 10:30 キックオフ,横浜市立大学（神奈川県）,24,若林　周祐,2,MF,90,先発,1,1,2,0,0.0
2026/07/04(土) 10:30 キックオフ,横浜市立大学（神奈川県）,7,放崎　　結生,3,FW,90,先発,2,0,2,0,0.0
2026/07/04(土) 10:30 キックオフ,横浜市立大学（神奈川県）,8,宮越　葵,2,FW,89,先発,1,1,2,0,0.0
2026/07/04(土) 10:30 キックオフ,横浜市立大学（神奈川県）,9,清沢　翼,3,FW,77,先発,1,0,1,0,0.0
2026/07/04(土) 10:30 キックオフ,横浜市立大学（神奈川県）,13,小林　琉,3,FW,90,先発,0,2,2,0,0.0
2026/07/04(土) 10:30 キックオフ,横浜市立大学（神奈川県）,17,堀内　成,3,FW,70,先発,3,0,3,1,33.3
2026/07/04(土) 10:30 キックオフ,横浜市立大学（神奈川県）,21,チャーイ　陽斗,2,GK,0,控え,0,0,0,0,0.0
2026/07/04(土) 10:30 キックオフ,横浜市立大学（神奈川県）,4,峯村　哲平,3,DF,0,控え,0,0,0,0,0.0
2026/07/04(土) 10:30 キックオフ,横浜市立大学（神奈川県）,20,佐藤　陽人,2,DF,0,控え,0,0,0,0,0.0
2026/07/04(土) 10:30 キックオフ,横浜市立大学（神奈川県）,11,錦戸　寛人,3,FW,13,控え,0,1,1,0,0.0
2026/07/04(土) 10:30 キックオフ,横浜市立大学（神奈川県）,14,小松　隆之介,2,MF,20,控え,0,0,0,0,0.0
2026/07/04(土) 10:30 キックオフ,横浜市立大学（神奈川県）,18,東　力也,2,MF,1,控え,0,0,0,0,0.0
2026/07/04(土) 10:30 キックオフ,横浜市立大学（神奈川県）,23,岩間　　大晟,3,MF,0,控え,0,0,0,0,0.0
2026/07/04(土) 10:30 キックオフ,横浜市立大学（神奈川県）,19,和光　律紀,2,FW,20,控え,0,0,0,0,0.0
2026/07/04(土) 10:30 キックオフ,横浜市立大学（神奈川県）,35,島　太一,1,FW,0,控え,0,0,0,0,0.0
2026/07/12(日) 14:30 キックオフ,日本大学生物資源科学部,5,山田 藍良,3,DF,90,先発,0,0,0,0,0.0
2026/07/12(日) 14:30 キックオフ,日本大学生物資源科学部,6,石塚 南琉,4,DF,90,先発,1,2,3,1,33.3
2026/07/12(日) 14:30 キックオフ,日本大学生物資源科学部,8,濱崎 新大,3,MF,90,先発,2,2,4,0,0.0
2026/07/12(日) 14:30 キックオフ,日本大学生物資源科学部,9,齋藤 快叶,3,FW,90,先発,2,3,5,1,20.0
2026/07/12(日) 14:30 キックオフ,日本大学生物資源科学部,11,青山 航,3,MF,90,先発,1,3,4,1,25.0
2026/07/12(日) 14:30 キックオフ,日本大学生物資源科学部,14,関 寧央,3,MF,85,先発,0,0,0,0,0.0
2026/07/12(日) 14:30 キックオフ,日本大学生物資源科学部,15,今出 遼太,2,MF,85,先発,2,2,4,2,50.0
2026/07/12(日) 14:30 キックオフ,日本大学生物資源科学部,17,小林 琉云,2,MF,90,先発,1,2,3,1,33.3
2026/07/12(日) 14:30 キックオフ,日本大学生物資源科学部,21,妻木 湧,3,GK,90,先発,0,0,0,0,0.0
2026/07/12(日) 14:30 キックオフ,日本大学生物資源科学部,25,新井 波琉人,3,DF,45,先発,0,0,0,0,0.0
2026/07/12(日) 14:30 キックオフ,日本大学生物資源科学部,29,袴田 結太,2,DF,85,先発,0,1,1,0,0.0
2026/07/12(日) 14:30 キックオフ,日本大学生物資源科学部,2,廣川 仁人,2,MF,0,控え,0,0,0,0,0.0
2026/07/12(日) 14:30 キックオフ,日本大学生物資源科学部,12,青山 大地,3,DF,5,控え,0,1,1,0,0.0
2026/07/12(日) 14:30 キックオフ,日本大学生物資源科学部,13,藥袋 倖正,2,DF,0,控え,0,0,0,0,0.0
2026/07/12(日) 14:30 キックオフ,日本大学生物資源科学部,19,加瀬 広河,3,MF,45,控え,0,3,3,0,0.0
2026/07/12(日) 14:30 キックオフ,日本大学生物資源科学部,22,佐藤 大志,2,MF,0,控え,0,0,0,0,0.0
2026/07/12(日) 14:30 キックオフ,日本大学生物資源科学部,30,百瀬 大二郎,4,MF,5,控え,0,1,1,0,0.0
2026/07/12(日) 14:30 キックオフ,日本大学生物資源科学部,33,原田 植,4,DF,0,控え,0,0,0,0,0.0
2026/07/12(日) 14:30 キックオフ,日本大学生物資源科学部,36,品川 翼空,4,FW,5,控え,0,0,0,0,0.0
2026/07/12(日) 14:30 キックオフ,日本大学生物資源科学部,99,小枝 蓮之,2,DF,0,控え,0,0,0,0,0.0
2026/07/12(日) 14:30 キックオフ,都留文科大学,1,濱邊　彗杏,3,GK,90,先発,0,0,0,0,0.0
2026/07/12(日) 14:30 キックオフ,都留文科大学,2,山本　知寛,4,DF,90,先発,0,0,0,0,0.0
2026/07/12(日) 14:30 キックオフ,都留文科大学,5,佐々木　洸,3,DF,90,先発,0,0,0,0,0.0
2026/07/12(日) 14:30 キックオフ,都留文科大学,7,立川　涼,3,FW,90,先発,1,0,1,1,100.0
2026/07/12(日) 14:30 キックオフ,都留文科大学,8,清　史琉,1,DF,90,先発,0,0,0,0,0.0
2026/07/12(日) 14:30 キックオフ,都留文科大学,9,中川　太輝,3,MF,90,先発,0,1,1,0,0.0
2026/07/12(日) 14:30 キックオフ,都留文科大学,10,本部　響希,2,DF,90,先発,0,0,0,0,0.0
2026/07/12(日) 14:30 キックオフ,都留文科大学,11,川島　響介,3,MF,90,先発,0,0,0,0,0.0
2026/07/12(日) 14:30 キックオフ,都留文科大学,14,須田　翔斗,1,FW,75,先発,1,0,1,0,0.0
2026/07/12(日) 14:30 キックオフ,都留文科大学,22,吉田　篤翔,2,DF,79,先発,0,0,0,0,0.0
2026/07/12(日) 14:30 キックオフ,都留文科大学,77,前田　千夏,2,MF,89,先発,0,0,0,0,0.0
2026/07/12(日) 14:30 キックオフ,都留文科大学,3,武富　羽琉,2,DF,0,控え,0,0,0,0,0.0
2026/07/12(日) 14:30 キックオフ,都留文科大学,4,神崎　耶音,4,MF,11,控え,0,0,0,0,0.0
2026/07/12(日) 14:30 キックオフ,都留文科大学,6,河本　慎太郎,1,DF,15,控え,0,0,0,0,0.0
2026/07/12(日) 14:30 キックオフ,都留文科大学,21,鈴木　蒼空,2,MF,1,控え,0,0,0,0,0.0
2026/07/12(日) 14:30 キックオフ,都留文科大学,35,伊海　央祐,3,GK,0,控え,0,0,0,0,0.0
2026/07/12(日) 14:30 キックオフ,都留文科大学,41,村上　陸,2,GK,0,控え,0,0,0,0,0.0
2026/07/12(日) 14:30 キックオフ,都留文科大学,42,青木　蓮太郎,4,GK,0,控え,0,0,0,0,0.0
2026/07/12(日) 14:30 キックオフ,都留文科大学,99,岡本　祥希,1,DF,0,控え,0,0,0,0,0.0
