date,team,number,name,grade,position,minutes_played,status,shoot_1st,shoot_2nd,shoot_total,goals,goal_rate
2026/04/05(日) 10:00 キックオフ,日本文化大學,1,山本　章介,2,GK,90,先発,0,0,0,0,0.0
2026/04/05(日) 10:00 キックオフ,日本文化大學,2,嶺野　悠斗,2,DF,90,先発,0,0,0,0,0.0
2026/04/05(日) 10:00 キックオフ,日本文化大學,3,中野　万輝斗,2,DF,90,先発,0,0,0,0,0.0
2026/04/05(日) 10:00 キックオフ,日本文化大學,4,黒沢　耀,1,DF,90,先発,0,0,0,0,0.0
2026/04/05(日) 10:00 キックオフ,日本文化大學,5,日野原　十矢,1,DF,90,先発,0,0,0,0,0.0
2026/04/05(日) 10:00 キックオフ,日本文化大學,6,岸上　一吹,1,MF,75,先発,0,0,0,0,0.0
2026/04/05(日) 10:00 キックオフ,日本文化大學,7,村瀬　陸斗,1,MF,88,先発,1,2,3,0,0.0
2026/04/05(日) 10:00 キックオフ,日本文化大學,8,松野　竜成,3,FW,90,先発,1,3,4,1,25.0
2026/04/05(日) 10:00 キックオフ,日本文化大學,9,間野　翼,3,MF,80,先発,0,2,2,2,100.0
2026/04/05(日) 10:00 キックオフ,日本文化大學,10,クリムキ　アンドリュー,2,FW,75,先発,0,2,2,0,0.0
2026/04/05(日) 10:00 キックオフ,日本文化大學,11,井之﨑　隼也,2,FW,79,先発,0,1,1,0,0.0
2026/04/05(日) 10:00 キックオフ,日本文化大學,13,宮里　飛雄馬,2,MF,15,控え,0,0,0,0,0.0
2026/04/05(日) 10:00 キックオフ,日本文化大學,16,小泉　伶真,2,DF,0,控え,0,0,0,0,0.0
2026/04/05(日) 10:00 キックオフ,日本文化大學,17,有山　大翔,3,MF,15,控え,0,0,0,0,0.0
2026/04/05(日) 10:00 キックオフ,日本文化大學,18,永盛　太己,1,MF,2,控え,0,1,1,0,0.0
2026/04/05(日) 10:00 キックオフ,日本文化大學,20,大野　泰朗,2,FW,0,控え,0,0,0,0,0.0
2026/04/05(日) 10:00 キックオフ,日本文化大學,22,田上　伊織,1,FW,11,控え,0,0,0,0,0.0
2026/04/05(日) 10:00 キックオフ,日本文化大學,24,伊皆　康輝,1,DF,0,控え,0,0,0,0,0.0
2026/04/05(日) 10:00 キックオフ,日本文化大學,27,目黒　旺樹,1,DF,10,控え,0,0,0,0,0.0
2026/04/05(日) 10:00 キックオフ,日本文化大學,31,鈴木　彪琉,1,GK,0,控え,0,0,0,0,0.0
2026/04/05(日) 10:00 キックオフ,東京理科大学,1,山本　大介,3,GK,90,先発,0,0,0,0,0.0
2026/04/05(日) 10:00 キックオフ,東京理科大学,5,伊藤　涼真,4,DF,85,先発,0,0,0,0,0.0
2026/04/05(日) 10:00 キックオフ,東京理科大学,8,白川　陽,4,MF,90,先発,0,2,2,0,0.0
2026/04/05(日) 10:00 キックオフ,東京理科大学,10,原　虎太郎,4,MF,71,先発,3,1,4,0,0.0
2026/04/05(日) 10:00 キックオフ,東京理科大学,11,鈴木　冬聖,4,FW,90,先発,0,0,0,0,0.0
2026/04/05(日) 10:00 キックオフ,東京理科大学,16,吉岡　宏彬,3,MF,90,先発,1,0,1,0,0.0
2026/04/05(日) 10:00 キックオフ,東京理科大学,29,櫻井　友翔,2,FW,78,先発,0,0,0,0,0.0
2026/04/05(日) 10:00 キックオフ,東京理科大学,41,為我井　煌生,3,DF,90,先発,2,2,4,0,0.0
2026/04/05(日) 10:00 キックオフ,東京理科大学,51,長島　正悟,3,MF,90,先発,1,0,1,0,0.0
2026/04/05(日) 10:00 キックオフ,東京理科大学,66,守屋　大地,3,MF,90,先発,2,0,2,0,0.0
2026/04/05(日) 10:00 キックオフ,東京理科大学,71,篠原　烈士,2,MF,64,先発,0,0,0,0,0.0
2026/04/05(日) 10:00 キックオフ,東京理科大学,4,鈴木　敬吾,3,DF,5,控え,0,0,0,0,0.0
2026/04/05(日) 10:00 キックオフ,東京理科大学,9,内本　達三郎,4,FW,0,控え,0,0,0,0,0.0
2026/04/05(日) 10:00 キックオフ,東京理科大学,22,田口　育磨,2,MF,19,控え,0,0,0,0,0.0
2026/04/05(日) 10:00 キックオフ,東京理科大学,24,赤木　康太,4,MF,0,控え,0,0,0,0,0.0
2026/04/05(日) 10:00 キックオフ,東京理科大学,27,福原　圭汰,4,MF,12,控え,0,0,0,0,0.0
2026/04/05(日) 10:00 キックオフ,東京理科大学,28,鷹野　翼,2,GK,0,控え,0,0,0,0,0.0
2026/04/05(日) 10:00 キックオフ,東京理科大学,54,神保　朋季,4,DF,0,控え,0,0,0,0,0.0
2026/04/05(日) 10:00 キックオフ,東京理科大学,69,松永　陸杜,2,MF,0,控え,0,0,0,0,0.0
2026/04/05(日) 10:00 キックオフ,東京理科大学,77,高島　大河,3,FW,26,控え,0,0,0,0,0.0
2026/04/05(日) 10:00 キックオフ,東京都立大学,1,細貝 知希,4,GK,90,先発,0,0,0,0,0.0
2026/04/05(日) 10:00 キックオフ,東京都立大学,4,福田 怜央,4,DF,90,先発,0,0,0,0,0.0
2026/04/05(日) 10:00 キックオフ,東京都立大学,8,前村 太紀,4,DF,32,先発,0,0,0,0,0.0
2026/04/05(日) 10:00 キックオフ,東京都立大学,47,渡辺 康太,2,DF,90,先発,0,0,0,0,0.0
2026/04/05(日) 10:00 キックオフ,東京都立大学,84,林 陸斗,2,DF,90,先発,0,1,1,0,0.0
2026/04/05(日) 10:00 キックオフ,東京都立大学,11,杉崎 志信,3,MF,90,先発,1,1,2,0,0.0
2026/04/05(日) 10:00 キックオフ,東京都立大学,21,森山 太稀,2,MF,90,先発,0,0,0,0,0.0
2026/04/05(日) 10:00 キックオフ,東京都立大学,23,須藤 星空,2,MF,84,先発,1,0,1,0,0.0
2026/04/05(日) 10:00 キックオフ,東京都立大学,42,大汐 徹平,2,MF,90,先発,1,1,2,0,0.0
2026/04/05(日) 10:00 キックオフ,東京都立大学,71,西川 大翔,3,MF,63,先発,0,0,0,0,0.0
2026/04/05(日) 10:00 キックオフ,東京都立大学,30,加賀 獅音,2,FW,63,先発,0,0,0,0,0.0
2026/04/05(日) 10:00 キックオフ,東京都立大学,12,中田 幹登,3,GK,0,控え,0,0,0,0,0.0
2026/04/05(日) 10:00 キックオフ,東京都立大学,3,遠藤 優之亮,4,DF,0,控え,0,0,0,0,0.0
2026/04/05(日) 10:00 キックオフ,東京都立大学,54,寳理 永翔,3,DF,0,控え,0,0,0,0,0.0
2026/04/05(日) 10:00 キックオフ,東京都立大学,7,程塚 駿太,3,MF,58,控え,0,0,0,0,0.0
2026/04/05(日) 10:00 キックオフ,東京都立大学,9,中崎 琉斗,3,MF,0,控え,0,0,0,0,0.0
2026/04/05(日) 10:00 キックオフ,東京都立大学,15,上坂 緩大,3,MF,0,控え,0,0,0,0,0.0
2026/04/05(日) 10:00 キックオフ,東京都立大学,24,坂井 玲仁,2,MF,27,控え,0,0,0,0,0.0
2026/04/05(日) 10:00 キックオフ,東京都立大学,27,西田 有之介,2,MF,27,控え,0,0,0,0,0.0
2026/04/05(日) 10:00 キックオフ,東京都立大学,41,宮嶋 優良,4,MF,6,控え,0,0,0,0,0.0
2026/04/05(日) 10:00 キックオフ,東京大学,13,丸山　凱智,3,GK,90,先発,0,0,0,0,0.0
2026/04/05(日) 10:00 キックオフ,東京大学,4,池澤 健剛,3,DF,90,先発,0,0,0,0,0.0
2026/04/05(日) 10:00 キックオフ,東京大学,24,若柳 遥斗,3,DF,64,先発,0,0,0,0,0.0
2026/04/05(日) 10:00 キックオフ,東京大学,2,柏村 直登,4,MF,86,先発,0,0,0,0,0.0
2026/04/05(日) 10:00 キックオフ,東京大学,7,河野 慈央,4,MF,64,先発,2,0,2,1,50.0
2026/04/05(日) 10:00 キックオフ,東京大学,10,河島 誠二郎,4,MF,90,先発,3,2,5,0,0.0
2026/04/05(日) 10:00 キックオフ,東京大学,15,鈴木 武尊,2,MF,90,先発,0,2,2,0,0.0
2026/04/05(日) 10:00 キックオフ,東京大学,17,岡田 詠,3,MF,90,先発,0,1,1,0,0.0
2026/04/05(日) 10:00 キックオフ,東京大学,40,山口 源登,4,MF,76,先発,0,0,0,0,0.0
2026/04/05(日) 10:00 キックオフ,東京大学,9,大西 達也,4,FW,90,先発,0,2,2,0,0.0
2026/04/05(日) 10:00 キックオフ,東京大学,11,長谷川 泰斗,2,FW,90,先発,1,0,1,1,100.0
2026/04/05(日) 10:00 キックオフ,東京大学,21,大場 祥吾,4,GK,0,控え,0,0,0,0,0.0
2026/04/05(日) 10:00 キックオフ,東京大学,28,安藤 颯馬,3,DF,4,控え,0,0,0,0,0.0
2026/04/05(日) 10:00 キックオフ,東京大学,33,松尾 仁之介,4,DF,0,控え,0,0,0,0,0.0
2026/04/05(日) 10:00 キックオフ,東京大学,6,長田 夕輝,4,MF,0,控え,0,0,0,0,0.0
2026/04/05(日) 10:00 キックオフ,東京大学,14,高木 勇仁,4,MF,26,控え,0,1,1,0,0.0
2026/04/05(日) 10:00 キックオフ,東京大学,16,馬渕 太我,2,MF,14,控え,0,0,0,0,0.0
2026/04/05(日) 10:00 キックオフ,東京大学,18,遠藤 雅仁,3,FW,26,控え,0,0,0,0,0.0
2026/04/05(日) 10:00 キックオフ,東京大学,19,大谷 遼一,4,FW,0,控え,0,0,0,0,0.0
2026/04/05(日) 10:00 キックオフ,東京大学,26,田島 誠志郎,3,FW,0,控え,0,0,0,0,0.0
2026/04/05(日) 13:00 キックオフ,一橋大学,2,河田　一心,3,MF,90,先発,0,0,0,0,0.0
2026/04/05(日) 13:00 キックオフ,一橋大学,4,相内　馨太,3,DF,90,先発,0,1,1,0,0.0
2026/04/05(日) 13:00 キックオフ,一橋大学,7,森田　敢三,4,MF,72,先発,0,0,0,0,0.0
2026/04/05(日) 13:00 キックオフ,一橋大学,8,佐野　翔優,2,MF,53,先発,0,0,0,0,0.0
2026/04/05(日) 13:00 キックオフ,一橋大学,9,藤野　太郎,3,FW,80,先発,0,0,0,0,0.0
2026/04/05(日) 13:00 キックオフ,一橋大学,10,上尾　陸,4,MF,90,先発,2,1,3,0,0.0
2026/04/05(日) 13:00 キックオフ,一橋大学,11,藤原　凌,4,FW,90,先発,0,1,1,0,0.0
2026/04/05(日) 13:00 キックオフ,一橋大学,13,深田　勇輝,4,DF,54,先発,0,0,0,0,0.0
2026/04/05(日) 13:00 キックオフ,一橋大学,17,日外　晴人,3,MF,90,先発,1,1,2,0,0.0
2026/04/05(日) 13:00 キックオフ,一橋大学,21,藤原　拓海,4,GK,90,先発,0,0,0,0,0.0
2026/04/05(日) 13:00 キックオフ,一橋大学,24,深田　篤史,4,DF,90,先発,0,1,1,0,0.0
2026/04/05(日) 13:00 キックオフ,一橋大学,6,伊崎　穣,3,MF,37,控え,0,0,0,0,0.0
2026/04/05(日) 13:00 キックオフ,一橋大学,16,石塚　巧人,2,MF,36,控え,0,0,0,0,0.0
2026/04/05(日) 13:00 キックオフ,一橋大学,18,丸茂　琥哲,4,FW,0,控え,0,0,0,0,0.0
2026/04/05(日) 13:00 キックオフ,一橋大学,22,鈴木　泰人,3,DF,0,控え,0,0,0,0,0.0
2026/04/05(日) 13:00 キックオフ,一橋大学,23,中本　善也,4,MF,18,控え,0,0,0,0,0.0
2026/04/05(日) 13:00 キックオフ,一橋大学,29,工藤　大晴,2,DF,0,控え,0,0,0,0,0.0
2026/04/05(日) 13:00 キックオフ,一橋大学,30,石川　遥大,2,FW,10,控え,0,0,0,0,0.0
2026/04/05(日) 13:00 キックオフ,一橋大学,41,兼松　大志,2,GK,0,控え,0,0,0,0,0.0
2026/04/05(日) 13:00 キックオフ,一橋大学,14,川勝　天翔,2,MF,0,控え,0,0,0,0,0.0
2026/04/05(日) 13:00 キックオフ,成城大学,1,金　悠聖,3,GK,90,先発,0,0,0,0,0.0
2026/04/05(日) 13:00 キックオフ,成城大学,2,平井　涼真,3,DF,90,先発,0,0,0,0,0.0
2026/04/05(日) 13:00 キックオフ,成城大学,3,稲葉　晴斗,3,DF,90,先発,0,0,0,0,0.0
2026/04/05(日) 13:00 キックオフ,成城大学,5,冨岡　佑太,4,MF,82,先発,1,2,3,0,0.0
2026/04/05(日) 13:00 キックオフ,成城大学,7,三岡　大致,4,MF,69,先発,0,0,0,0,0.0
2026/04/05(日) 13:00 キックオフ,成城大学,8,池田　峻大,4,MF,80,先発,1,1,2,1,50.0
2026/04/05(日) 13:00 キックオフ,成城大学,9,鈴木　荘大,4,FW,90,先発,0,0,0,0,0.0
2026/04/05(日) 13:00 キックオフ,成城大学,13,井上　滉太,3,DF,90,先発,0,0,0,0,0.0
2026/04/05(日) 13:00 キックオフ,成城大学,14,成田　悠陽,3,MF,87,先発,0,0,0,0,0.0
2026/04/05(日) 13:00 キックオフ,成城大学,36,澤畠　大和,4,DF,90,先発,0,1,1,0,0.0
2026/04/05(日) 13:00 キックオフ,成城大学,82,鈴木　蓮,2,MF,90,先発,0,0,0,0,0.0
2026/04/05(日) 13:00 キックオフ,成城大学,4,川上　拓真,4,DF,0,控え,0,0,0,0,0.0
2026/04/05(日) 13:00 キックオフ,成城大学,6,大田　凌生,4,MF,0,控え,0,0,0,0,0.0
2026/04/05(日) 13:00 キックオフ,成城大学,11,谷口　直紀,4,MF,21,控え,0,0,0,0,0.0
2026/04/05(日) 13:00 キックオフ,成城大学,15,大川　知希,3,FW,10,控え,0,2,2,0,0.0
2026/04/05(日) 13:00 キックオフ,成城大学,17,髙田　陽,3,GK,0,控え,0,0,0,0,0.0
2026/04/05(日) 13:00 キックオフ,成城大学,18,田中　暁也,2,DF,3,控え,0,0,0,0,0.0
2026/04/05(日) 13:00 キックオフ,成城大学,32,古谷　瞬,3,MF,0,控え,0,0,0,0,0.0
2026/04/05(日) 13:00 キックオフ,成城大学,40,河本　公太,3,FW,0,控え,0,0,0,0,0.0
2026/04/05(日) 13:00 キックオフ,成城大学,73,石原　幹太良,2,MF,8,控え,0,0,0,0,0.0
2026/04/05(日) 16:30 キックオフ,芝浦工業大学,1,八木原　嘉泉,3,GK,90,先発,0,0,0,0,0.0
2026/04/05(日) 16:30 キックオフ,芝浦工業大学,2,大塚　郷平,2,DF,90,先発,1,0,1,0,0.0
2026/04/05(日) 16:30 キックオフ,芝浦工業大学,5,鑓水　新葉,4,DF,75,先発,5,0,5,1,20.0
2026/04/05(日) 16:30 キックオフ,芝浦工業大学,13,石松　颯大,3,DF,90,先発,0,1,1,0,0.0
2026/04/05(日) 16:30 キックオフ,芝浦工業大学,17,多胡　侑晟,4,DF,87,先発,0,0,0,0,0.0
2026/04/05(日) 16:30 キックオフ,芝浦工業大学,23,佐々木　啓太朗,3,DF,90,先発,0,0,0,0,0.0
2026/04/05(日) 16:30 キックオフ,芝浦工業大学,6,杉本　健真,4,MF,90,先発,1,1,2,0,0.0
2026/04/05(日) 16:30 キックオフ,芝浦工業大学,8,渡邉　悠斗,4,MF,69,先発,3,1,4,0,0.0
2026/04/05(日) 16:30 キックオフ,芝浦工業大学,9,水飼　隼成,4,MF,59,先発,2,0,2,0,0.0
2026/04/05(日) 16:30 キックオフ,芝浦工業大学,10,荒井　大和,4,MF,90,先発,3,1,4,1,25.0
2026/04/05(日) 16:30 キックオフ,芝浦工業大学,11,三田村　龍,4,MF,73,先発,1,1,2,0,0.0
2026/04/05(日) 16:30 キックオフ,芝浦工業大学,31,中山　昂大,2,GK,0,控え,0,0,0,0,0.0
2026/04/05(日) 16:30 キックオフ,芝浦工業大学,4,吉田　來夢,2,DF,0,控え,0,0,0,0,0.0
2026/04/05(日) 16:30 キックオフ,芝浦工業大学,32,池内　俊介,4,DF,17,控え,0,2,2,0,0.0
2026/04/05(日) 16:30 キックオフ,芝浦工業大学,3,森本　紘大,4,MF,0,控え,0,0,0,0,0.0
2026/04/05(日) 16:30 キックオフ,芝浦工業大学,37,桐山　将成,3,MF,15,控え,0,2,2,0,0.0
2026/04/05(日) 16:30 キックオフ,芝浦工業大学,39,疋田　康成,2,MF,0,控え,0,0,0,0,0.0
2026/04/05(日) 16:30 キックオフ,芝浦工業大学,43,近藤　遥音,2,MF,3,控え,0,1,1,0,0.0
2026/04/05(日) 16:30 キックオフ,芝浦工業大学,7,オルギン　カズオ,4,FW,21,控え,0,2,2,1,50.0
2026/04/05(日) 16:30 キックオフ,芝浦工業大学,20,野村　晋平,3,FW,31,控え,0,2,2,1,50.0
2026/04/05(日) 16:30 キックオフ,創価大学,12,山口 颯太,2,GK,90,先発,0,0,0,0,0.0
2026/04/05(日) 16:30 キックオフ,創価大学,5,矢田 英一,2,DF,90,先発,1,0,1,0,0.0
2026/04/05(日) 16:30 キックオフ,創価大学,7,滝澤 伸明,3,DF,90,先発,0,0,0,0,0.0
2026/04/05(日) 16:30 キックオフ,創価大学,8,小倉 優輝,4,MF,90,先発,0,1,1,0,0.0
2026/04/05(日) 16:30 キックオフ,創価大学,9,角城 勤聖,4,MF,85,先発,0,0,0,0,0.0
2026/04/05(日) 16:30 キックオフ,創価大学,22,森本 誉,2,MF,90,先発,0,0,0,0,0.0
2026/04/05(日) 16:30 キックオフ,創価大学,55,吉川 駿,3,MF,90,先発,0,0,0,0,0.0
2026/04/05(日) 16:30 キックオフ,創価大学,15,石川 剣心,4,FW,90,先発,0,0,0,0,0.0
2026/04/05(日) 16:30 キックオフ,創価大学,17,林田 勇誠,4,FW,77,先発,1,0,1,0,0.0
2026/04/05(日) 16:30 キックオフ,創価大学,20,石塚 涼,不明,FW,90,先発,0,1,1,0,0.0
2026/04/05(日) 16:30 キックオフ,創価大学,30,中澤 義彦,3,FW,90,先発,0,0,0,0,0.0
2026/04/05(日) 16:30 キックオフ,創価大学,3,岡田 達也,2,FW,13,控え,0,0,0,0,0.0
2026/04/05(日) 16:30 キックオフ,創価大学,32,東堂 秀明,4,DF,5,控え,0,1,1,0,0.0
2026/04/05(日) 16:30 キックオフ,創価大学,80,舟橋 聡,2,DF,0,控え,0,0,0,0,0.0
2026/06/06(土) 14:00 キックオフ,防衛大学校（神奈川県）,21,見陣　孝征,1,GK,90,先発,0,0,0,0,0.0
2026/06/06(土) 14:00 キックオフ,防衛大学校（神奈川県）,2,佐野　宏晃,3,DF,90,先発,0,0,0,0,0.0
2026/06/06(土) 14:00 キックオフ,防衛大学校（神奈川県）,11,中山　皓太,3,DF,90,先発,0,1,1,0,0.0
2026/06/06(土) 14:00 キックオフ,防衛大学校（神奈川県）,14,磯部　光,2,DF,90,先発,0,0,0,0,0.0
2026/06/06(土) 14:00 キックオフ,防衛大学校（神奈川県）,6,塩野　桜太,3,MF,45,先発,0,0,0,0,0.0
2026/06/06(土) 14:00 キックオフ,防衛大学校（神奈川県）,8,永岡　陸大,3,MF,90,先発,1,0,1,0,0.0
2026/06/06(土) 14:00 キックオフ,防衛大学校（神奈川県）,9,堀田　理人,3,FW,90,先発,1,2,3,0,0.0
2026/06/06(土) 14:00 キックオフ,防衛大学校（神奈川県）,19,高宮　基椰,3,MF,90,先発,0,0,0,0,0.0
2026/06/06(土) 14:00 キックオフ,防衛大学校（神奈川県）,26,森　優朔,2,MF,90,先発,0,1,1,0,0.0
2026/06/06(土) 14:00 キックオフ,防衛大学校（神奈川県）,29,大沼　佳樹,3,FW,81,先発,1,0,1,0,0.0
2026/06/06(土) 14:00 キックオフ,防衛大学校（神奈川県）,31,藤原　樹,4,GK,45,先発,0,0,0,0,0.0
2026/06/06(土) 14:00 キックオフ,防衛大学校（神奈川県）,1,市村　洋介,2,GK,0,控え,0,0,0,0,0.0
2026/06/06(土) 14:00 キックオフ,防衛大学校（神奈川県）,7,今井　燦,4,MF,45,控え,0,0,0,0,0.0
2026/06/06(土) 14:00 キックオフ,防衛大学校（神奈川県）,13,深川　蓮斗,3,DF,9,控え,0,0,0,0,0.0
2026/06/06(土) 14:00 キックオフ,防衛大学校（神奈川県）,16,佐藤　晴虎,4,MF,0,控え,0,0,0,0,0.0
2026/06/06(土) 14:00 キックオフ,防衛大学校（神奈川県）,22,岡本　翔琉,3,FW,0,控え,0,0,0,0,0.0
2026/06/06(土) 14:00 キックオフ,防衛大学校（神奈川県）,23,石川　太朗,2,FW,45,控え,0,0,0,0,0.0
2026/06/06(土) 14:00 キックオフ,防衛大学校（神奈川県）,25,外崎　和輝,3,DF,0,控え,0,0,0,0,0.0
2026/06/06(土) 14:00 キックオフ,防衛大学校（神奈川県）,27,坂本　弥徠,1,MF,0,控え,0,0,0,0,0.0
2026/06/06(土) 14:00 キックオフ,防衛大学校（神奈川県）,33,毛利　優夫,3,MF,0,控え,0,0,0,0,0.0
2026/06/06(土) 14:00 キックオフ,成蹊大学,3,岡嶋　大斗,3,DF,90,先発,0,0,0,0,0.0
2026/06/06(土) 14:00 キックオフ,成蹊大学,6,濱名　桜次郎,4,DF,90,先発,0,1,1,0,0.0
2026/06/06(土) 14:00 キックオフ,成蹊大学,7,上野　凌空,4,FW,73,先発,3,1,4,0,0.0
2026/06/06(土) 14:00 キックオフ,成蹊大学,9,上野　朔汰,3,FW,63,先発,0,0,0,0,0.0
2026/06/06(土) 14:00 キックオフ,成蹊大学,13,三城　慶人,3,MF,70,先発,1,3,4,2,50.0
2026/06/06(土) 14:00 キックオフ,成蹊大学,16,平工　雄大,3,DF,90,先発,0,0,0,0,0.0
2026/06/06(土) 14:00 キックオフ,成蹊大学,17,境田　海斗,4,MF,86,先発,1,1,2,0,0.0
2026/06/06(土) 14:00 キックオフ,成蹊大学,21,柏﨑　海翔,3,GK,90,先発,0,0,0,0,0.0
2026/06/06(土) 14:00 キックオフ,成蹊大学,24,奥村　拓未,2,MF,63,先発,0,0,0,0,0.0
2026/06/06(土) 14:00 キックオフ,成蹊大学,32,中村　翔和,2,MF,90,先発,1,0,1,1,100.0
2026/06/06(土) 14:00 キックオフ,成蹊大学,97,山﨑　大馳,2,DF,90,先発,0,0,0,0,0.0
2026/06/06(土) 14:00 キックオフ,成蹊大学,2,梶谷　一晴,4,DF,0,控え,0,0,0,0,0.0
2026/06/06(土) 14:00 キックオフ,成蹊大学,11,池田　豪,4,FW,20,控え,0,1,1,1,100.0
2026/06/06(土) 14:00 キックオフ,成蹊大学,19,宇崎　晴斗,2,MF,4,控え,0,0,0,0,0.0
2026/06/06(土) 14:00 キックオフ,成蹊大学,23,五十嵐　達也,3,DF,0,控え,0,0,0,0,0.0
2026/06/06(土) 14:00 キックオフ,成蹊大学,25,川端　唯斗,2,DF,0,控え,0,0,0,0,0.0
2026/06/06(土) 14:00 キックオフ,成蹊大学,26,西脇　雄太,3,MF,27,控え,0,0,0,0,0.0
2026/06/06(土) 14:00 キックオフ,成蹊大学,50,宇田川　航生,4,FW,27,控え,0,3,3,0,0.0
2026/06/06(土) 14:00 キックオフ,成蹊大学,64,汐﨑　弘心,3,GK,0,控え,0,0,0,0,0.0
2026/06/06(土) 14:00 キックオフ,成蹊大学,88,辻　文大,2,FW,17,控え,0,1,1,0,0.0
2026/04/12(日) 11:00 キックオフ,成蹊大学,1,島谷　侑征,4,GK,90,先発,0,0,0,0,0.0
2026/04/12(日) 11:00 キックオフ,成蹊大学,6,濱名　桜次郎,4,DF,90,先発,0,0,0,0,0.0
2026/04/12(日) 11:00 キックオフ,成蹊大学,3,岡嶋　大斗,3,DF,90,先発,0,0,0,0,0.0
2026/04/12(日) 11:00 キックオフ,成蹊大学,16,平工　雄大,3,DF,65,先発,1,0,1,0,0.0
2026/04/12(日) 11:00 キックオフ,成蹊大学,97,山﨑　大馳,2,DF,90,先発,0,0,0,0,0.0
2026/04/12(日) 11:00 キックオフ,成蹊大学,26,西脇　雄太,3,MF,90,先発,0,0,0,0,0.0
2026/04/12(日) 11:00 キックオフ,成蹊大学,32,中村　翔和,2,MF,90,先発,0,0,0,0,0.0
2026/04/12(日) 11:00 キックオフ,成蹊大学,17,境田　海斗,4,MF,90,先発,0,1,1,0,0.0
2026/04/12(日) 11:00 キックオフ,成蹊大学,13,三城　慶人,3,MF,45,先発,3,0,3,0,0.0
2026/04/12(日) 11:00 キックオフ,成蹊大学,88,辻　文大,2,FW,61,先発,0,0,0,0,0.0
2026/04/12(日) 11:00 キックオフ,成蹊大学,10,横田　周,4,MF,90,先発,4,2,6,0,0.0
2026/04/12(日) 11:00 キックオフ,成蹊大学,64,汐﨑　弘心,3,GK,0,控え,0,0,0,0,0.0
2026/04/12(日) 11:00 キックオフ,成蹊大学,2,梶谷　一晴,4,DF,0,控え,0,0,0,0,0.0
2026/04/12(日) 11:00 キックオフ,成蹊大学,15,山路　周平,3,DF,0,控え,0,0,0,0,0.0
2026/04/12(日) 11:00 キックオフ,成蹊大学,23,五十嵐　達也,3,DF,0,控え,0,0,0,0,0.0
2026/04/12(日) 11:00 キックオフ,成蹊大学,25,川端　唯斗,2,DF,25,控え,0,0,0,0,0.0
2026/04/12(日) 11:00 キックオフ,成蹊大学,4,川本　琉生,4,MF,0,控え,0,0,0,0,0.0
2026/04/12(日) 11:00 キックオフ,成蹊大学,24,奥村　拓未,2,MF,45,控え,0,0,0,0,0.0
2026/04/12(日) 11:00 キックオフ,成蹊大学,7,上野　凌空,4,FW,0,控え,0,0,0,0,0.0
2026/04/12(日) 11:00 キックオフ,成蹊大学,9,上野　朔汰,3,FW,29,控え,0,0,0,0,0.0
2026/04/12(日) 11:00 キックオフ,日本文化大學,1,山本　章介,2,GK,90,先発,0,0,0,0,0.0
2026/04/12(日) 11:00 キックオフ,日本文化大學,3,中野　万輝斗,2,DF,90,先発,1,0,1,0,0.0
2026/04/12(日) 11:00 キックオフ,日本文化大學,4,黒沢　耀,1,DF,90,先発,2,0,2,0,0.0
2026/04/12(日) 11:00 キックオフ,日本文化大學,2,嶺野　悠斗,2,DF,90,先発,0,0,0,0,0.0
2026/04/12(日) 11:00 キックオフ,日本文化大學,5,日野原　十矢,1,DF,90,先発,0,0,0,0,0.0
2026/04/12(日) 11:00 キックオフ,日本文化大學,6,岸上　一吹,1,MF,80,先発,1,0,1,0,0.0
2026/04/12(日) 11:00 キックオフ,日本文化大學,8,松野　竜成,3,MF,90,先発,0,1,1,0,0.0
2026/04/12(日) 11:00 キックオフ,日本文化大學,10,クリムキ　アンドリュー,2,FW,71,先発,0,1,1,1,100.0
2026/04/12(日) 11:00 キックオフ,日本文化大學,7,村瀬　陸斗,1,MF,87,先発,0,1,1,0,0.0
2026/04/12(日) 11:00 キックオフ,日本文化大學,9,間野　翼,3,MF,80,先発,0,1,1,0,0.0
2026/04/12(日) 11:00 キックオフ,日本文化大學,11,井之﨑　隼也,2,FW,90,先発,1,1,2,1,50.0
2026/04/12(日) 11:00 キックオフ,日本文化大學,31,鈴木　彪琉,1,GK,0,控え,0,0,0,0,0.0
2026/04/12(日) 11:00 キックオフ,日本文化大學,16,小泉　伶真,2,DF,0,控え,0,0,0,0,0.0
2026/04/12(日) 11:00 キックオフ,日本文化大學,27,目黒　旺樹,1,DF,3,控え,0,0,0,0,0.0
2026/04/12(日) 11:00 キックオフ,日本文化大學,13,宮里　飛雄馬,2,MF,19,控え,0,0,0,0,0.0
2026/04/12(日) 11:00 キックオフ,日本文化大學,17,有山　大翔,3,MF,10,控え,0,0,0,0,0.0
2026/04/12(日) 11:00 キックオフ,日本文化大學,15,小林　元希,2,DF,0,控え,0,0,0,0,0.0
2026/04/12(日) 11:00 キックオフ,日本文化大學,18,永盛　太己,1,MF,0,控え,0,0,0,0,0.0
2026/04/12(日) 11:00 キックオフ,日本文化大學,24,伊皆　康輝,1,DF,0,控え,0,0,0,0,0.0
2026/04/12(日) 11:00 キックオフ,日本文化大學,22,田上　伊織,1,FW,10,控え,0,1,1,0,0.0
2026/04/12(日) 11:30 キックオフ,創価大学,5,矢田 英一,2,DF,90,先発,0,0,0,0,0.0
2026/04/12(日) 11:30 キックオフ,創価大学,7,滝澤 伸明,3,DF,90,先発,0,0,0,0,0.0
2026/04/12(日) 11:30 キックオフ,創価大学,8,小倉 優輝,4,MF,90,先発,0,1,1,0,0.0
2026/04/12(日) 11:30 キックオフ,創価大学,9,角城 勤聖,4,MF,90,先発,0,0,0,0,0.0
2026/04/12(日) 11:30 キックオフ,創価大学,12,山口 颯太,2,GK,90,先発,0,0,0,0,0.0
2026/04/12(日) 11:30 キックオフ,創価大学,15,石川 剣心,4,FW,90,先発,0,0,0,0,0.0
2026/04/12(日) 11:30 キックオフ,創価大学,17,林田 勇誠,4,FW,90,先発,0,0,0,0,0.0
2026/04/12(日) 11:30 キックオフ,創価大学,20,石塚 涼,不明,FW,90,先発,3,0,3,0,0.0
2026/04/12(日) 11:30 キックオフ,創価大学,22,森本 誉,2,MF,90,先発,0,1,1,0,0.0
2026/04/12(日) 11:30 キックオフ,創価大学,32,東堂 秀明,4,DF,90,先発,0,0,0,0,0.0
2026/04/12(日) 11:30 キックオフ,創価大学,55,吉川 駿,3,MF,90,先発,0,0,0,0,0.0
2026/04/12(日) 11:30 キックオフ,創価大学,3,岡田 達也,2,FW,0,控え,1,0,1,0,0.0
2026/04/12(日) 11:30 キックオフ,創価大学,80,舟橋 聡,2,DF,0,控え,0,0,0,0,0.0
2026/04/12(日) 11:30 キックオフ,成城大学,1,金　悠聖,3,GK,90,先発,0,0,0,0,0.0
2026/04/12(日) 11:30 キックオフ,成城大学,2,平井　涼真,3,DF,90,先発,0,0,0,0,0.0
2026/04/12(日) 11:30 キックオフ,成城大学,3,稲葉　晴斗,3,DF,90,先発,0,0,0,0,0.0
2026/04/12(日) 11:30 キックオフ,成城大学,5,冨岡　佑太,4,MF,72,先発,0,0,0,0,0.0
2026/04/12(日) 11:30 キックオフ,成城大学,6,大田　凌生,4,MF,65,先発,0,0,0,0,0.0
2026/04/12(日) 11:30 キックオフ,成城大学,8,池田　峻大,4,MF,80,先発,2,0,2,0,0.0
2026/04/12(日) 11:30 キックオフ,成城大学,9,鈴木　荘大,4,FW,72,先発,1,1,2,0,0.0
2026/04/12(日) 11:30 キックオフ,成城大学,10,田中　準人,3,FW,90,先発,0,2,2,1,50.0
2026/04/12(日) 11:30 キックオフ,成城大学,14,成田　悠陽,3,MF,90,先発,0,0,0,0,0.0
2026/04/12(日) 11:30 キックオフ,成城大学,18,田中　暁也,2,DF,90,先発,0,0,0,0,0.0
2026/04/12(日) 11:30 キックオフ,成城大学,36,澤畠　大和,4,DF,90,先発,0,0,0,0,0.0
2026/04/12(日) 11:30 キックオフ,成城大学,4,川上　拓真,4,DF,25,控え,0,0,0,0,0.0
2026/04/12(日) 11:30 キックオフ,成城大学,15,大川　知希,3,FW,18,控え,0,0,0,0,0.0
2026/04/12(日) 11:30 キックオフ,成城大学,17,髙田　陽,3,GK,0,控え,0,0,0,0,0.0
2026/04/12(日) 11:30 キックオフ,成城大学,32,古谷　瞬,3,MF,18,控え,0,0,0,0,0.0
2026/04/12(日) 11:30 キックオフ,成城大学,35,古口　時,2,DF,0,控え,0,0,0,0,0.0
2026/04/12(日) 11:30 キックオフ,成城大学,40,河本　公太,3,FW,0,控え,0,0,0,0,0.0
2026/04/12(日) 11:30 キックオフ,成城大学,66,田邉　碧,4,FW,0,控え,0,0,0,0,0.0
2026/04/12(日) 11:30 キックオフ,成城大学,73,石原　幹太良,2,MF,10,控え,0,0,0,0,0.0
2026/04/12(日) 11:45 キックオフ,東京大学,2,柏村 直登,4,MF,90,先発,0,0,0,0,0.0
2026/04/12(日) 11:45 キックオフ,東京大学,4,池澤 健剛,3,DF,90,先発,0,0,0,0,0.0
2026/04/12(日) 11:45 キックオフ,東京大学,7,河野 慈央,4,MF,81,先発,0,2,2,1,50.0
2026/04/12(日) 11:45 キックオフ,東京大学,10,河島 誠二郎,4,MF,90,先発,3,3,6,0,0.0
2026/04/12(日) 11:45 キックオフ,東京大学,11,長谷川 泰斗,2,FW,90,先発,2,0,2,0,0.0
2026/04/12(日) 11:45 キックオフ,東京大学,13,丸山　凱智,3,GK,90,先発,0,0,0,0,0.0
2026/04/12(日) 11:45 キックオフ,東京大学,15,鈴木 武尊,2,MF,88,先発,2,0,2,0,0.0
2026/04/12(日) 11:45 キックオフ,東京大学,17,岡田 詠,3,MF,90,先発,0,0,0,0,0.0
2026/04/12(日) 11:45 キックオフ,東京大学,18,遠藤 雅仁,3,FW,59,先発,0,0,0,0,0.0
2026/04/12(日) 11:45 キックオフ,東京大学,24,若柳 遥斗,3,DF,45,先発,0,0,0,0,0.0
2026/04/12(日) 11:45 キックオフ,東京大学,40,山口 源登,4,MF,70,先発,0,0,0,0,0.0
2026/04/12(日) 11:45 キックオフ,東京大学,1,里見 悠成,4,GK,0,控え,0,0,0,0,0.0
2026/04/12(日) 11:45 キックオフ,東京大学,6,長田 夕輝,4,MF,20,控え,0,2,2,1,50.0
2026/04/12(日) 11:45 キックオフ,東京大学,9,大西 達也,4,FW,31,控え,0,3,3,1,33.3
2026/04/12(日) 11:45 キックオフ,東京大学,14,高木 勇仁,4,MF,45,控え,0,2,2,0,0.0
2026/04/12(日) 11:45 キックオフ,東京大学,16,馬渕 太我,2,MF,2,控え,0,0,0,0,0.0
2026/04/12(日) 11:45 キックオフ,東京大学,19,大谷 遼一,4,FW,9,控え,0,0,0,0,0.0
2026/04/12(日) 11:45 キックオフ,東京大学,26,田島 誠志郎,3,FW,0,控え,0,0,0,0,0.0
2026/04/12(日) 11:45 キックオフ,東京大学,28,安藤 颯馬,3,DF,0,控え,0,0,0,0,0.0
2026/04/12(日) 11:45 キックオフ,東京大学,33,松尾 仁之介,4,DF,0,控え,0,0,0,0,0.0
2026/04/12(日) 11:45 キックオフ,芝浦工業大学,1,八木原　嘉泉,3,GK,90,先発,0,0,0,0,0.0
2026/04/12(日) 11:45 キックオフ,芝浦工業大学,2,大塚　郷平,2,DF,90,先発,0,0,0,0,0.0
2026/04/12(日) 11:45 キックオフ,芝浦工業大学,3,森本　紘大,4,MF,90,先発,0,0,0,0,0.0
2026/04/12(日) 11:45 キックオフ,芝浦工業大学,5,鑓水　新葉,4,DF,90,先発,2,0,2,1,50.0
2026/04/12(日) 11:45 キックオフ,芝浦工業大学,6,杉本　健真,4,MF,64,先発,1,0,1,0,0.0
2026/04/12(日) 11:45 キックオフ,芝浦工業大学,7,オルギン　カズオ,4,FW,79,先発,1,0,1,1,100.0
2026/04/12(日) 11:45 キックオフ,芝浦工業大学,9,水飼　隼成,4,MF,49,先発,1,0,1,0,0.0
2026/04/12(日) 11:45 キックオフ,芝浦工業大学,10,荒井　大和,4,MF,90,先発,1,0,1,0,0.0
2026/04/12(日) 11:45 キックオフ,芝浦工業大学,11,三田村　龍,4,MF,83,先発,1,0,1,0,0.0
2026/04/12(日) 11:45 キックオフ,芝浦工業大学,13,石松　颯大,3,DF,90,先発,0,0,0,0,0.0
2026/04/12(日) 11:45 キックオフ,芝浦工業大学,17,多胡　侑晟,4,DF,88,先発,0,0,0,0,0.0
2026/04/12(日) 11:45 キックオフ,芝浦工業大学,4,吉田　來夢,2,DF,26,控え,0,0,0,0,0.0
2026/04/12(日) 11:45 キックオフ,芝浦工業大学,20,野村　晋平,3,FW,41,控え,0,0,0,0,0.0
2026/04/12(日) 11:45 キックオフ,芝浦工業大学,27,細谷　史音,4,DF,0,控え,0,0,0,0,0.0
2026/04/12(日) 11:45 キックオフ,芝浦工業大学,31,中山　昂大,2,GK,0,控え,0,0,0,0,0.0
2026/04/12(日) 11:45 キックオフ,芝浦工業大学,32,池内　俊介,4,DF,7,控え,0,0,0,0,0.0
2026/04/12(日) 11:45 キックオフ,芝浦工業大学,33,羽生田　拓郁,2,FW,0,控え,0,0,0,0,0.0
2026/04/12(日) 11:45 キックオフ,芝浦工業大学,37,桐山　将成,3,MF,2,控え,0,0,0,0,0.0
2026/04/12(日) 11:45 キックオフ,芝浦工業大学,39,疋田　康成,2,MF,0,控え,0,0,0,0,0.0
2026/04/12(日) 11:45 キックオフ,芝浦工業大学,43,近藤　遥音,2,MF,11,控え,0,0,0,0,0.0
2026/04/12(日) 13:00 キックオフ,一橋大学,2,河田　一心,3,MF,86,先発,0,0,0,0,0.0
2026/04/12(日) 13:00 キックオフ,一橋大学,3,中川　純成,4,DF,71,先発,1,0,1,1,100.0
2026/04/12(日) 13:00 キックオフ,一橋大学,4,相内　馨太,3,DF,90,先発,0,0,0,0,0.0
2026/04/12(日) 13:00 キックオフ,一橋大学,6,伊崎　穣,3,MF,76,先発,0,0,0,0,0.0
2026/04/12(日) 13:00 キックオフ,一橋大学,9,藤野　太郎,3,FW,81,先発,1,0,1,0,0.0
2026/04/12(日) 13:00 キックオフ,一橋大学,10,上尾　陸,4,MF,90,先発,0,1,1,0,0.0
2026/04/12(日) 13:00 キックオフ,一橋大学,11,藤原　凌,4,FW,90,先発,2,3,5,0,0.0
2026/04/12(日) 13:00 キックオフ,一橋大学,17,日外　晴人,3,MF,68,先発,0,0,0,0,0.0
2026/04/12(日) 13:00 キックオフ,一橋大学,21,藤原　拓海,4,GK,90,先発,0,0,0,0,0.0
2026/04/12(日) 13:00 キックオフ,一橋大学,22,鈴木　泰人,3,DF,90,先発,1,0,1,0,0.0
2026/04/12(日) 13:00 キックオフ,一橋大学,24,深田　篤史,4,DF,90,先発,0,0,0,0,0.0
2026/04/12(日) 13:00 キックオフ,一橋大学,1,内木場　遥,4,GK,0,控え,0,0,0,0,0.0
2026/04/12(日) 13:00 キックオフ,一橋大学,7,森田　敢三,4,MF,22,控え,0,0,0,0,0.0
2026/04/12(日) 13:00 キックオフ,一橋大学,8,佐野　翔優,2,MF,0,控え,0,0,0,0,0.0
2026/04/12(日) 13:00 キックオフ,一橋大学,13,深田　勇輝,4,DF,19,控え,0,0,0,0,0.0
2026/04/12(日) 13:00 キックオフ,一橋大学,15,髙木　秀輔,4,MF,0,控え,0,0,0,0,0.0
2026/04/12(日) 13:00 キックオフ,一橋大学,16,石塚　巧人,2,MF,14,控え,0,0,0,0,0.0
2026/04/12(日) 13:00 キックオフ,一橋大学,18,丸茂　琥哲,4,FW,9,控え,0,1,1,0,0.0
2026/04/12(日) 13:00 キックオフ,一橋大学,23,中本　善也,4,MF,4,控え,0,0,0,0,0.0
2026/04/12(日) 13:00 キックオフ,一橋大学,28,服部　航大,2,FW,0,控え,0,0,0,0,0.0
2026/04/12(日) 13:00 キックオフ,東京理科大学,1,山本　大介,3,GK,90,先発,0,0,0,0,0.0
2026/04/12(日) 13:00 キックオフ,東京理科大学,4,鈴木　敬吾,3,DF,90,先発,0,0,0,0,0.0
2026/04/12(日) 13:00 キックオフ,東京理科大学,8,白川　陽,4,MF,90,先発,2,3,5,3,60.0
2026/04/12(日) 13:00 キックオフ,東京理科大学,10,原　虎太郎,4,MF,81,先発,0,0,0,0,0.0
2026/04/12(日) 13:00 キックオフ,東京理科大学,11,鈴木　冬聖,4,FW,90,先発,4,1,5,2,40.0
2026/04/12(日) 13:00 キックオフ,東京理科大学,16,吉岡　宏彬,3,MF,86,先発,0,0,0,0,0.0
2026/04/12(日) 13:00 キックオフ,東京理科大学,29,櫻井　友翔,2,FW,90,先発,0,0,0,0,0.0
2026/04/12(日) 13:00 キックオフ,東京理科大学,41,為我井　煌生,3,DF,90,先発,1,0,1,0,0.0
2026/04/12(日) 13:00 キックオフ,東京理科大学,51,長島　正悟,3,MF,90,先発,1,0,1,0,0.0
2026/04/12(日) 13:00 キックオフ,東京理科大学,66,守屋　大地,3,MF,90,先発,0,0,0,0,0.0
2026/04/12(日) 13:00 キックオフ,東京理科大学,77,高島　大河,3,FW,75,先発,2,0,2,1,50.0
2026/04/12(日) 13:00 キックオフ,東京理科大学,9,内本　達三郎,4,FW,15,控え,0,0,0,0,0.0
2026/04/12(日) 13:00 キックオフ,東京理科大学,14,國武　慈温,4,MF,0,控え,0,0,0,0,0.0
2026/04/12(日) 13:00 キックオフ,東京理科大学,15,堂　哲郎,3,DF,0,控え,0,0,0,0,0.0
2026/04/12(日) 13:00 キックオフ,東京理科大学,22,田口　育磨,2,MF,4,控え,0,1,1,0,0.0
2026/04/12(日) 13:00 キックオフ,東京理科大学,24,赤木　康太,4,MF,0,控え,0,0,0,0,0.0
2026/04/12(日) 13:00 キックオフ,東京理科大学,27,福原　圭汰,4,MF,0,控え,0,0,0,0,0.0
2026/04/12(日) 13:00 キックオフ,東京理科大学,31,井川　慶範,4,GK,0,控え,0,0,0,0,0.0
2026/04/12(日) 13:00 キックオフ,東京理科大学,54,神保　朋季,4,DF,0,控え,0,0,0,0,0.0
2026/04/12(日) 13:00 キックオフ,東京理科大学,71,篠原　烈士,2,MF,9,控え,0,0,0,0,0.0
2026/06/07(日) 10:00 キックオフ,東京都立大学,12,中田 幹登,3,GK,90,先発,0,0,0,0,0.0
2026/06/07(日) 10:00 キックオフ,東京都立大学,2,竹谷　晄希,1,DF,90,先発,0,1,1,1,100.0
2026/06/07(日) 10:00 キックオフ,東京都立大学,4,福田 怜央,4,DF,90,先発,0,0,0,0,0.0
2026/06/07(日) 10:00 キックオフ,東京都立大学,22,若山 璃皇,3,DF,68,先発,0,0,0,0,0.0
2026/06/07(日) 10:00 キックオフ,東京都立大学,47,渡辺 康太,2,DF,79,先発,1,1,2,0,0.0
2026/06/07(日) 10:00 キックオフ,東京都立大学,84,林 陸斗,2,DF,90,先発,1,0,1,1,100.0
2026/06/07(日) 10:00 キックオフ,東京都立大学,19,堤崎　陽琉,1,MF,90,先発,0,1,1,0,0.0
2026/06/07(日) 10:00 キックオフ,東京都立大学,21,森山 太稀,2,MF,74,先発,4,2,6,1,16.7
2026/06/07(日) 10:00 キックオフ,東京都立大学,23,須藤 星空,2,MF,74,先発,2,0,2,0,0.0
2026/06/07(日) 10:00 キックオフ,東京都立大学,24,坂井 玲仁,2,MF,90,先発,2,1,3,1,33.3
2026/06/07(日) 10:00 キックオフ,東京都立大学,10,塩田 琢磨,4,FW,86,先発,0,2,2,1,50.0
2026/06/07(日) 10:00 キックオフ,東京都立大学,61,荒瀬　智文,1,GK,0,控え,0,0,0,0,0.0
2026/06/07(日) 10:00 キックオフ,東京都立大学,5,赤松 凜大郎,4,DF,0,控え,0,0,0,0,0.0
2026/06/07(日) 10:00 キックオフ,東京都立大学,26,五島 凛也,2,DF,22,控え,0,0,0,0,0.0
2026/06/07(日) 10:00 キックオフ,東京都立大学,33,朝見　元太,1,DF,11,控え,0,0,0,0,0.0
2026/06/07(日) 10:00 キックオフ,東京都立大学,99,中田　涼介,2,DF,0,控え,0,0,0,0,0.0
2026/06/07(日) 10:00 キックオフ,東京都立大学,7,程塚 駿太,3,MF,4,控え,0,1,1,0,0.0
2026/06/07(日) 10:00 キックオフ,東京都立大学,29,太田　金治,1,FW,0,控え,0,0,0,0,0.0
2026/06/07(日) 10:00 キックオフ,東京都立大学,41,宮嶋 優良,4,FW,16,控え,0,0,0,0,0.0
2026/06/07(日) 10:00 キックオフ,東京都立大学,71,西川 大翔,3,MF,16,控え,0,1,1,0,0.0
2026/06/07(日) 10:00 キックオフ,防衛大学校（神奈川県）,31,藤原　樹,4,GK,90,先発,0,0,0,0,0.0
2026/06/07(日) 10:00 キックオフ,防衛大学校（神奈川県）,2,佐野　宏晃,3,DF,56,先発,0,0,0,0,0.0
2026/06/07(日) 10:00 キックオフ,防衛大学校（神奈川県）,7,今井　燦,4,MF,84,先発,1,0,1,0,0.0
2026/06/07(日) 10:00 キックオフ,防衛大学校（神奈川県）,14,磯部　光,2,DF,79,先発,0,0,0,0,0.0
2026/06/07(日) 10:00 キックオフ,防衛大学校（神奈川県）,26,森　優朔,2,MF,90,先発,0,0,0,0,0.0
2026/06/07(日) 10:00 キックオフ,防衛大学校（神奈川県）,11,中山　皓太,3,DF,90,先発,0,0,0,0,0.0
2026/06/07(日) 10:00 キックオフ,防衛大学校（神奈川県）,19,高宮　基椰,3,MF,84,先発,2,1,3,0,0.0
2026/06/07(日) 10:00 キックオフ,防衛大学校（神奈川県）,23,石川　太朗,2,FW,90,先発,0,0,0,0,0.0
2026/06/07(日) 10:00 キックオフ,防衛大学校（神奈川県）,29,大沼　佳樹,3,FW,56,先発,0,0,0,0,0.0
2026/06/07(日) 10:00 キックオフ,防衛大学校（神奈川県）,8,永岡　陸大,3,MF,90,先発,0,0,0,0,0.0
2026/06/07(日) 10:00 キックオフ,防衛大学校（神奈川県）,9,堀田　理人,3,FW,90,先発,1,1,2,0,0.0
2026/06/07(日) 10:00 キックオフ,防衛大学校（神奈川県）,1,市村　洋介,2,GK,0,控え,0,0,0,0,0.0
2026/06/07(日) 10:00 キックオフ,防衛大学校（神奈川県）,4,岸本　拓也,4,DF,6,控え,0,0,0,0,0.0
2026/06/07(日) 10:00 キックオフ,防衛大学校（神奈川県）,13,深川　蓮斗,3,DF,11,控え,0,0,0,0,0.0
2026/06/07(日) 10:00 キックオフ,防衛大学校（神奈川県）,6,塩野　桜太,3,MF,34,控え,0,0,0,0,0.0
2026/06/07(日) 10:00 キックオフ,防衛大学校（神奈川県）,16,佐藤　晴虎,4,MF,0,控え,0,0,0,0,0.0
2026/06/07(日) 10:00 キックオフ,防衛大学校（神奈川県）,33,毛利　優夫,3,MF,34,控え,0,0,0,0,0.0
2026/06/07(日) 10:00 キックオフ,防衛大学校（神奈川県）,22,岡本　翔琉,3,FW,6,控え,0,0,0,0,0.0
2026/06/07(日) 10:00 キックオフ,防衛大学校（神奈川県）,18,岩切　優希,4,FW,0,控え,0,0,0,0,0.0
2026/04/18(土) 10:00 キックオフ,日本文化大學,1,山本　章介,2,GK,90,先発,0,0,0,0,0.0
2026/04/18(土) 10:00 キックオフ,日本文化大學,2,嶺野　悠斗,2,DF,94,先発,1,1,2,0,0.0
2026/04/18(土) 10:00 キックオフ,日本文化大學,3,中野　万輝斗,2,DF,90,先発,0,2,2,1,50.0
2026/04/18(土) 10:00 キックオフ,日本文化大學,4,黒沢　耀,1,DF,90,先発,0,0,0,0,0.0
2026/04/18(土) 10:00 キックオフ,日本文化大學,5,日野原　十矢,1,DF,90,先発,1,0,1,0,0.0
2026/04/18(土) 10:00 キックオフ,日本文化大學,6,岸上　一吹,1,MF,90,先発,0,1,1,0,0.0
2026/04/18(土) 10:00 キックオフ,日本文化大學,7,村瀬　陸斗,1,MF,71,先発,1,0,1,0,0.0
2026/04/18(土) 10:00 キックオフ,日本文化大學,8,松野　竜成,3,FW,81,先発,0,0,0,0,0.0
2026/04/18(土) 10:00 キックオフ,日本文化大學,9,間野　翼,3,MF,90,先発,2,1,3,1,33.3
2026/04/18(土) 10:00 キックオフ,日本文化大學,10,クリムキ　アンドリュー,2,FW,42,先発,1,0,1,0,0.0
2026/04/18(土) 10:00 キックオフ,日本文化大學,11,井之﨑　隼也,2,FW,90,先発,2,0,2,0,0.0
2026/04/18(土) 10:00 キックオフ,日本文化大學,13,宮里　飛雄馬,2,MF,0,控え,0,0,0,0,0.0
2026/04/18(土) 10:00 キックオフ,日本文化大學,14,笹岡　サスケ,2,FW,9,控え,0,0,0,0,0.0
2026/04/18(土) 10:00 キックオフ,日本文化大學,16,小泉　伶真,2,DF,0,控え,0,0,0,0,0.0
2026/04/18(土) 10:00 キックオフ,日本文化大學,17,有山　大翔,3,MF,0,控え,0,0,0,0,0.0
2026/04/18(土) 10:00 キックオフ,日本文化大學,18,永盛　太己,1,MF,48,控え,1,2,3,0,0.0
2026/04/18(土) 10:00 キックオフ,日本文化大學,22,田上　伊織,1,FW,19,控え,0,1,1,0,0.0
2026/04/18(土) 10:00 キックオフ,日本文化大學,24,伊皆　康輝,1,DF,0,控え,0,0,0,0,0.0
2026/04/18(土) 10:00 キックオフ,日本文化大學,27,目黒　旺樹,1,DF,0,控え,0,0,0,0,0.0
2026/04/18(土) 10:00 キックオフ,日本文化大學,31,鈴木　彪琉,1,GK,0,控え,0,0,0,0,0.0
2026/04/18(土) 10:00 キックオフ,一橋大学,2,河田　一心,3,MF,67,先発,1,0,1,0,0.0
2026/04/18(土) 10:00 キックオフ,一橋大学,4,相内　馨太,3,DF,86,先発,0,0,0,0,0.0
2026/04/18(土) 10:00 キックオフ,一橋大学,6,伊崎　穣,3,MF,90,先発,0,0,0,0,0.0
2026/04/18(土) 10:00 キックオフ,一橋大学,9,藤野　太郎,3,FW,93,先発,0,0,0,0,0.0
2026/04/18(土) 10:00 キックオフ,一橋大学,10,上尾　陸,4,MF,78,先発,2,0,2,1,50.0
2026/04/18(土) 10:00 キックオフ,一橋大学,11,藤原　凌,4,FW,90,先発,0,0,0,0,0.0
2026/04/18(土) 10:00 キックオフ,一橋大学,13,深田　勇輝,4,DF,90,先発,0,0,0,0,0.0
2026/04/18(土) 10:00 キックオフ,一橋大学,17,日外　晴人,3,MF,90,先発,0,0,0,0,0.0
2026/04/18(土) 10:00 キックオフ,一橋大学,21,藤原　拓海,4,GK,90,先発,0,0,0,0,0.0
2026/04/18(土) 10:00 キックオフ,一橋大学,22,鈴木　泰人,3,DF,90,先発,0,0,0,0,0.0
2026/04/18(土) 10:00 キックオフ,一橋大学,24,深田　篤史,4,DF,74,先発,0,0,0,0,0.0
2026/04/18(土) 10:00 キックオフ,一橋大学,3,中川　純成,4,DF,16,控え,0,0,0,0,0.0
2026/04/18(土) 10:00 キックオフ,一橋大学,5,若林　慧,4,DF,4,控え,0,0,0,0,0.0
2026/04/18(土) 10:00 キックオフ,一橋大学,7,森田　敢三,4,MF,0,控え,0,0,0,0,0.0
2026/04/18(土) 10:00 キックオフ,一橋大学,8,佐野　翔優,2,MF,23,控え,0,0,0,0,0.0
2026/04/18(土) 10:00 キックオフ,一橋大学,16,石塚　巧人,2,MF,0,控え,0,0,0,0,0.0
2026/04/18(土) 10:00 キックオフ,一橋大学,18,丸茂　琥哲,4,FW,0,控え,0,0,0,0,0.0
2026/04/18(土) 10:00 キックオフ,一橋大学,23,中本　善也,4,MF,0,控え,0,0,0,0,0.0
2026/04/18(土) 10:00 キックオフ,一橋大学,28,服部　航大,2,FW,12,控え,0,0,0,0,0.0
2026/04/18(土) 10:00 キックオフ,一橋大学,41,兼松　大志,2,GK,0,控え,0,0,0,0,0.0
2026/04/19(日) 11:00 キックオフ,成蹊大学,1,島谷　侑征,4,GK,90,先発,0,0,0,0,0.0
2026/04/19(日) 11:00 キックオフ,成蹊大学,6,濱名　桜次郎,4,DF,90,先発,0,0,0,0,0.0
2026/04/19(日) 11:00 キックオフ,成蹊大学,3,岡嶋　大斗,3,DF,90,先発,0,0,0,0,0.0
2026/04/19(日) 11:00 キックオフ,成蹊大学,25,川端　唯斗,2,DF,90,先発,0,0,0,1,0.0
2026/04/19(日) 11:00 キックオフ,成蹊大学,97,山﨑　大馳,2,DF,80,先発,0,0,0,0,0.0
2026/04/19(日) 11:00 キックオフ,成蹊大学,26,西脇　雄太,3,MF,90,先発,1,0,1,0,0.0
2026/04/19(日) 11:00 キックオフ,成蹊大学,4,川本　琉生,4,MF,78,先発,1,2,3,0,0.0
2026/04/19(日) 11:00 キックオフ,成蹊大学,17,境田　海斗,4,MF,90,先発,0,0,0,0,0.0
2026/04/19(日) 11:00 キックオフ,成蹊大学,13,三城　慶人,3,MF,66,先発,1,0,1,0,0.0
2026/04/19(日) 11:00 キックオフ,成蹊大学,88,辻　文大,2,FW,90,先発,0,0,0,0,0.0
2026/04/19(日) 11:00 キックオフ,成蹊大学,10,横田　周,4,MF,85,先発,2,0,2,0,0.0
2026/04/19(日) 11:00 キックオフ,成蹊大学,64,汐﨑　弘心,3,GK,0,控え,0,0,0,0,0.0
2026/04/19(日) 11:00 キックオフ,成蹊大学,2,梶谷　一晴,4,DF,10,控え,0,0,0,0,0.0
2026/04/19(日) 11:00 キックオフ,成蹊大学,15,山路　周平,3,DF,0,控え,0,0,0,0,0.0
2026/04/19(日) 11:00 キックオフ,成蹊大学,23,五十嵐　達也,3,DF,0,控え,0,0,0,0,0.0
2026/04/19(日) 11:00 キックオフ,成蹊大学,5,福留　幹太,4,MF,0,控え,0,0,0,0,0.0
2026/04/19(日) 11:00 キックオフ,成蹊大学,24,奥村　拓未,2,MF,12,控え,0,2,2,1,50.0
2026/04/19(日) 11:00 キックオフ,成蹊大学,89,廣田　理一,2,MF,0,控え,0,0,0,0,0.0
2026/04/19(日) 11:00 キックオフ,成蹊大学,7,上野　凌空,4,FW,5,控え,0,1,1,0,0.0
2026/04/19(日) 11:00 キックオフ,成蹊大学,50,宇田川　航生,4,FW,24,控え,0,2,2,0,0.0
2026/04/19(日) 11:00 キックオフ,東京都立大学,1,細貝 知希,4,GK,90,先発,0,0,0,0,0.0
2026/04/19(日) 11:00 キックオフ,東京都立大学,3,遠藤 優之亮,4,DF,90,先発,0,0,0,0,0.0
2026/04/19(日) 11:00 キックオフ,東京都立大学,47,渡辺 康太,2,DF,90,先発,0,0,0,0,0.0
2026/04/19(日) 11:00 キックオフ,東京都立大学,84,林 陸斗,2,DF,90,先発,0,0,0,0,0.0
2026/04/19(日) 11:00 キックオフ,東京都立大学,7,程塚 駿太,3,MF,63,先発,1,0,1,0,0.0
2026/04/19(日) 11:00 キックオフ,東京都立大学,9,中崎 琉斗,3,MF,63,先発,0,0,0,0,0.0
2026/04/19(日) 11:00 キックオフ,東京都立大学,11,杉崎 志信,3,MF,76,先発,0,0,0,0,0.0
2026/04/19(日) 11:00 キックオフ,東京都立大学,21,森山 太稀,2,MF,90,先発,0,0,0,0,0.0
2026/04/19(日) 11:00 キックオフ,東京都立大学,23,須藤 星空,2,MF,90,先発,0,0,0,0,0.0
2026/04/19(日) 11:00 キックオフ,東京都立大学,42,大汐 徹平,2,MF,67,先発,1,0,1,0,0.0
2026/04/19(日) 11:00 キックオフ,東京都立大学,30,加賀 獅音,2,FW,90,先発,0,0,0,0,0.0
2026/04/19(日) 11:00 キックオフ,東京都立大学,12,中田 幹登,3,GK,0,控え,0,0,0,0,0.0
2026/04/19(日) 11:00 キックオフ,東京都立大学,54,寳理 永翔,3,DF,0,控え,0,0,0,0,0.0
2026/04/19(日) 11:00 キックオフ,東京都立大学,89,伊藤 優汰,4,DF,0,控え,0,0,0,0,0.0
2026/04/19(日) 11:00 キックオフ,東京都立大学,99,中田　涼介,2,DF,0,控え,0,0,0,0,0.0
2026/04/19(日) 11:00 キックオフ,東京都立大学,15,上坂 緩大,3,MF,0,控え,0,0,0,0,0.0
2026/04/19(日) 11:00 キックオフ,東京都立大学,24,坂井 玲仁,2,MF,27,控え,0,0,0,0,0.0
2026/04/19(日) 11:00 キックオフ,東京都立大学,27,西田 有之介,2,MF,23,控え,0,0,0,0,0.0
2026/04/19(日) 11:00 キックオフ,東京都立大学,41,宮嶋 優良,4,MF,14,控え,0,0,0,0,0.0
2026/04/19(日) 11:00 キックオフ,東京都立大学,71,西川 大翔,3,MF,27,控え,0,0,0,0,0.0
2026/04/19(日) 11:00 キックオフ,防衛大学校（神奈川県）,31,藤原　樹,4,GK,90,先発,0,0,0,0,0.0
2026/04/19(日) 11:00 キックオフ,防衛大学校（神奈川県）,2,佐野　宏晃,3,DF,90,先発,0,0,0,0,0.0
2026/04/19(日) 11:00 キックオフ,防衛大学校（神奈川県）,3,野口　佳那人,4,DF,90,先発,0,0,0,0,0.0
2026/04/19(日) 11:00 キックオフ,防衛大学校（神奈川県）,6,塩野　桜太,3,MF,90,先発,0,0,0,0,0.0
2026/04/19(日) 11:00 キックオフ,防衛大学校（神奈川県）,11,中山　皓太,3,DF,90,先発,0,0,0,0,0.0
2026/04/19(日) 11:00 キックオフ,防衛大学校（神奈川県）,5,渡邊　葵,4,FW,90,先発,0,2,2,0,0.0
2026/04/19(日) 11:00 キックオフ,防衛大学校（神奈川県）,8,永岡　陸大,3,MF,90,先発,0,1,1,0,0.0
2026/04/19(日) 11:00 キックオフ,防衛大学校（神奈川県）,17,小倉　聖生,3,MF,90,先発,0,0,0,0,0.0
2026/04/19(日) 11:00 キックオフ,防衛大学校（神奈川県）,19,高宮　基椰,3,MF,89,先発,1,2,3,0,0.0
2026/04/19(日) 11:00 キックオフ,防衛大学校（神奈川県）,9,堀田　理人,3,FW,65,先発,2,0,2,1,50.0
2026/04/19(日) 11:00 キックオフ,防衛大学校（神奈川県）,29,大沼　佳樹,3,FW,90,先発,3,1,4,1,25.0
2026/04/19(日) 11:00 キックオフ,防衛大学校（神奈川県）,1,市村　洋介,2,GK,0,控え,0,0,0,0,0.0
2026/04/19(日) 11:00 キックオフ,防衛大学校（神奈川県）,4,岸本　拓也,4,DF,0,控え,0,0,0,0,0.0
2026/04/19(日) 11:00 キックオフ,防衛大学校（神奈川県）,13,深川　蓮斗,3,DF,0,控え,0,0,0,0,0.0
2026/04/19(日) 11:00 キックオフ,防衛大学校（神奈川県）,14,磯部　光,2,DF,0,控え,0,0,0,0,0.0
2026/04/19(日) 11:00 キックオフ,防衛大学校（神奈川県）,22,岡本　翔琉,3,FW,0,控え,0,0,0,0,0.0
2026/04/19(日) 11:00 キックオフ,防衛大学校（神奈川県）,26,森　優朔,2,MF,1,控え,0,0,0,0,0.0
2026/04/19(日) 11:00 キックオフ,防衛大学校（神奈川県）,33,毛利　優夫,3,MF,25,控え,0,0,0,0,0.0
2026/04/19(日) 11:00 キックオフ,芝浦工業大学,1,八木原　嘉泉,3,GK,90,先発,0,0,0,0,0.0
2026/04/19(日) 11:00 キックオフ,芝浦工業大学,2,大塚　郷平,2,DF,90,先発,0,0,0,0,0.0
2026/04/19(日) 11:00 キックオフ,芝浦工業大学,5,鑓水　新葉,4,DF,90,先発,1,1,2,0,0.0
2026/04/19(日) 11:00 キックオフ,芝浦工業大学,13,石松　颯大,3,DF,90,先発,0,0,0,0,0.0
2026/04/19(日) 11:00 キックオフ,芝浦工業大学,17,多胡　侑晟,4,DF,90,先発,0,0,0,0,0.0
2026/04/19(日) 11:00 キックオフ,芝浦工業大学,3,森本　紘大,4,MF,77,先発,0,0,0,0,0.0
2026/04/19(日) 11:00 キックオフ,芝浦工業大学,10,荒井　大和,4,MF,90,先発,1,1,2,1,50.0
2026/04/19(日) 11:00 キックオフ,芝浦工業大学,11,三田村　龍,4,MF,89,先発,1,0,1,0,0.0
2026/04/19(日) 11:00 キックオフ,芝浦工業大学,43,近藤　遥音,2,MF,52,先発,1,0,1,0,0.0
2026/04/19(日) 11:00 キックオフ,芝浦工業大学,20,野村　晋平,3,FW,69,先発,2,0,2,0,0.0
2026/04/19(日) 11:00 キックオフ,芝浦工業大学,33,羽生田　拓郁,2,FW,45,先発,3,0,3,0,0.0
2026/04/19(日) 11:00 キックオフ,芝浦工業大学,31,中山　昂大,2,GK,0,控え,0,0,0,0,0.0
2026/04/19(日) 11:00 キックオフ,芝浦工業大学,4,吉田　來夢,2,DF,13,控え,0,0,0,0,0.0
2026/04/19(日) 11:00 キックオフ,芝浦工業大学,27,細谷　史音,4,DF,0,控え,0,0,0,0,0.0
2026/04/19(日) 11:00 キックオフ,芝浦工業大学,32,池内　俊介,4,DF,21,控え,0,0,0,0,0.0
2026/04/19(日) 11:00 キックオフ,芝浦工業大学,8,渡邉　悠斗,4,MF,38,控え,0,0,0,0,0.0
2026/04/19(日) 11:00 キックオフ,芝浦工業大学,30,鈴木　峻平,2,MF,0,控え,0,0,0,0,0.0
2026/04/19(日) 11:00 キックオフ,芝浦工業大学,37,桐山　将成,3,MF,1,控え,0,0,0,0,0.0
2026/04/19(日) 11:00 キックオフ,芝浦工業大学,39,疋田　康成,2,MF,0,控え,0,0,0,0,0.0
2026/04/19(日) 11:00 キックオフ,芝浦工業大学,7,オルギン　カズオ,4,FW,45,控え,0,0,0,0,0.0
2026/04/19(日) 11:30 キックオフ,東京理科大学,1,山本　大介,3,GK,90,先発,0,0,0,0,0.0
2026/04/19(日) 11:30 キックオフ,東京理科大学,41,為我井　煌生,3,DF,90,先発,0,0,0,0,0.0
2026/04/19(日) 11:30 キックオフ,東京理科大学,4,鈴木　敬吾,3,DF,90,先発,0,1,1,0,0.0
2026/04/19(日) 11:30 キックオフ,東京理科大学,66,守屋　大地,3,MF,90,先発,0,0,0,0,0.0
2026/04/19(日) 11:30 キックオフ,東京理科大学,16,吉岡　宏彬,3,MF,90,先発,0,1,1,0,0.0
2026/04/19(日) 11:30 キックオフ,東京理科大学,8,白川　陽,4,MF,90,先発,0,2,2,0,0.0
2026/04/19(日) 11:30 キックオフ,東京理科大学,51,長島　正悟,3,MF,90,先発,1,0,1,0,0.0
2026/04/19(日) 11:30 キックオフ,東京理科大学,10,原　虎太郎,4,MF,89,先発,0,1,1,0,0.0
2026/04/19(日) 11:30 キックオフ,東京理科大学,77,高島　大河,3,FW,70,先発,1,0,1,0,0.0
2026/04/19(日) 11:30 キックオフ,東京理科大学,11,鈴木　冬聖,4,FW,90,先発,2,1,3,0,0.0
2026/04/19(日) 11:30 キックオフ,東京理科大学,29,櫻井　友翔,2,FW,85,先発,1,0,1,0,0.0
2026/04/19(日) 11:30 キックオフ,東京理科大学,31,井川　慶範,4,GK,0,控え,0,0,0,0,0.0
2026/04/19(日) 11:30 キックオフ,東京理科大学,54,神保　朋季,4,DF,0,控え,0,0,0,0,0.0
2026/04/19(日) 11:30 キックオフ,東京理科大学,15,堂　哲郎,3,DF,0,控え,0,0,0,0,0.0
2026/04/19(日) 11:30 キックオフ,東京理科大学,27,福原　圭汰,4,MF,5,控え,0,0,0,0,0.0
2026/04/19(日) 11:30 キックオフ,東京理科大学,71,篠原　烈士,2,MF,1,控え,0,0,0,0,0.0
2026/04/19(日) 11:30 キックオフ,東京理科大学,24,赤木　康太,4,MF,0,控え,0,0,0,0,0.0
2026/04/19(日) 11:30 キックオフ,東京理科大学,22,田口　育磨,2,MF,0,控え,0,0,0,0,0.0
2026/04/19(日) 11:30 キックオフ,東京理科大学,14,國武　慈温,4,MF,0,控え,0,0,0,0,0.0
2026/04/19(日) 11:30 キックオフ,東京理科大学,9,内本　達三郎,4,FW,20,控え,0,1,1,0,0.0
2026/04/19(日) 11:30 キックオフ,創価大学,12,山口 颯太,2,GK,90,先発,0,0,0,0,0.0
2026/04/19(日) 11:30 キックオフ,創価大学,2,秋田　俊博,1,DF,90,先発,0,0,0,0,0.0
2026/04/19(日) 11:30 キックオフ,創価大学,5,矢田 英一,2,DF,90,先発,0,0,0,0,0.0
2026/04/19(日) 11:30 キックオフ,創価大学,7,滝澤 伸明,3,DF,90,先発,0,0,0,0,0.0
2026/04/19(日) 11:30 キックオフ,創価大学,32,東堂 秀明,4,DF,90,先発,0,0,0,0,0.0
2026/04/19(日) 11:30 キックオフ,創価大学,8,小倉 優輝,4,MF,90,先発,1,1,2,0,0.0
2026/04/19(日) 11:30 キックオフ,創価大学,9,角城 勤聖,4,MF,90,先発,0,0,0,0,0.0
2026/04/19(日) 11:30 キックオフ,創価大学,22,森本 誉,2,MF,90,先発,0,1,1,0,0.0
2026/04/19(日) 11:30 キックオフ,創価大学,17,林田 勇誠,4,FW,90,先発,0,2,2,0,0.0
2026/04/19(日) 11:30 キックオフ,創価大学,20,石塚 涼,不明,FW,90,先発,1,1,2,0,0.0
2026/04/19(日) 11:30 キックオフ,創価大学,30,中澤 義彦,3,FW,90,先発,1,0,1,0,0.0
2026/04/19(日) 11:30 キックオフ,創価大学,41,森田　翔大,1,GK,0,控え,0,0,0,0,0.0
2026/04/19(日) 11:30 キックオフ,創価大学,6,大西　拓弥,1,DF,0,控え,0,0,0,0,0.0
2026/04/19(日) 11:30 キックオフ,創価大学,65,田村　伸広,1,MF,0,控え,0,0,0,0,0.0
2026/04/19(日) 11:30 キックオフ,創価大学,80,舟橋 聡,2,DF,0,控え,0,0,0,0,0.0
2026/04/19(日) 11:30 キックオフ,創価大学,88,吉田　英知,1,FW,0,控え,0,0,0,0,0.0
2026/04/19(日) 15:15 キックオフ,成城大学,17,髙田　陽,3,GK,90,先発,0,0,0,0,0.0
2026/04/19(日) 15:15 キックオフ,成城大学,18,田中　暁也,2,DF,90,先発,0,1,1,0,0.0
2026/04/19(日) 15:15 キックオフ,成城大学,2,平井　涼真,3,DF,90,先発,0,1,1,0,0.0
2026/04/19(日) 15:15 キックオフ,成城大学,3,稲葉　晴斗,3,DF,90,先発,0,0,0,0,0.0
2026/04/19(日) 15:15 キックオフ,成城大学,36,澤畠　大和,4,DF,90,先発,0,0,0,0,0.0
2026/04/19(日) 15:15 キックオフ,成城大学,5,冨岡　佑太,4,MF,70,先発,1,1,2,0,0.0
2026/04/19(日) 15:15 キックオフ,成城大学,14,成田　悠陽,3,MF,90,先発,0,0,0,0,0.0
2026/04/19(日) 15:15 キックオフ,成城大学,82,鈴木　蓮,2,MF,77,先発,0,0,0,0,0.0
2026/04/19(日) 15:15 キックオフ,成城大学,8,池田　峻大,4,FW,83,先発,1,0,1,0,0.0
2026/04/19(日) 15:15 キックオフ,成城大学,9,鈴木　荘大,4,FW,75,先発,2,1,3,0,0.0
2026/04/19(日) 15:15 キックオフ,成城大学,10,田中　準人,3,FW,83,先発,2,0,2,1,50.0
2026/04/19(日) 15:15 キックオフ,成城大学,51,下山　玲依,2,GK,0,控え,0,0,0,0,0.0
2026/04/19(日) 15:15 キックオフ,成城大学,35,古口　時,2,DF,0,控え,0,0,0,0,0.0
2026/04/19(日) 15:15 キックオフ,成城大学,4,川上　拓真,4,MF,13,控え,0,0,0,0,0.0
2026/04/19(日) 15:15 キックオフ,成城大学,73,石原　幹太良,2,MF,0,控え,0,0,0,0,0.0
2026/04/19(日) 15:15 キックオフ,成城大学,32,古谷　瞬,3,MF,7,控え,0,0,0,0,0.0
2026/04/19(日) 15:15 キックオフ,成城大学,6,大田　凌生,4,MF,0,控え,0,0,0,0,0.0
2026/04/19(日) 15:15 キックオフ,成城大学,11,谷口　直紀,4,MF,20,控え,0,0,0,0,0.0
2026/04/19(日) 15:15 キックオフ,成城大学,15,大川　知希,3,FW,15,控え,0,2,2,0,0.0
2026/04/19(日) 15:15 キックオフ,成城大学,40,河本　公太,3,FW,7,控え,0,1,1,0,0.0
2026/04/19(日) 15:15 キックオフ,東京大学,13,丸山　凱智,3,GK,90,先発,0,0,0,0,0.0
2026/04/19(日) 15:15 キックオフ,東京大学,4,池澤 健剛,3,DF,90,先発,0,0,0,0,0.0
2026/04/19(日) 15:15 キックオフ,東京大学,2,柏村 直登,4,MF,90,先発,0,0,0,0,0.0
2026/04/19(日) 15:15 キックオフ,東京大学,7,河野 慈央,4,MF,77,先発,1,0,1,0,0.0
2026/04/19(日) 15:15 キックオフ,東京大学,8,花岡 大楽,3,MF,77,先発,0,0,0,0,0.0
2026/04/19(日) 15:15 キックオフ,東京大学,10,河島 誠二郎,4,MF,90,先発,1,2,3,0,0.0
2026/04/19(日) 15:15 キックオフ,東京大学,14,高木 勇仁,4,MF,86,先発,1,0,1,0,0.0
2026/04/19(日) 15:15 キックオフ,東京大学,15,鈴木 武尊,2,MF,90,先発,1,1,2,0,0.0
2026/04/19(日) 15:15 キックオフ,東京大学,17,岡田 詠,3,MF,90,先発,0,0,0,0,0.0
2026/04/19(日) 15:15 キックオフ,東京大学,40,山口 源登,4,MF,60,先発,0,0,0,0,0.0
2026/04/19(日) 15:15 キックオフ,東京大学,11,長谷川 泰斗,2,FW,90,先発,1,1,2,2,100.0
2026/04/19(日) 15:15 キックオフ,東京大学,1,里見 悠成,4,GK,0,控え,0,0,0,0,0.0
2026/04/19(日) 15:15 キックオフ,東京大学,24,若柳 遥斗,3,DF,0,控え,0,0,0,0,0.0
2026/04/19(日) 15:15 キックオフ,東京大学,33,松尾 仁之介,4,DF,4,控え,0,0,0,0,0.0
2026/04/19(日) 15:15 キックオフ,東京大学,6,長田 夕輝,4,MF,0,控え,0,0,0,0,0.0
2026/04/19(日) 15:15 キックオフ,東京大学,16,馬渕 太我,2,MF,13,控え,0,0,0,0,0.0
2026/04/19(日) 15:15 キックオフ,東京大学,9,大西 達也,4,FW,30,控え,0,0,0,0,0.0
2026/04/19(日) 15:15 キックオフ,東京大学,18,遠藤 雅仁,3,FW,0,控え,0,0,0,0,0.0
2026/04/19(日) 15:15 キックオフ,東京大学,19,大谷 遼一,4,FW,0,控え,0,0,0,0,0.0
2026/04/19(日) 15:15 キックオフ,東京大学,26,田島 誠志郎,3,FW,13,控え,0,0,0,0,0.0
2026/04/26(日) 11:30 キックオフ,創価大学,2,秋田　俊博,1,DF,90,先発,0,0,0,0,0.0
2026/04/26(日) 11:30 キックオフ,創価大学,5,矢田 英一,2,DF,90,先発,0,0,0,0,0.0
2026/04/26(日) 11:30 キックオフ,創価大学,7,滝澤 伸明,3,DF,90,先発,0,0,0,0,0.0
2026/04/26(日) 11:30 キックオフ,創価大学,8,小倉 優輝,4,MF,90,先発,0,1,1,0,0.0
2026/04/26(日) 11:30 キックオフ,創価大学,9,角城 勤聖,4,MF,90,先発,0,2,2,0,0.0
2026/04/26(日) 11:30 キックオフ,創価大学,12,山口 颯太,2,GK,90,先発,0,0,0,0,0.0
2026/04/26(日) 11:30 キックオフ,創価大学,17,林田 勇誠,4,FW,67,先発,0,1,1,0,0.0
2026/04/26(日) 11:30 キックオフ,創価大学,20,石塚 涼,不明,FW,78,先発,0,4,4,0,0.0
2026/04/26(日) 11:30 キックオフ,創価大学,22,森本 誉,2,MF,90,先発,0,0,0,0,0.0
2026/04/26(日) 11:30 キックオフ,創価大学,30,中澤 義彦,3,FW,90,先発,2,1,3,0,0.0
2026/04/26(日) 11:30 キックオフ,創価大学,32,東堂 秀明,4,DF,90,先発,0,1,1,0,0.0
2026/04/26(日) 11:30 キックオフ,創価大学,15,石川 剣心,4,FW,0,控え,0,0,0,0,0.0
2026/04/26(日) 11:30 キックオフ,創価大学,24,束原　健太,1,MF,0,控え,0,0,0,0,0.0
2026/04/26(日) 11:30 キックオフ,創価大学,41,森田　翔大,1,GK,0,控え,0,0,0,0,0.0
2026/04/26(日) 11:30 キックオフ,創価大学,55,吉川 駿,3,MF,23,控え,0,0,0,0,0.0
2026/04/26(日) 11:30 キックオフ,創価大学,88,吉田　英知,1,FW,0,控え,0,0,0,0,0.0
2026/04/26(日) 11:30 キックオフ,創価大学,3,岡田 達也,2,FW,12,控え,0,0,0,0,0.0
2026/04/26(日) 11:30 キックオフ,日本文化大學,1,山本　章介,2,GK,90,先発,0,0,0,0,0.0
2026/04/26(日) 11:30 キックオフ,日本文化大學,2,嶺野　悠斗,2,DF,90,先発,1,0,1,0,0.0
2026/04/26(日) 11:30 キックオフ,日本文化大學,3,中野　万輝斗,2,DF,90,先発,0,0,0,0,0.0
2026/04/26(日) 11:30 キックオフ,日本文化大學,4,黒沢　耀,1,DF,90,先発,0,0,0,0,0.0
2026/04/26(日) 11:30 キックオフ,日本文化大學,5,日野原　十矢,1,DF,90,先発,0,0,0,0,0.0
2026/04/26(日) 11:30 キックオフ,日本文化大學,6,岸上　一吹,1,MF,71,先発,0,0,0,0,0.0
2026/04/26(日) 11:30 キックオフ,日本文化大學,7,村瀬　陸斗,1,MF,71,先発,2,0,2,0,0.0
2026/04/26(日) 11:30 キックオフ,日本文化大學,8,松野　竜成,3,FW,90,先発,0,1,1,0,0.0
2026/04/26(日) 11:30 キックオフ,日本文化大學,9,間野　翼,3,MF,90,先発,1,0,1,0,0.0
2026/04/26(日) 11:30 キックオフ,日本文化大學,11,井之﨑　隼也,2,FW,87,先発,0,0,0,0,0.0
2026/04/26(日) 11:30 キックオフ,日本文化大學,14,笹岡　サスケ,2,FW,78,先発,1,0,1,0,0.0
2026/04/26(日) 11:30 キックオフ,日本文化大學,13,宮里　飛雄馬,2,MF,19,控え,0,0,0,0,0.0
2026/04/26(日) 11:30 キックオフ,日本文化大學,16,小泉　伶真,2,DF,0,控え,0,0,0,0,0.0
2026/04/26(日) 11:30 キックオフ,日本文化大學,17,有山　大翔,3,MF,0,控え,0,0,0,0,0.0
2026/04/26(日) 11:30 キックオフ,日本文化大學,19,小西　聖七,2,DF,0,控え,0,0,0,0,0.0
2026/04/26(日) 11:30 キックオフ,日本文化大學,22,田上　伊織,1,FW,3,控え,0,0,0,0,0.0
2026/04/26(日) 11:30 キックオフ,日本文化大學,24,伊皆　康輝,1,DF,0,控え,0,0,0,0,0.0
2026/04/26(日) 11:30 キックオフ,日本文化大學,29,伊藤　陽向,1,MF,12,控え,0,0,0,0,0.0
2026/04/26(日) 11:30 キックオフ,日本文化大學,31,鈴木　彪琉,1,GK,0,控え,0,0,0,0,0.0
2026/04/26(日) 11:30 キックオフ,日本文化大學,38,森　一馬,1,FW,19,控え,0,0,0,0,0.0
2026/04/26(日) 13:00 キックオフ,一橋大学,41,兼松　大志,2,GK,90,先発,0,0,0,0,0.0
2026/04/26(日) 13:00 キックオフ,一橋大学,25,村井　駿太,2,DF,76,先発,0,0,0,0,0.0
2026/04/26(日) 13:00 キックオフ,一橋大学,4,相内　馨太,3,DF,90,先発,0,0,0,0,0.0
2026/04/26(日) 13:00 キックオフ,一橋大学,13,深田　勇輝,4,DF,90,先発,0,0,0,0,0.0
2026/04/26(日) 13:00 キックオフ,一橋大学,24,深田　篤史,4,DF,90,先発,0,1,1,0,0.0
2026/04/26(日) 13:00 キックオフ,一橋大学,2,河田　一心,3,MF,90,先発,0,1,1,0,0.0
2026/04/26(日) 13:00 キックオフ,一橋大学,16,石塚　巧人,2,MF,87,先発,0,1,1,0,0.0
2026/04/26(日) 13:00 キックオフ,一橋大学,22,鈴木　泰人,3,DF,90,先発,0,0,0,0,0.0
2026/04/26(日) 13:00 キックオフ,一橋大学,11,藤原　凌,4,FW,90,先発,0,1,1,0,0.0
2026/04/26(日) 13:00 キックオフ,一橋大学,10,上尾　陸,4,MF,90,先発,0,2,2,0,0.0
2026/04/26(日) 13:00 キックオフ,一橋大学,8,佐野　翔優,2,MF,83,先発,1,0,1,0,0.0
2026/04/26(日) 13:00 キックオフ,一橋大学,1,内木場　遥,4,GK,0,控え,0,0,0,0,0.0
2026/04/26(日) 13:00 キックオフ,一橋大学,3,中川　純成,4,DF,0,控え,0,0,0,0,0.0
2026/04/26(日) 13:00 キックオフ,一橋大学,5,若林　慧,4,DF,0,控え,0,0,0,0,0.0
2026/04/26(日) 13:00 キックオフ,一橋大学,14,川勝　天翔,2,MF,7,控え,0,0,0,0,0.0
2026/04/26(日) 13:00 キックオフ,一橋大学,15,髙木　秀輔,4,MF,3,控え,0,0,0,0,0.0
2026/04/26(日) 13:00 キックオフ,一橋大学,20,菱伊　康太,4,MF,0,控え,0,0,0,0,0.0
2026/04/26(日) 13:00 キックオフ,一橋大学,23,中本　善也,4,MF,14,控え,0,0,0,0,0.0
2026/04/26(日) 13:00 キックオフ,一橋大学,18,丸茂　琥哲,4,FW,0,控え,0,0,0,0,0.0
2026/04/26(日) 13:00 キックオフ,一橋大学,28,服部　航大,2,FW,0,控え,0,0,0,0,0.0
2026/04/26(日) 13:00 キックオフ,成蹊大学,1,島谷　侑征,4,GK,83,先発,0,0,0,0,0.0
2026/04/26(日) 13:00 キックオフ,成蹊大学,2,梶谷　一晴,4,DF,90,先発,0,0,0,0,0.0
2026/04/26(日) 13:00 キックオフ,成蹊大学,23,五十嵐　達也,3,DF,90,先発,0,1,1,0,0.0
2026/04/26(日) 13:00 キックオフ,成蹊大学,25,川端　唯斗,2,DF,90,先発,0,0,0,0,0.0
2026/04/26(日) 13:00 キックオフ,成蹊大学,6,濱名　桜次郎,4,DF,76,先発,0,0,0,0,0.0
2026/04/26(日) 13:00 キックオフ,成蹊大学,26,西脇　雄太,3,MF,90,先発,0,0,0,0,0.0
2026/04/26(日) 13:00 キックオフ,成蹊大学,17,境田　海斗,4,MF,90,先発,1,0,1,0,0.0
2026/04/26(日) 13:00 キックオフ,成蹊大学,10,横田　周,4,MF,90,先発,4,4,8,1,12.5
2026/04/26(日) 13:00 キックオフ,成蹊大学,58,大野　祐人,4,MF,45,先発,0,0,0,0,0.0
2026/04/26(日) 13:00 キックオフ,成蹊大学,88,辻　文大,2,FW,45,先発,1,0,1,1,100.0
2026/04/26(日) 13:00 キックオフ,成蹊大学,7,上野　凌空,4,FW,73,先発,1,1,2,0,0.0
2026/04/26(日) 13:00 キックオフ,成蹊大学,64,汐﨑　弘心,3,GK,7,控え,0,0,0,0,0.0
2026/04/26(日) 13:00 キックオフ,成蹊大学,15,山路　周平,3,DF,0,控え,0,0,0,0,0.0
2026/04/26(日) 13:00 キックオフ,成蹊大学,97,山﨑　大馳,2,DF,14,控え,0,0,0,0,0.0
2026/04/26(日) 13:00 キックオフ,成蹊大学,4,川本　琉生,4,MF,17,控え,0,0,0,0,0.0
2026/04/26(日) 13:00 キックオフ,成蹊大学,13,三城　慶人,3,MF,45,控え,0,1,1,0,0.0
2026/04/26(日) 13:00 キックオフ,成蹊大学,19,宇崎　晴斗,2,MF,0,控え,0,0,0,0,0.0
2026/04/26(日) 13:00 キックオフ,成蹊大学,24,奥村　拓未,2,MF,0,控え,0,0,0,0,0.0
2026/04/26(日) 13:00 キックオフ,成蹊大学,89,廣田　理一,2,MF,0,控え,0,0,0,0,0.0
2026/04/26(日) 13:00 キックオフ,成蹊大学,50,宇田川　航生,4,FW,45,控え,0,1,1,0,0.0
2026/04/26(日) 15:00 キックオフ,芝浦工業大学,1,八木原　嘉泉,3,GK,90,先発,0,0,0,0,0.0
2026/04/26(日) 15:00 キックオフ,芝浦工業大学,2,大塚　郷平,2,DF,90,先発,1,0,1,0,0.0
2026/04/26(日) 15:00 キックオフ,芝浦工業大学,5,鑓水　新葉,4,DF,90,先発,1,0,1,1,100.0
2026/04/26(日) 15:00 キックオフ,芝浦工業大学,13,石松　颯大,3,DF,84,先発,0,0,0,0,0.0
2026/04/26(日) 15:00 キックオフ,芝浦工業大学,32,池内　俊介,4,DF,58,先発,1,0,1,0,0.0
2026/04/26(日) 15:00 キックオフ,芝浦工業大学,57,北野　來斗,不明,DF,45,先発,0,0,0,0,0.0
2026/04/26(日) 15:00 キックオフ,芝浦工業大学,8,渡邉　悠斗,4,MF,90,先発,3,1,4,0,0.0
2026/04/26(日) 15:00 キックオフ,芝浦工業大学,9,水飼　隼成,4,MF,80,先発,0,1,1,0,0.0
2026/04/26(日) 15:00 キックオフ,芝浦工業大学,10,荒井　大和,4,MF,90,先発,0,0,0,0,0.0
2026/04/26(日) 15:00 キックオフ,芝浦工業大学,30,鈴木　峻平,2,MF,90,先発,0,0,0,0,0.0
2026/04/26(日) 15:00 キックオフ,芝浦工業大学,7,オルギン　カズオ,4,FW,76,先発,1,0,1,0,0.0
2026/04/26(日) 15:00 キックオフ,芝浦工業大学,41,田中　志羽,2,GK,0,控え,0,0,0,0,0.0
2026/04/26(日) 15:00 キックオフ,芝浦工業大学,4,吉田　來夢,2,DF,0,控え,0,0,0,0,0.0
2026/04/26(日) 15:00 キックオフ,芝浦工業大学,17,多胡　侑晟,4,DF,45,控え,0,0,0,0,0.0
2026/04/26(日) 15:00 キックオフ,芝浦工業大学,3,森本　紘大,4,MF,6,控え,0,0,0,0,0.0
2026/04/26(日) 15:00 キックオフ,芝浦工業大学,11,三田村　龍,4,MF,32,控え,0,0,0,0,0.0
2026/04/26(日) 15:00 キックオフ,芝浦工業大学,37,桐山　将成,3,MF,14,控え,0,2,2,1,50.0
2026/04/26(日) 15:00 キックオフ,芝浦工業大学,43,近藤　遥音,2,MF,0,控え,0,0,0,0,0.0
2026/04/26(日) 15:00 キックオフ,芝浦工業大学,20,野村　晋平,3,FW,10,控え,0,0,0,0,0.0
2026/04/26(日) 15:00 キックオフ,芝浦工業大学,33,羽生田　拓郁,2,FW,0,控え,0,0,0,0,0.0
2026/04/26(日) 15:00 キックオフ,東京都立大学,1,細貝 知希,4,GK,90,先発,0,0,0,0,0.0
2026/04/26(日) 15:00 キックオフ,東京都立大学,3,遠藤 優之亮,4,MF,90,先発,0,1,1,0,0.0
2026/04/26(日) 15:00 キックオフ,東京都立大学,47,渡辺 康太,2,DF,90,先発,0,0,0,0,0.0
2026/04/26(日) 15:00 キックオフ,東京都立大学,84,林 陸斗,2,DF,90,先発,0,2,2,0,0.0
2026/04/26(日) 15:00 キックオフ,東京都立大学,7,程塚 駿太,3,MF,62,先発,0,0,0,0,0.0
2026/04/26(日) 15:00 キックオフ,東京都立大学,9,中崎 琉斗,3,MF,80,先発,1,0,1,0,0.0
2026/04/26(日) 15:00 キックオフ,東京都立大学,11,杉崎 志信,3,MF,50,先発,1,0,1,0,0.0
2026/04/26(日) 15:00 キックオフ,東京都立大学,23,須藤 星空,2,MF,90,先発,0,2,2,0,0.0
2026/04/26(日) 15:00 キックオフ,東京都立大学,24,坂井 玲仁,2,MF,90,先発,0,0,0,0,0.0
2026/04/26(日) 15:00 キックオフ,東京都立大学,42,大汐 徹平,2,MF,90,先発,0,1,1,0,0.0
2026/04/26(日) 15:00 キックオフ,東京都立大学,71,西川 大翔,3,MF,80,先発,1,1,2,0,0.0
2026/04/26(日) 15:00 キックオフ,東京都立大学,12,中田 幹登,3,GK,0,控え,0,0,0,0,0.0
2026/04/26(日) 15:00 キックオフ,東京都立大学,54,寳理 永翔,3,DF,0,控え,0,0,0,0,0.0
2026/04/26(日) 15:00 キックオフ,東京都立大学,89,伊藤 優汰,4,DF,0,控え,0,0,0,0,0.0
2026/04/26(日) 15:00 キックオフ,東京都立大学,99,中田　涼介,2,DF,10,控え,0,0,0,0,0.0
2026/04/26(日) 15:00 キックオフ,東京都立大学,15,上坂 緩大,3,MF,0,控え,0,0,0,0,0.0
2026/04/26(日) 15:00 キックオフ,東京都立大学,16,末次 憲太郎,3,MF,0,控え,0,0,0,0,0.0
2026/04/26(日) 15:00 キックオフ,東京都立大学,27,西田 有之介,2,MF,40,控え,0,1,1,0,0.0
2026/04/26(日) 15:00 キックオフ,東京都立大学,41,宮嶋 優良,4,FW,10,控え,0,0,0,0,0.0
2026/04/26(日) 15:00 キックオフ,東京都立大学,10,塩田 琢磨,4,FW,28,控え,0,1,1,0,0.0
2026/04/26(日) 15:00 キックオフ,東京大学,2,柏村 直登,4,MF,88,先発,0,0,0,0,0.0
2026/04/26(日) 15:00 キックオフ,東京大学,4,池澤 健剛,3,DF,90,先発,0,1,1,0,0.0
2026/04/26(日) 15:00 キックオフ,東京大学,7,河野 慈央,4,MF,68,先発,2,2,4,2,50.0
2026/04/26(日) 15:00 キックオフ,東京大学,8,花岡 大楽,3,MF,90,先発,1,0,1,0,0.0
2026/04/26(日) 15:00 キックオフ,東京大学,9,大西 達也,4,FW,68,先発,1,0,1,0,0.0
2026/04/26(日) 15:00 キックオフ,東京大学,10,河島 誠二郎,4,MF,90,先発,1,1,2,0,0.0
2026/04/26(日) 15:00 キックオフ,東京大学,11,長谷川 泰斗,2,FW,90,先発,1,1,2,1,50.0
2026/04/26(日) 15:00 キックオフ,東京大学,13,丸山　凱智,3,GK,90,先発,0,0,0,0,0.0
2026/04/26(日) 15:00 キックオフ,東京大学,14,高木 勇仁,4,MF,82,先発,0,0,0,0,0.0
2026/04/26(日) 15:00 キックオフ,東京大学,15,鈴木 武尊,2,MF,90,先発,0,1,1,0,0.0
2026/04/26(日) 15:00 キックオフ,東京大学,17,岡田 詠,3,MF,90,先発,0,0,0,0,0.0
2026/04/26(日) 15:00 キックオフ,東京大学,6,長田 夕輝,4,MF,0,控え,0,0,0,0,0.0
2026/04/26(日) 15:00 キックオフ,東京大学,16,馬渕 太我,2,MF,0,控え,0,0,0,0,0.0
2026/04/26(日) 15:00 キックオフ,東京大学,18,遠藤 雅仁,3,FW,22,控え,0,0,0,0,0.0
2026/04/26(日) 15:00 キックオフ,東京大学,21,大場 祥吾,4,GK,0,控え,0,0,0,0,0.0
2026/04/26(日) 15:00 キックオフ,東京大学,22,小林 勇太,2,FW,0,控え,0,0,0,0,0.0
2026/04/26(日) 15:00 キックオフ,東京大学,26,田島 誠志郎,3,FW,22,控え,0,0,0,0,0.0
2026/04/26(日) 15:00 キックオフ,東京大学,28,安藤 颯馬,3,DF,2,控え,0,0,0,0,0.0
2026/04/26(日) 15:00 キックオフ,東京大学,33,松尾 仁之介,4,DF,8,控え,0,0,0,0,0.0
2026/04/26(日) 15:00 キックオフ,東京大学,40,山口 源登,4,MF,0,控え,0,0,0,0,0.0
2026/04/26(日) 15:00 キックオフ,東京理科大学,1,山本　大介,3,GK,90,先発,0,0,0,0,0.0
2026/04/26(日) 15:00 キックオフ,東京理科大学,4,鈴木　敬吾,3,DF,90,先発,0,0,0,0,0.0
2026/04/26(日) 15:00 キックオフ,東京理科大学,8,白川　陽,4,MF,90,先発,2,0,2,0,0.0
2026/04/26(日) 15:00 キックオフ,東京理科大学,10,原　虎太郎,4,MF,79,先発,3,0,3,0,0.0
2026/04/26(日) 15:00 キックオフ,東京理科大学,11,鈴木　冬聖,4,FW,90,先発,3,3,6,2,33.3
2026/04/26(日) 15:00 キックオフ,東京理科大学,16,吉岡　宏彬,3,MF,69,先発,1,0,1,0,0.0
2026/04/26(日) 15:00 キックオフ,東京理科大学,29,櫻井　友翔,2,FW,90,先発,0,0,0,0,0.0
2026/04/26(日) 15:00 キックオフ,東京理科大学,41,為我井　煌生,3,DF,90,先発,0,0,0,0,0.0
2026/04/26(日) 15:00 キックオフ,東京理科大学,51,長島　正悟,3,MF,81,先発,0,0,0,0,0.0
2026/04/26(日) 15:00 キックオフ,東京理科大学,66,守屋　大地,3,MF,90,先発,0,0,0,0,0.0
2026/04/26(日) 15:00 キックオフ,東京理科大学,71,篠原　烈士,2,MF,75,先発,0,0,0,0,0.0
2026/04/26(日) 15:00 キックオフ,東京理科大学,9,内本　達三郎,4,FW,11,控え,0,0,0,0,0.0
2026/04/26(日) 15:00 キックオフ,東京理科大学,22,田口　育磨,2,MF,15,控え,0,0,0,0,0.0
2026/04/26(日) 15:00 キックオフ,東京理科大学,24,赤木　康太,4,MF,0,控え,0,0,0,0,0.0
2026/04/26(日) 15:00 キックオフ,東京理科大学,27,福原　圭汰,4,MF,9,控え,0,0,0,0,0.0
2026/04/26(日) 15:00 キックオフ,東京理科大学,31,井川　慶範,4,GK,0,控え,0,0,0,0,0.0
2026/04/26(日) 15:00 キックオフ,東京理科大学,54,神保　朋季,4,DF,0,控え,0,0,0,0,0.0
2026/04/26(日) 15:00 キックオフ,東京理科大学,77,高島　大河,3,FW,21,控え,0,0,0,0,0.0
2026/04/26(日) 15:15 キックオフ,成城大学,17,髙田　陽,3,GK,90,先発,0,0,0,0,0.0
2026/04/26(日) 15:15 キックオフ,成城大学,18,田中　暁也,2,DF,90,先発,0,0,0,0,0.0
2026/04/26(日) 15:15 キックオフ,成城大学,4,川上　拓真,4,DF,90,先発,0,0,0,0,0.0
2026/04/26(日) 15:15 キックオフ,成城大学,3,稲葉　晴斗,3,DF,90,先発,1,0,1,1,100.0
2026/04/26(日) 15:15 キックオフ,成城大学,36,澤畠　大和,4,DF,75,先発,0,0,0,0,0.0
2026/04/26(日) 15:15 キックオフ,成城大学,5,冨岡　佑太,4,MF,62,先発,1,0,1,0,0.0
2026/04/26(日) 15:15 キックオフ,成城大学,14,成田　悠陽,3,MF,90,先発,0,0,0,0,0.0
2026/04/26(日) 15:15 キックオフ,成城大学,82,鈴木　蓮,2,MF,62,先発,0,0,0,0,0.0
2026/04/26(日) 15:15 キックオフ,成城大学,2,平井　涼真,3,MF,90,先発,1,1,2,1,50.0
2026/04/26(日) 15:15 キックオフ,成城大学,8,池田　峻大,4,FW,62,先発,1,1,2,0,0.0
2026/04/26(日) 15:15 キックオフ,成城大学,10,田中　準人,3,FW,89,先発,0,0,0,0,0.0
2026/04/26(日) 15:15 キックオフ,成城大学,51,下山　玲依,2,GK,0,控え,0,0,0,0,0.0
2026/04/26(日) 15:15 キックオフ,成城大学,35,古口　時,2,DF,0,控え,0,0,0,0,0.0
2026/04/26(日) 15:15 キックオフ,成城大学,11,谷口　直紀,4,MF,28,控え,0,0,0,0,0.0
2026/04/26(日) 15:15 キックオフ,成城大学,73,石原　幹太良,2,MF,15,控え,1,0,1,1,100.0
2026/04/26(日) 15:15 キックオフ,成城大学,6,大田　凌生,4,MF,0,控え,0,0,0,0,0.0
2026/04/26(日) 15:15 キックオフ,成城大学,66,田邉　碧,4,MF,0,控え,0,0,0,0,0.0
2026/04/26(日) 15:15 キックオフ,成城大学,9,鈴木　荘大,4,FW,28,控え,1,0,1,1,100.0
2026/04/26(日) 15:15 キックオフ,成城大学,15,大川　知希,3,FW,28,控え,1,0,1,0,0.0
2026/04/26(日) 15:15 キックオフ,成城大学,40,河本　公太,3,FW,1,控え,0,0,0,0,0.0
2026/04/26(日) 15:15 キックオフ,防衛大学校（神奈川県）,1,市村　洋介,2,GK,90,先発,0,0,0,0,0.0
2026/04/26(日) 15:15 キックオフ,防衛大学校（神奈川県）,2,佐野　宏晃,3,DF,90,先発,0,0,0,0,0.0
2026/04/26(日) 15:15 キックオフ,防衛大学校（神奈川県）,3,野口　佳那人,4,DF,90,先発,0,0,0,0,0.0
2026/04/26(日) 15:15 キックオフ,防衛大学校（神奈川県）,6,塩野　桜太,3,DF,90,先発,0,0,0,0,0.0
2026/04/26(日) 15:15 キックオフ,防衛大学校（神奈川県）,11,中山　皓太,3,DF,90,先発,0,0,0,0,0.0
2026/04/26(日) 15:15 キックオフ,防衛大学校（神奈川県）,5,渡邊　葵,4,MF,90,先発,0,0,0,0,0.0
2026/04/26(日) 15:15 キックオフ,防衛大学校（神奈川県）,8,永岡　陸大,3,MF,90,先発,0,0,0,0,0.0
2026/04/26(日) 15:15 キックオフ,防衛大学校（神奈川県）,14,磯部　光,2,MF,90,先発,0,0,0,0,0.0
2026/04/26(日) 15:15 キックオフ,防衛大学校（神奈川県）,17,小倉　聖生,3,MF,90,先発,0,0,0,0,0.0
2026/04/26(日) 15:15 キックオフ,防衛大学校（神奈川県）,9,堀田　理人,3,FW,90,先発,1,2,3,2,66.7
2026/04/26(日) 15:15 キックオフ,防衛大学校（神奈川県）,29,大沼　佳樹,3,FW,70,先発,1,2,3,0,0.0
2026/04/26(日) 15:15 キックオフ,防衛大学校（神奈川県）,4,岸本　拓也,4,DF,0,控え,0,0,0,0,0.0
2026/04/26(日) 15:15 キックオフ,防衛大学校（神奈川県）,13,深川　蓮斗,3,DF,0,控え,0,0,0,0,0.0
2026/04/26(日) 15:15 キックオフ,防衛大学校（神奈川県）,26,森　優朔,2,MF,20,控え,0,0,0,0,0.0
2026/04/26(日) 15:15 キックオフ,防衛大学校（神奈川県）,33,毛利　優夫,3,MF,0,控え,0,0,0,0,0.0
2026/04/26(日) 15:15 キックオフ,防衛大学校（神奈川県）,22,岡本　翔琉,3,FW,0,控え,0,0,0,0,0.0
2026/05/02(土) 10:00 キックオフ,日本文化大學,1,山本　章介,2,GK,90,先発,0,0,0,0,0.0
2026/05/02(土) 10:00 キックオフ,日本文化大學,2,嶺野　悠斗,2,DF,90,先発,0,1,1,0,0.0
2026/05/02(土) 10:00 キックオフ,日本文化大學,3,中野　万輝斗,2,DF,90,先発,0,0,0,0,0.0
2026/05/02(土) 10:00 キックオフ,日本文化大學,4,黒沢　耀,1,DF,90,先発,0,0,0,0,0.0
2026/05/02(土) 10:00 キックオフ,日本文化大學,5,日野原　十矢,1,DF,90,先発,0,0,0,0,0.0
2026/05/02(土) 10:00 キックオフ,日本文化大學,6,岸上　一吹,1,MF,90,先発,0,0,0,0,0.0
2026/05/02(土) 10:00 キックオフ,日本文化大學,7,村瀬　陸斗,1,MF,60,先発,1,0,1,0,0.0
2026/05/02(土) 10:00 キックオフ,日本文化大學,8,松野　竜成,3,FW,90,先発,0,0,0,0,0.0
2026/05/02(土) 10:00 キックオフ,日本文化大學,9,間野　翼,3,MF,90,先発,1,1,2,0,0.0
2026/05/02(土) 10:00 キックオフ,日本文化大學,34,前野　正明,1,MF,73,先発,0,0,0,0,0.0
2026/05/02(土) 10:00 キックオフ,日本文化大學,38,森　一馬,1,FW,62,先発,1,0,1,0,0.0
2026/05/02(土) 10:00 キックオフ,日本文化大學,11,井之﨑　隼也,2,FW,28,控え,0,1,1,0,0.0
2026/05/02(土) 10:00 キックオフ,日本文化大學,13,宮里　飛雄馬,2,MF,0,控え,0,0,0,0,0.0
2026/05/02(土) 10:00 キックオフ,日本文化大學,14,笹岡　サスケ,2,FW,30,控え,0,1,1,0,0.0
2026/05/02(土) 10:00 キックオフ,日本文化大學,16,小泉　伶真,2,DF,0,控え,0,0,0,0,0.0
2026/05/02(土) 10:00 キックオフ,日本文化大學,17,有山　大翔,3,MF,0,控え,0,0,0,0,0.0
2026/05/02(土) 10:00 キックオフ,日本文化大學,19,小西　聖七,2,DF,17,控え,0,1,1,0,0.0
2026/05/02(土) 10:00 キックオフ,日本文化大學,22,田上　伊織,1,FW,0,控え,0,0,0,0,0.0
2026/05/02(土) 10:00 キックオフ,日本文化大學,24,伊皆　康輝,1,DF,0,控え,0,0,0,0,0.0
2026/05/02(土) 10:00 キックオフ,日本文化大學,31,鈴木　彪琉,1,GK,0,控え,0,0,0,0,0.0
2026/05/02(土) 10:00 キックオフ,東京大学,2,柏村 直登,4,MF,90,先発,0,0,0,0,0.0
2026/05/02(土) 10:00 キックオフ,東京大学,4,池澤 健剛,3,DF,90,先発,0,0,0,0,0.0
2026/05/02(土) 10:00 キックオフ,東京大学,7,河野 慈央,4,MF,67,先発,0,0,0,0,0.0
2026/05/02(土) 10:00 キックオフ,東京大学,8,花岡 大楽,3,MF,89,先発,0,0,0,0,0.0
2026/05/02(土) 10:00 キックオフ,東京大学,10,河島 誠二郎,4,MF,95,先発,2,0,2,1,50.0
2026/05/02(土) 10:00 キックオフ,東京大学,11,長谷川 泰斗,2,FW,90,先発,1,0,1,0,0.0
2026/05/02(土) 10:00 キックオフ,東京大学,13,丸山　凱智,3,GK,90,先発,0,0,0,0,0.0
2026/05/02(土) 10:00 キックオフ,東京大学,14,高木 勇仁,4,MF,80,先発,0,0,0,0,0.0
2026/05/02(土) 10:00 キックオフ,東京大学,15,鈴木 武尊,2,MF,90,先発,0,0,0,0,0.0
2026/05/02(土) 10:00 キックオフ,東京大学,17,岡田 詠,3,MF,90,先発,0,0,0,0,0.0
2026/05/02(土) 10:00 キックオフ,東京大学,26,田島 誠志郎,3,FW,80,先発,0,0,0,0,0.0
2026/05/02(土) 10:00 キックオフ,東京大学,3,山中 歩太,2,DF,0,控え,0,0,0,0,0.0
2026/05/02(土) 10:00 キックオフ,東京大学,9,大西 達也,4,FW,23,控え,0,0,0,0,0.0
2026/05/02(土) 10:00 キックオフ,東京大学,16,馬渕 太我,2,MF,1,控え,0,0,0,0,0.0
2026/05/02(土) 10:00 キックオフ,東京大学,18,遠藤 雅仁,3,FW,0,控え,0,0,0,0,0.0
2026/05/02(土) 10:00 キックオフ,東京大学,19,大谷 遼一,4,FW,10,控え,0,0,0,0,0.0
2026/05/02(土) 10:00 キックオフ,東京大学,21,大場 祥吾,4,GK,0,控え,0,0,0,0,0.0
2026/05/02(土) 10:00 キックオフ,東京大学,27,中谷　捷悟,4,FW,0,控え,0,0,0,0,0.0
2026/05/02(土) 10:00 キックオフ,東京大学,33,松尾 仁之介,4,DF,10,控え,0,0,0,0,0.0
2026/05/02(土) 10:00 キックオフ,東京大学,40,山口 源登,4,MF,0,控え,0,0,0,0,0.0
2026/05/02(土) 14:00 キックオフ,東京理科大学,1,山本　大介,3,GK,90,先発,0,0,0,0,0.0
2026/05/02(土) 14:00 キックオフ,東京理科大学,41,為我井　煌生,3,DF,90,先発,0,1,1,0,0.0
2026/05/02(土) 14:00 キックオフ,東京理科大学,54,神保　朋季,4,DF,90,先発,1,0,1,0,0.0
2026/05/02(土) 14:00 キックオフ,東京理科大学,66,守屋　大地,3,MF,90,先発,0,3,3,0,0.0
2026/05/02(土) 14:00 キックオフ,東京理科大学,16,吉岡　宏彬,3,MF,90,先発,1,0,1,0,0.0
2026/05/02(土) 14:00 キックオフ,東京理科大学,71,篠原　烈士,2,MF,90,先発,0,0,0,0,0.0
2026/05/02(土) 14:00 キックオフ,東京理科大学,51,長島　正悟,3,MF,88,先発,1,1,2,0,0.0
2026/05/02(土) 14:00 キックオフ,東京理科大学,10,原　虎太郎,4,MF,90,先発,1,3,4,0,0.0
2026/05/02(土) 14:00 キックオフ,東京理科大学,27,福原　圭汰,4,MF,70,先発,0,1,1,0,0.0
2026/05/02(土) 14:00 キックオフ,東京理科大学,11,鈴木　冬聖,4,FW,90,先発,3,1,4,1,25.0
2026/05/02(土) 14:00 キックオフ,東京理科大学,77,高島　大河,3,FW,68,先発,1,2,3,1,33.3
2026/05/02(土) 14:00 キックオフ,東京理科大学,28,鷹野　翼,2,GK,0,控え,0,0,0,0,0.0
2026/05/02(土) 14:00 キックオフ,東京理科大学,50,久保　拓都,2,DF,0,控え,0,0,0,0,0.0
2026/05/02(土) 14:00 キックオフ,東京理科大学,25,渡邊　孔大,4,MF,0,控え,0,0,0,0,0.0
2026/05/02(土) 14:00 キックオフ,東京理科大学,14,國武　慈温,4,MF,2,控え,0,0,0,0,0.0
2026/05/02(土) 14:00 キックオフ,東京理科大学,24,赤木　康太,4,MF,20,控え,0,0,0,0,0.0
2026/05/02(土) 14:00 キックオフ,東京理科大学,69,松永　陸杜,2,MF,0,控え,0,0,0,0,0.0
2026/05/02(土) 14:00 キックオフ,東京理科大学,52,早瀬　玲,2,FW,0,控え,0,0,0,0,0.0
2026/05/02(土) 14:00 キックオフ,東京理科大学,44,原　龍之介,2,FW,0,控え,0,0,0,0,0.0
2026/05/02(土) 14:00 キックオフ,東京理科大学,9,内本　達三郎,4,FW,22,控え,0,1,1,0,0.0
2026/05/02(土) 14:00 キックオフ,防衛大学校（神奈川県）,1,市村　洋介,2,GK,90,先発,0,0,0,0,0.0
2026/05/02(土) 14:00 キックオフ,防衛大学校（神奈川県）,2,佐野　宏晃,3,DF,74,先発,0,0,0,0,0.0
2026/05/02(土) 14:00 キックオフ,防衛大学校（神奈川県）,6,塩野　桜太,3,MF,90,先発,0,0,0,0,0.0
2026/05/02(土) 14:00 キックオフ,防衛大学校（神奈川県）,11,中山　皓太,3,DF,90,先発,0,0,0,0,0.0
2026/05/02(土) 14:00 キックオフ,防衛大学校（神奈川県）,26,森　優朔,2,MF,90,先発,0,0,0,0,0.0
2026/05/02(土) 14:00 キックオフ,防衛大学校（神奈川県）,5,渡邊　葵,4,FW,90,先発,1,1,2,1,50.0
2026/05/02(土) 14:00 キックオフ,防衛大学校（神奈川県）,8,永岡　陸大,3,MF,90,先発,1,1,2,0,0.0
2026/05/02(土) 14:00 キックオフ,防衛大学校（神奈川県）,14,磯部　光,2,DF,90,先発,0,0,0,0,0.0
2026/05/02(土) 14:00 キックオフ,防衛大学校（神奈川県）,17,小倉　聖生,3,MF,90,先発,0,0,0,0,0.0
2026/05/02(土) 14:00 キックオフ,防衛大学校（神奈川県）,9,堀田　理人,3,FW,90,先発,3,3,6,2,33.3
2026/05/02(土) 14:00 キックオフ,防衛大学校（神奈川県）,29,大沼　佳樹,3,FW,84,先発,1,1,2,0,0.0
2026/05/02(土) 14:00 キックオフ,防衛大学校（神奈川県）,4,岸本　拓也,4,DF,0,控え,0,0,0,0,0.0
2026/05/02(土) 14:00 キックオフ,防衛大学校（神奈川県）,13,深川　蓮斗,3,DF,0,控え,0,0,0,0,0.0
2026/05/02(土) 14:00 キックオフ,防衛大学校（神奈川県）,23,石川　太朗,2,FW,16,控え,0,1,1,0,0.0
2026/05/02(土) 14:00 キックオフ,防衛大学校（神奈川県）,25,外崎　和輝,3,DF,0,控え,0,0,0,0,0.0
2026/05/02(土) 14:00 キックオフ,防衛大学校（神奈川県）,24,坪井　晃希,2,MF,0,控え,0,0,0,0,0.0
2026/05/02(土) 14:00 キックオフ,防衛大学校（神奈川県）,33,毛利　優夫,3,MF,6,控え,0,0,0,0,0.0
2026/05/02(土) 14:00 キックオフ,防衛大学校（神奈川県）,18,岩切　優希,4,FW,0,控え,0,0,0,0,0.0
2026/05/02(土) 14:00 キックオフ,防衛大学校（神奈川県）,22,岡本　翔琉,3,FW,0,控え,0,0,0,0,0.0
2026/05/03(日) 10:00 キックオフ,東京都立大学,1,細貝 知希,4,GK,90,先発,0,0,0,0,0.0
2026/05/03(日) 10:00 キックオフ,東京都立大学,3,遠藤 優之亮,4,MF,84,先発,0,0,0,0,0.0
2026/05/03(日) 10:00 キックオフ,東京都立大学,4,福田 怜央,4,DF,90,先発,0,0,0,0,0.0
2026/05/03(日) 10:00 キックオフ,東京都立大学,47,渡辺 康太,2,DF,90,先発,1,0,1,0,0.0
2026/05/03(日) 10:00 キックオフ,東京都立大学,84,林 陸斗,2,DF,90,先発,0,0,0,0,0.0
2026/05/03(日) 10:00 キックオフ,東京都立大学,7,程塚 駿太,3,MF,90,先発,1,1,2,0,0.0
2026/05/03(日) 10:00 キックオフ,東京都立大学,9,中崎 琉斗,3,MF,89,先発,1,0,1,0,0.0
2026/05/03(日) 10:00 キックオフ,東京都立大学,23,須藤 星空,2,MF,84,先発,1,0,1,0,0.0
2026/05/03(日) 10:00 キックオフ,東京都立大学,24,坂井 玲仁,2,MF,84,先発,0,0,0,0,0.0
2026/05/03(日) 10:00 キックオフ,東京都立大学,42,大汐 徹平,2,MF,90,先発,0,1,1,0,0.0
2026/05/03(日) 10:00 キックオフ,東京都立大学,71,西川 大翔,3,MF,38,先発,1,0,1,0,0.0
2026/05/03(日) 10:00 キックオフ,東京都立大学,12,中田 幹登,3,GK,0,控え,0,0,0,0,0.0
2026/05/03(日) 10:00 キックオフ,東京都立大学,54,寳理 永翔,3,DF,0,控え,0,0,0,0,0.0
2026/05/03(日) 10:00 キックオフ,東京都立大学,89,伊藤 優汰,4,DF,6,控え,0,0,0,0,0.0
2026/05/03(日) 10:00 キックオフ,東京都立大学,99,中田　涼介,2,DF,1,控え,0,0,0,0,0.0
2026/05/03(日) 10:00 キックオフ,東京都立大学,11,杉崎 志信,3,MF,0,控え,0,0,0,0,0.0
2026/05/03(日) 10:00 キックオフ,東京都立大学,15,上坂 緩大,3,MF,0,控え,0,0,0,0,0.0
2026/05/03(日) 10:00 キックオフ,東京都立大学,27,西田 有之介,2,MF,6,控え,0,0,0,0,0.0
2026/05/03(日) 10:00 キックオフ,東京都立大学,41,宮嶋 優良,4,FW,6,控え,0,0,0,0,0.0
2026/05/03(日) 10:00 キックオフ,東京都立大学,10,塩田 琢磨,4,FW,52,控え,0,2,2,0,0.0
2026/05/03(日) 10:00 キックオフ,成城大学,17,髙田　陽,3,GK,90,先発,0,0,0,0,0.0
2026/05/03(日) 10:00 キックオフ,成城大学,18,田中　暁也,2,DF,90,先発,0,0,0,0,0.0
2026/05/03(日) 10:00 キックオフ,成城大学,4,川上　拓真,4,DF,90,先発,0,0,0,0,0.0
2026/05/03(日) 10:00 キックオフ,成城大学,3,稲葉　晴斗,3,DF,90,先発,0,0,0,0,0.0
2026/05/03(日) 10:00 キックオフ,成城大学,36,澤畠　大和,4,DF,84,先発,1,0,1,0,0.0
2026/05/03(日) 10:00 キックオフ,成城大学,11,谷口　直紀,4,MF,69,先発,0,2,2,0,0.0
2026/05/03(日) 10:00 キックオフ,成城大学,82,鈴木　蓮,2,MF,63,先発,0,0,0,0,0.0
2026/05/03(日) 10:00 キックオフ,成城大学,2,平井　涼真,3,DF,90,先発,0,0,0,0,0.0
2026/05/03(日) 10:00 キックオフ,成城大学,8,池田　峻大,4,MF,69,先発,0,1,1,0,0.0
2026/05/03(日) 10:00 キックオフ,成城大学,14,成田　悠陽,3,MF,90,先発,0,0,0,0,0.0
2026/05/03(日) 10:00 キックオフ,成城大学,10,田中　準人,3,FW,88,先発,0,2,2,0,0.0
2026/05/03(日) 10:00 キックオフ,成城大学,51,下山　玲依,2,GK,0,控え,0,0,0,0,0.0
2026/05/03(日) 10:00 キックオフ,成城大学,7,三岡　大致,4,MF,0,控え,0,0,0,0,0.0
2026/05/03(日) 10:00 キックオフ,成城大学,32,古谷　瞬,3,MF,0,控え,0,0,0,0,0.0
2026/05/03(日) 10:00 キックオフ,成城大学,73,石原　幹太良,2,MF,6,控え,0,0,0,0,0.0
2026/05/03(日) 10:00 キックオフ,成城大学,6,大田　凌生,4,MF,27,控え,0,1,1,0,0.0
2026/05/03(日) 10:00 キックオフ,成城大学,66,田邉　碧,4,FW,0,控え,0,0,0,0,0.0
2026/05/03(日) 10:00 キックオフ,成城大学,9,鈴木　荘大,4,FW,21,控え,0,1,1,0,0.0
2026/05/03(日) 10:00 キックオフ,成城大学,15,大川　知希,3,FW,21,控え,0,2,2,0,0.0
2026/05/03(日) 10:00 キックオフ,成城大学,40,河本　公太,3,FW,2,控え,0,0,0,0,0.0
2026/05/03(日) 11:30 キックオフ,創価大学,2,秋田　俊博,1,DF,90,先発,0,0,0,0,0.0
2026/05/03(日) 11:30 キックオフ,創価大学,5,矢田 英一,2,DF,90,先発,0,0,0,0,0.0
2026/05/03(日) 11:30 キックオフ,創価大学,7,滝澤 伸明,3,DF,90,先発,0,0,0,0,0.0
2026/05/03(日) 11:30 キックオフ,創価大学,8,小倉 優輝,4,MF,90,先発,0,0,0,0,0.0
2026/05/03(日) 11:30 キックオフ,創価大学,12,山口 颯太,2,GK,90,先発,0,0,0,0,0.0
2026/05/03(日) 11:30 キックオフ,創価大学,17,林田 勇誠,4,FW,81,先発,0,0,0,0,0.0
2026/05/03(日) 11:30 キックオフ,創価大学,20,石塚 涼,不明,FW,90,先発,3,2,5,0,0.0
2026/05/03(日) 11:30 キックオフ,創価大学,24,束原　健太,1,MF,70,先発,0,0,0,0,0.0
2026/05/03(日) 11:30 キックオフ,創価大学,30,中澤 義彦,3,FW,90,先発,0,2,2,1,50.0
2026/05/03(日) 11:30 キックオフ,創価大学,32,東堂 秀明,4,DF,90,先発,0,0,0,0,0.0
2026/05/03(日) 11:30 キックオフ,創価大学,55,吉川 駿,3,MF,90,先発,0,1,1,0,0.0
2026/05/03(日) 11:30 キックオフ,創価大学,6,大西　拓弥,1,DF,0,控え,0,0,0,0,0.0
2026/05/03(日) 11:30 キックオフ,創価大学,9,角城 勤聖,4,MF,20,控え,0,0,0,0,0.0
2026/05/03(日) 11:30 キックオフ,創価大学,15,石川 剣心,4,FW,0,控え,0,0,0,0,0.0
2026/05/03(日) 11:30 キックオフ,創価大学,22,森本 誉,2,MF,9,控え,0,0,0,0,0.0
2026/05/03(日) 11:30 キックオフ,創価大学,41,森田　翔大,1,GK,0,控え,0,0,0,0,0.0
2026/05/03(日) 11:30 キックオフ,創価大学,88,吉田　英知,1,FW,0,控え,0,0,0,0,0.0
2026/05/03(日) 11:30 キックオフ,一橋大学,2,河田　一心,3,MF,79,先発,0,0,0,0,0.0
2026/05/03(日) 11:30 キックオフ,一橋大学,4,相内　馨太,3,DF,86,先発,0,1,1,0,0.0
2026/05/03(日) 11:30 キックオフ,一橋大学,8,佐野　翔優,2,MF,79,先発,0,0,0,0,0.0
2026/05/03(日) 11:30 キックオフ,一橋大学,9,藤野　太郎,3,FW,70,先発,0,0,0,0,0.0
2026/05/03(日) 11:30 キックオフ,一橋大学,10,上尾　陸,4,MF,90,先発,1,1,2,0,0.0
2026/05/03(日) 11:30 キックオフ,一橋大学,11,藤原　凌,4,FW,90,先発,0,1,1,0,0.0
2026/05/03(日) 11:30 キックオフ,一橋大学,13,深田　勇輝,4,DF,90,先発,0,0,0,0,0.0
2026/05/03(日) 11:30 キックオフ,一橋大学,16,石塚　巧人,2,MF,90,先発,0,0,0,0,0.0
2026/05/03(日) 11:30 キックオフ,一橋大学,22,鈴木　泰人,3,DF,90,先発,0,0,0,0,0.0
2026/05/03(日) 11:30 キックオフ,一橋大学,25,村井　駿太,2,DF,90,先発,0,0,0,0,0.0
2026/05/03(日) 11:30 キックオフ,一橋大学,41,兼松　大志,2,GK,90,先発,0,0,0,0,0.0
2026/05/03(日) 11:30 キックオフ,一橋大学,1,内木場　遥,4,GK,0,控え,0,0,0,0,0.0
2026/05/03(日) 11:30 キックオフ,一橋大学,3,中川　純成,4,DF,4,控え,0,0,0,0,0.0
2026/05/03(日) 11:30 キックオフ,一橋大学,5,若林　慧,4,DF,0,控え,0,0,0,0,0.0
2026/05/03(日) 11:30 キックオフ,一橋大学,7,森田　敢三,4,MF,11,控え,0,0,0,0,0.0
2026/05/03(日) 11:30 キックオフ,一橋大学,15,髙木　秀輔,4,MF,11,控え,0,0,0,0,0.0
2026/05/03(日) 11:30 キックオフ,一橋大学,18,丸茂　琥哲,4,FW,20,控え,0,0,0,0,0.0
2026/05/03(日) 11:30 キックオフ,一橋大学,20,菱伊　康太,4,MF,0,控え,0,0,0,0,0.0
2026/05/03(日) 11:30 キックオフ,一橋大学,23,中本　善也,4,MF,0,控え,0,0,0,0,0.0
2026/05/03(日) 11:30 キックオフ,一橋大学,24,深田　篤史,4,DF,4,控え,0,0,0,0,0.0
2026/05/03(日) 16:30 キックオフ,芝浦工業大学,1,八木原　嘉泉,3,GK,90,先発,0,0,0,0,0.0
2026/05/03(日) 16:30 キックオフ,芝浦工業大学,2,大塚　郷平,2,DF,90,先発,0,1,1,1,100.0
2026/05/03(日) 16:30 キックオフ,芝浦工業大学,5,鑓水　新葉,4,DF,90,先発,1,1,2,0,0.0
2026/05/03(日) 16:30 キックオフ,芝浦工業大学,57,北野　來斗,不明,DF,90,先発,0,0,0,0,0.0
2026/05/03(日) 16:30 キックオフ,芝浦工業大学,8,渡邉　悠斗,4,MF,82,先発,0,0,0,0,0.0
2026/05/03(日) 16:30 キックオフ,芝浦工業大学,9,水飼　隼成,4,MF,90,先発,0,0,0,0,0.0
2026/05/03(日) 16:30 キックオフ,芝浦工業大学,10,荒井　大和,4,MF,90,先発,0,2,2,0,0.0
2026/05/03(日) 16:30 キックオフ,芝浦工業大学,11,三田村　龍,4,MF,70,先発,0,0,0,0,0.0
2026/05/03(日) 16:30 キックオフ,芝浦工業大学,21,小池　誠一朗,1,MF,90,先発,0,0,0,0,0.0
2026/05/03(日) 16:30 キックオフ,芝浦工業大学,30,鈴木　峻平,2,MF,90,先発,0,0,0,0,0.0
2026/05/03(日) 16:30 キックオフ,芝浦工業大学,7,オルギン　カズオ,4,FW,76,先発,1,0,1,0,0.0
2026/05/03(日) 16:30 キックオフ,芝浦工業大学,41,田中　志羽,2,GK,0,控え,0,0,0,0,0.0
2026/05/03(日) 16:30 キックオフ,芝浦工業大学,4,吉田　來夢,2,DF,0,控え,0,0,0,0,0.0
2026/05/03(日) 16:30 キックオフ,芝浦工業大学,17,多胡　侑晟,4,DF,0,控え,0,0,0,0,0.0
2026/05/03(日) 16:30 キックオフ,芝浦工業大学,3,森本　紘大,4,MF,0,控え,0,0,0,0,0.0
2026/05/03(日) 16:30 キックオフ,芝浦工業大学,37,桐山　将成,3,MF,8,控え,0,0,0,0,0.0
2026/05/03(日) 16:30 キックオフ,芝浦工業大学,39,疋田　康成,2,MF,0,控え,0,0,0,0,0.0
2026/05/03(日) 16:30 キックオフ,芝浦工業大学,43,近藤　遥音,2,MF,0,控え,0,0,0,0,0.0
2026/05/03(日) 16:30 キックオフ,芝浦工業大学,20,野村　晋平,3,FW,20,控え,0,0,0,0,0.0
2026/05/03(日) 16:30 キックオフ,芝浦工業大学,33,羽生田　拓郁,2,FW,14,控え,0,0,0,0,0.0
2026/05/03(日) 16:30 キックオフ,成蹊大学,1,島谷　侑征,4,GK,90,先発,0,0,0,0,0.0
2026/05/03(日) 16:30 キックオフ,成蹊大学,2,梶谷　一晴,4,DF,90,先発,1,2,3,0,0.0
2026/05/03(日) 16:30 キックオフ,成蹊大学,3,岡嶋　大斗,3,DF,90,先発,0,0,0,0,0.0
2026/05/03(日) 16:30 キックオフ,成蹊大学,25,川端　唯斗,2,DF,71,先発,0,0,0,0,0.0
2026/05/03(日) 16:30 キックオフ,成蹊大学,6,濱名　桜次郎,4,DF,90,先発,1,0,1,0,0.0
2026/05/03(日) 16:30 キックオフ,成蹊大学,26,西脇　雄太,3,MF,56,先発,0,0,0,0,0.0
2026/05/03(日) 16:30 キックオフ,成蹊大学,17,境田　海斗,4,MF,86,先発,0,0,0,0,0.0
2026/05/03(日) 16:30 キックオフ,成蹊大学,24,奥村　拓未,2,MF,56,先発,2,0,2,0,0.0
2026/05/03(日) 16:30 キックオフ,成蹊大学,7,上野　凌空,4,FW,90,先発,2,0,2,1,50.0
2026/05/03(日) 16:30 キックオフ,成蹊大学,50,宇田川　航生,4,FW,81,先発,1,2,3,2,66.7
2026/05/03(日) 16:30 キックオフ,成蹊大学,10,横田　周,4,MF,90,先発,0,1,1,0,0.0
2026/05/03(日) 16:30 キックオフ,成蹊大学,64,汐﨑　弘心,3,GK,0,控え,0,0,0,0,0.0
2026/05/03(日) 16:30 キックオフ,成蹊大学,16,平工　雄大,3,DF,19,控え,0,0,0,0,0.0
2026/05/03(日) 16:30 キックオフ,成蹊大学,23,五十嵐　達也,3,DF,0,控え,0,0,0,0,0.0
2026/05/03(日) 16:30 キックオフ,成蹊大学,69,安達　頑生,1,DF,0,控え,0,0,0,0,0.0
2026/05/03(日) 16:30 キックオフ,成蹊大学,97,山﨑　大馳,2,DF,0,控え,0,0,0,0,0.0
2026/05/03(日) 16:30 キックオフ,成蹊大学,4,川本　琉生,4,MF,4,控え,0,0,0,0,0.0
2026/05/03(日) 16:30 キックオフ,成蹊大学,13,三城　慶人,3,MF,34,控え,0,1,1,0,0.0
2026/05/03(日) 16:30 キックオフ,成蹊大学,32,中村　翔和,2,MF,34,控え,0,1,1,0,0.0
2026/05/03(日) 16:30 キックオフ,成蹊大学,88,辻　文大,2,FW,9,控え,0,0,0,0,0.0
2026/05/09(土) 10:00 キックオフ,防衛大学校（神奈川県）,1,市村　洋介,2,GK,90,先発,0,0,0,0,0.0
2026/05/09(土) 10:00 キックオフ,防衛大学校（神奈川県）,2,佐野　宏晃,3,DF,62,先発,0,0,0,0,0.0
2026/05/09(土) 10:00 キックオフ,防衛大学校（神奈川県）,5,渡邊　葵,4,FW,69,先発,0,0,0,0,0.0
2026/05/09(土) 10:00 キックオフ,防衛大学校（神奈川県）,6,塩野　桜太,3,MF,90,先発,0,0,0,0,0.0
2026/05/09(土) 10:00 キックオフ,防衛大学校（神奈川県）,8,永岡　陸大,3,MF,90,先発,0,0,0,0,0.0
2026/05/09(土) 10:00 キックオフ,防衛大学校（神奈川県）,9,堀田　理人,3,FW,90,先発,1,1,2,0,0.0
2026/05/09(土) 10:00 キックオフ,防衛大学校（神奈川県）,11,中山　皓太,3,DF,90,先発,0,0,0,0,0.0
2026/05/09(土) 10:00 キックオフ,防衛大学校（神奈川県）,14,磯部　光,2,DF,90,先発,0,0,0,0,0.0
2026/05/09(土) 10:00 キックオフ,防衛大学校（神奈川県）,17,小倉　聖生,3,MF,88,先発,0,0,0,0,0.0
2026/05/09(土) 10:00 キックオフ,防衛大学校（神奈川県）,26,森　優朔,2,MF,90,先発,0,0,0,0,0.0
2026/05/09(土) 10:00 キックオフ,防衛大学校（神奈川県）,29,大沼　佳樹,3,FW,90,先発,0,1,1,0,0.0
2026/05/09(土) 10:00 キックオフ,防衛大学校（神奈川県）,4,岸本　拓也,4,DF,0,控え,0,0,0,0,0.0
2026/05/09(土) 10:00 キックオフ,防衛大学校（神奈川県）,13,深川　蓮斗,3,DF,0,控え,0,0,0,0,0.0
2026/05/09(土) 10:00 キックオフ,防衛大学校（神奈川県）,22,岡本　翔琉,3,FW,0,控え,0,0,0,0,0.0
2026/05/09(土) 10:00 キックオフ,防衛大学校（神奈川県）,23,石川　太朗,2,FW,21,控え,0,0,0,0,0.0
2026/05/09(土) 10:00 キックオフ,防衛大学校（神奈川県）,24,坪井　晃希,2,MF,0,控え,0,0,0,0,0.0
2026/05/09(土) 10:00 キックオフ,防衛大学校（神奈川県）,25,外崎　和輝,3,DF,0,控え,0,0,0,0,0.0
2026/05/09(土) 10:00 キックオフ,防衛大学校（神奈川県）,28,浅利　光,4,FW,0,控え,0,0,0,0,0.0
2026/05/09(土) 10:00 キックオフ,防衛大学校（神奈川県）,31,藤原　樹,4,GK,28,控え,0,1,1,0,0.0
2026/05/09(土) 10:00 キックオフ,防衛大学校（神奈川県）,33,毛利　優夫,3,MF,2,控え,0,0,0,0,0.0
2026/05/09(土) 10:00 キックオフ,日本文化大學,1,山本　章介,2,GK,90,先発,0,0,0,0,0.0
2026/05/09(土) 10:00 キックオフ,日本文化大學,3,中野　万輝斗,2,DF,90,先発,1,0,1,0,0.0
2026/05/09(土) 10:00 キックオフ,日本文化大學,4,黒沢　耀,1,DF,90,先発,0,0,0,0,0.0
2026/05/09(土) 10:00 キックオフ,日本文化大學,5,日野原　十矢,1,DF,90,先発,0,0,0,0,0.0
2026/05/09(土) 10:00 キックオフ,日本文化大學,6,岸上　一吹,1,MF,90,先発,0,1,1,1,100.0
2026/05/09(土) 10:00 キックオフ,日本文化大學,7,村瀬　陸斗,1,MF,45,先発,1,0,1,0,0.0
2026/05/09(土) 10:00 キックオフ,日本文化大學,8,松野　竜成,3,FW,90,先発,1,1,2,0,0.0
2026/05/09(土) 10:00 キックオフ,日本文化大學,9,間野　翼,3,MF,69,先発,2,1,3,1,33.3
2026/05/09(土) 10:00 キックオフ,日本文化大學,11,井之﨑　隼也,2,FW,69,先発,1,0,1,0,0.0
2026/05/09(土) 10:00 キックオフ,日本文化大學,19,小西　聖七,2,DF,90,先発,3,1,4,1,25.0
2026/05/09(土) 10:00 キックオフ,日本文化大學,34,前野　正明,1,MF,76,先発,1,0,1,0,0.0
2026/05/09(土) 10:00 キックオフ,日本文化大學,13,宮里　飛雄馬,2,MF,14,控え,0,0,0,0,0.0
2026/05/09(土) 10:00 キックオフ,日本文化大學,14,笹岡　サスケ,2,FW,45,控え,0,0,0,0,0.0
2026/05/09(土) 10:00 キックオフ,日本文化大學,16,小泉　伶真,2,DF,0,控え,0,0,0,0,0.0
2026/05/09(土) 10:00 キックオフ,日本文化大學,17,有山　大翔,3,MF,0,控え,0,0,0,0,0.0
2026/05/09(土) 10:00 キックオフ,日本文化大學,24,伊皆　康輝,1,DF,21,控え,0,0,0,0,0.0
2026/05/09(土) 10:00 キックオフ,日本文化大學,28,江口　仁太,2,FW,0,控え,0,0,0,0,0.0
2026/05/09(土) 10:00 キックオフ,日本文化大學,29,伊藤　陽向,1,MF,0,控え,0,0,0,0,0.0
2026/05/09(土) 10:00 キックオフ,日本文化大學,31,鈴木　彪琉,1,GK,0,控え,0,0,0,0,0.0
2026/05/09(土) 10:00 キックオフ,日本文化大學,38,森　一馬,1,FW,21,控え,0,1,1,0,0.0
2026/05/10(日) 10:00 キックオフ,東京理科大学,1,山本　大介,3,GK,90,先発,0,0,0,0,0.0
2026/05/10(日) 10:00 キックオフ,東京理科大学,41,為我井　煌生,3,DF,90,先発,1,0,1,0,0.0
2026/05/10(日) 10:00 キックオフ,東京理科大学,54,神保　朋季,4,DF,90,先発,0,0,0,0,0.0
2026/05/10(日) 10:00 キックオフ,東京理科大学,66,守屋　大地,3,MF,90,先発,0,0,0,0,0.0
2026/05/10(日) 10:00 キックオフ,東京理科大学,16,吉岡　宏彬,3,MF,66,先発,0,0,0,0,0.0
2026/05/10(日) 10:00 キックオフ,東京理科大学,71,篠原　烈士,2,MF,90,先発,0,0,0,0,0.0
2026/05/10(日) 10:00 キックオフ,東京理科大学,51,長島　正悟,3,MF,80,先発,0,0,0,0,0.0
2026/05/10(日) 10:00 キックオフ,東京理科大学,10,原　虎太郎,4,MF,74,先発,1,1,2,0,0.0
2026/05/10(日) 10:00 キックオフ,東京理科大学,27,福原　圭汰,4,MF,61,先発,0,0,0,0,0.0
2026/05/10(日) 10:00 キックオフ,東京理科大学,8,白川　陽,4,MF,90,先発,1,0,1,0,0.0
2026/05/10(日) 10:00 キックオフ,東京理科大学,11,鈴木　冬聖,4,FW,90,先発,1,2,3,2,66.7
2026/05/10(日) 10:00 キックオフ,東京理科大学,28,鷹野　翼,2,GK,0,控え,0,0,0,0,0.0
2026/05/10(日) 10:00 キックオフ,東京理科大学,50,久保　拓都,2,DF,0,控え,0,0,0,0,0.0
2026/05/10(日) 10:00 キックオフ,東京理科大学,25,渡邊　孔大,4,MF,0,控え,0,0,0,0,0.0
2026/05/10(日) 10:00 キックオフ,東京理科大学,14,國武　慈温,4,MF,10,控え,0,0,0,0,0.0
2026/05/10(日) 10:00 キックオフ,東京理科大学,24,赤木　康太,4,MF,29,控え,0,0,0,0,0.0
2026/05/10(日) 10:00 キックオフ,東京理科大学,69,松永　陸杜,2,MF,0,控え,0,0,0,0,0.0
2026/05/10(日) 10:00 キックオフ,東京理科大学,52,早瀬　玲,2,FW,0,控え,0,0,0,0,0.0
2026/05/10(日) 10:00 キックオフ,東京理科大学,77,高島　大河,3,FW,24,控え,0,0,0,0,0.0
2026/05/10(日) 10:00 キックオフ,東京理科大学,9,内本　達三郎,4,FW,16,控え,0,0,0,0,0.0
2026/05/10(日) 10:00 キックオフ,東京都立大学,1,細貝 知希,4,GK,90,先発,0,0,0,0,0.0
2026/05/10(日) 10:00 キックオフ,東京都立大学,3,遠藤 優之亮,4,MF,90,先発,1,0,1,0,0.0
2026/05/10(日) 10:00 キックオフ,東京都立大学,4,福田 怜央,4,DF,90,先発,0,1,1,0,0.0
2026/05/10(日) 10:00 キックオフ,東京都立大学,47,渡辺 康太,2,DF,90,先発,0,0,0,0,0.0
2026/05/10(日) 10:00 キックオフ,東京都立大学,84,林 陸斗,2,DF,90,先発,0,1,1,0,0.0
2026/05/10(日) 10:00 キックオフ,東京都立大学,9,中崎 琉斗,3,MF,84,先発,1,1,2,0,0.0
2026/05/10(日) 10:00 キックオフ,東京都立大学,23,須藤 星空,2,MF,90,先発,0,0,0,0,0.0
2026/05/10(日) 10:00 キックオフ,東京都立大学,24,坂井 玲仁,2,MF,76,先発,0,0,0,0,0.0
2026/05/10(日) 10:00 キックオフ,東京都立大学,27,西田 有之介,2,MF,69,先発,0,0,0,0,0.0
2026/05/10(日) 10:00 キックオフ,東京都立大学,71,西川 大翔,3,MF,45,先発,0,0,0,0,0.0
2026/05/10(日) 10:00 キックオフ,東京都立大学,10,塩田 琢磨,4,FW,88,先発,1,1,2,1,50.0
2026/05/10(日) 10:00 キックオフ,東京都立大学,12,中田 幹登,3,GK,0,控え,0,0,0,0,0.0
2026/05/10(日) 10:00 キックオフ,東京都立大学,26,五島 凛也,2,DF,0,控え,0,0,0,0,0.0
2026/05/10(日) 10:00 キックオフ,東京都立大学,89,伊藤 優汰,4,DF,0,控え,0,0,0,0,0.0
2026/05/10(日) 10:00 キックオフ,東京都立大学,99,中田　涼介,2,DF,2,控え,0,0,0,0,0.0
2026/05/10(日) 10:00 キックオフ,東京都立大学,7,程塚 駿太,3,MF,45,控え,0,0,0,0,0.0
2026/05/10(日) 10:00 キックオフ,東京都立大学,11,杉崎 志信,3,MF,21,控え,0,0,0,0,0.0
2026/05/10(日) 10:00 キックオフ,東京都立大学,16,末次 憲太郎,3,MF,0,控え,0,0,0,0,0.0
2026/05/10(日) 10:00 キックオフ,東京都立大学,19,堤崎　陽琉,1,MF,14,控え,0,0,0,0,0.0
2026/05/10(日) 10:00 キックオフ,東京都立大学,41,宮嶋 優良,4,FW,6,控え,0,0,0,0,0.0
2026/05/10(日) 11:00 キックオフ,成蹊大学,1,島谷　侑征,4,GK,90,先発,0,0,0,0,0.0
2026/05/10(日) 11:00 キックオフ,成蹊大学,15,山路　周平,3,DF,58,先発,0,0,0,0,0.0
2026/05/10(日) 11:00 キックオフ,成蹊大学,3,岡嶋　大斗,3,DF,90,先発,0,0,0,0,0.0
2026/05/10(日) 11:00 キックオフ,成蹊大学,16,平工　雄大,3,DF,90,先発,1,0,1,0,0.0
2026/05/10(日) 11:00 キックオフ,成蹊大学,6,濱名　桜次郎,4,DF,90,先発,1,0,1,0,0.0
2026/05/10(日) 11:00 キックオフ,成蹊大学,26,西脇　雄太,3,MF,90,先発,0,0,0,0,0.0
2026/05/10(日) 11:00 キックオフ,成蹊大学,17,境田　海斗,4,MF,90,先発,0,0,0,0,0.0
2026/05/10(日) 11:00 キックオフ,成蹊大学,32,中村　翔和,2,MF,65,先発,0,0,0,0,0.0
2026/05/10(日) 11:00 キックオフ,成蹊大学,13,三城　慶人,3,FW,80,先発,0,3,3,1,33.3
2026/05/10(日) 11:00 キックオフ,成蹊大学,50,宇田川　航生,4,FW,65,先発,3,1,4,0,0.0
2026/05/10(日) 11:00 キックオフ,成蹊大学,10,横田　周,4,FW,45,先発,1,0,1,1,100.0
2026/05/10(日) 11:00 キックオフ,成蹊大学,21,柏﨑　海翔,3,GK,0,控え,0,0,0,0,0.0
2026/05/10(日) 11:00 キックオフ,成蹊大学,2,梶谷　一晴,4,DF,32,控え,0,0,0,0,0.0
2026/05/10(日) 11:00 キックオフ,成蹊大学,23,五十嵐　達也,3,DF,0,控え,0,0,0,0,0.0
2026/05/10(日) 11:00 キックオフ,成蹊大学,71,崎山　琉生,1,DF,0,控え,0,0,0,0,0.0
2026/05/10(日) 11:00 キックオフ,成蹊大学,8,岡崎　陽城,4,MF,25,控え,0,0,0,0,0.0
2026/05/10(日) 11:00 キックオフ,成蹊大学,24,奥村　拓未,2,MF,0,控え,0,0,0,0,0.0
2026/05/10(日) 11:00 キックオフ,成蹊大学,89,廣田　理一,2,MF,45,控え,0,1,1,0,0.0
2026/05/10(日) 11:00 キックオフ,成蹊大学,72,元島　隆之助,1,FW,10,控え,0,0,0,0,0.0
2026/05/10(日) 11:00 キックオフ,成蹊大学,88,辻　文大,2,FW,25,控え,0,0,0,0,0.0
2026/05/10(日) 11:00 キックオフ,創価大学,12,山口 颯太,2,GK,90,先発,0,0,0,0,0.0
2026/05/10(日) 11:00 キックオフ,創価大学,2,秋田　俊博,1,DF,90,先発,1,0,1,0,0.0
2026/05/10(日) 11:00 キックオフ,創価大学,5,矢田 英一,2,DF,90,先発,0,0,0,0,0.0
2026/05/10(日) 11:00 キックオフ,創価大学,7,滝澤 伸明,3,DF,90,先発,0,0,0,0,0.0
2026/05/10(日) 11:00 キックオフ,創価大学,32,東堂 秀明,4,DF,90,先発,0,0,0,0,0.0
2026/05/10(日) 11:00 キックオフ,創価大学,8,小倉 優輝,4,MF,90,先発,0,0,0,0,0.0
2026/05/10(日) 11:00 キックオフ,創価大学,22,森本 誉,2,MF,90,先発,1,0,1,0,0.0
2026/05/10(日) 11:00 キックオフ,創価大学,30,中澤 義彦,3,MF,90,先発,1,1,2,1,50.0
2026/05/10(日) 11:00 キックオフ,創価大学,55,吉川 駿,3,MF,90,先発,0,0,0,0,0.0
2026/05/10(日) 11:00 キックオフ,創価大学,3,岡田 達也,2,FW,67,先発,3,0,3,0,0.0
2026/05/10(日) 11:00 キックオフ,創価大学,20,石塚 涼,不明,FW,90,先発,1,1,2,0,0.0
2026/05/10(日) 11:00 キックオフ,創価大学,41,森田　翔大,1,GK,0,控え,0,0,0,0,0.0
2026/05/10(日) 11:00 キックオフ,創価大学,24,束原　健太,1,MF,0,控え,0,0,0,0,0.0
2026/05/10(日) 11:00 キックオフ,創価大学,6,大西　拓弥,1,DF,0,控え,0,0,0,0,0.0
2026/05/10(日) 11:00 キックオフ,創価大学,17,林田 勇誠,4,FW,0,控え,0,0,0,0,0.0
2026/05/10(日) 11:00 キックオフ,創価大学,15,石川 剣心,4,FW,0,控え,0,0,0,0,0.0
2026/05/10(日) 11:00 キックオフ,創価大学,88,吉田　英知,1,FW,23,控え,0,0,0,0,0.0
2026/05/10(日) 13:00 キックオフ,東京大学,2,柏村 直登,4,MF,90,先発,0,0,0,0,0.0
2026/05/10(日) 13:00 キックオフ,東京大学,4,池澤 健剛,3,DF,86,先発,0,0,0,0,0.0
2026/05/10(日) 13:00 キックオフ,東京大学,7,河野 慈央,4,MF,90,先発,0,0,0,0,0.0
2026/05/10(日) 13:00 キックオフ,東京大学,8,花岡 大楽,3,MF,90,先発,1,0,1,1,100.0
2026/05/10(日) 13:00 キックオフ,東京大学,10,河島 誠二郎,4,MF,81,先発,1,2,3,0,0.0
2026/05/10(日) 13:00 キックオフ,東京大学,11,長谷川 泰斗,2,FW,90,先発,0,1,1,1,100.0
2026/05/10(日) 13:00 キックオフ,東京大学,13,丸山　凱智,3,GK,90,先発,0,0,0,0,0.0
2026/05/10(日) 13:00 キックオフ,東京大学,14,高木 勇仁,4,MF,90,先発,1,0,1,1,100.0
2026/05/10(日) 13:00 キックオフ,東京大学,16,馬渕 太我,2,MF,45,先発,0,0,0,0,0.0
2026/05/10(日) 13:00 キックオフ,東京大学,17,岡田 詠,3,MF,90,先発,0,0,0,0,0.0
2026/05/10(日) 13:00 キックオフ,東京大学,19,大谷 遼一,4,FW,69,先発,0,0,0,0,0.0
2026/05/10(日) 13:00 キックオフ,東京大学,1,里見 悠成,4,GK,0,控え,0,0,0,0,0.0
2026/05/10(日) 13:00 キックオフ,東京大学,3,山中 歩太,2,DF,4,控え,0,0,0,0,0.0
2026/05/10(日) 13:00 キックオフ,東京大学,6,長田 夕輝,4,MF,0,控え,0,0,0,0,0.0
2026/05/10(日) 13:00 キックオフ,東京大学,9,大西 達也,4,FW,0,控え,0,0,0,0,0.0
2026/05/10(日) 13:00 キックオフ,東京大学,15,鈴木 武尊,2,MF,45,控え,0,0,0,0,0.0
2026/05/10(日) 13:00 キックオフ,東京大学,22,小林 勇太,2,FW,9,控え,0,0,0,0,0.0
2026/05/10(日) 13:00 キックオフ,東京大学,26,田島 誠志郎,3,FW,0,控え,0,0,0,0,0.0
2026/05/10(日) 13:00 キックオフ,東京大学,33,松尾 仁之介,4,DF,0,控え,0,0,0,0,0.0
2026/05/10(日) 13:00 キックオフ,東京大学,40,山口 源登,4,MF,21,控え,0,0,0,0,0.0
2026/05/10(日) 13:00 キックオフ,一橋大学,2,河田　一心,3,MF,90,先発,0,0,0,0,0.0
2026/05/10(日) 13:00 キックオフ,一橋大学,4,相内　馨太,3,DF,90,先発,0,0,0,0,0.0
2026/05/10(日) 13:00 キックオフ,一橋大学,8,佐野　翔優,2,MF,75,先発,1,1,2,0,0.0
2026/05/10(日) 13:00 キックオフ,一橋大学,9,藤野　太郎,3,FW,86,先発,0,0,0,0,0.0
2026/05/10(日) 13:00 キックオフ,一橋大学,10,上尾　陸,4,MF,90,先発,0,1,1,0,0.0
2026/05/10(日) 13:00 キックオフ,一橋大学,11,藤原　凌,4,FW,90,先発,0,1,1,0,0.0
2026/05/10(日) 13:00 キックオフ,一橋大学,13,深田　勇輝,4,DF,61,先発,0,0,0,0,0.0
2026/05/10(日) 13:00 キックオフ,一橋大学,16,石塚　巧人,2,MF,90,先発,0,0,0,0,0.0
2026/05/10(日) 13:00 キックオフ,一橋大学,22,鈴木　泰人,3,DF,84,先発,0,0,0,0,0.0
2026/05/10(日) 13:00 キックオフ,一橋大学,24,深田　篤史,4,DF,90,先発,0,0,0,0,0.0
2026/05/10(日) 13:00 キックオフ,一橋大学,41,兼松　大志,2,GK,90,先発,0,0,0,0,0.0
2026/05/10(日) 13:00 キックオフ,一橋大学,5,若林　慧,4,DF,6,控え,0,0,0,0,0.0
2026/05/10(日) 13:00 キックオフ,一橋大学,7,森田　敢三,4,MF,0,控え,0,0,0,0,0.0
2026/05/10(日) 13:00 キックオフ,一橋大学,18,丸茂　琥哲,4,FW,4,控え,0,0,0,0,0.0
2026/05/10(日) 13:00 キックオフ,一橋大学,19,石川　透羽,3,MF,15,控え,0,0,0,0,0.0
2026/05/10(日) 13:00 キックオフ,一橋大学,20,菱伊　康太,4,MF,0,控え,0,0,0,0,0.0
2026/05/10(日) 13:00 キックオフ,一橋大学,21,藤原　拓海,4,GK,0,控え,0,0,0,0,0.0
2026/05/10(日) 13:00 キックオフ,一橋大学,34,鈴木　智大,2,DF,0,控え,0,0,0,0,0.0
2026/05/10(日) 13:00 キックオフ,一橋大学,15,髙木　秀輔,4,MF,29,控え,0,0,0,0,0.0
2026/05/10(日) 13:00 キックオフ,一橋大学,23,中本　善也,4,MF,0,控え,0,0,0,0,0.0
2026/05/10(日) 16:30 キックオフ,成城大学,17,髙田　陽,3,GK,90,先発,0,0,0,0,0.0
2026/05/10(日) 16:30 キックオフ,成城大学,18,田中　暁也,2,DF,90,先発,0,0,0,0,0.0
2026/05/10(日) 16:30 キックオフ,成城大学,4,川上　拓真,4,DF,90,先発,0,0,0,0,0.0
2026/05/10(日) 16:30 キックオフ,成城大学,3,稲葉　晴斗,3,DF,90,先発,0,0,0,0,0.0
2026/05/10(日) 16:30 キックオフ,成城大学,36,澤畠　大和,4,DF,69,先発,0,0,0,0,0.0
2026/05/10(日) 16:30 キックオフ,成城大学,47,近藤　祐成,1,MF,80,先発,1,0,1,0,0.0
2026/05/10(日) 16:30 キックオフ,成城大学,14,成田　悠陽,3,MF,69,先発,0,0,0,0,0.0
2026/05/10(日) 16:30 キックオフ,成城大学,2,平井　涼真,3,MF,90,先発,1,2,3,0,0.0
2026/05/10(日) 16:30 キックオフ,成城大学,5,冨岡　佑太,4,MF,60,先発,0,0,0,0,0.0
2026/05/10(日) 16:30 キックオフ,成城大学,8,池田　峻大,4,FW,60,先発,1,0,1,0,0.0
2026/05/10(日) 16:30 キックオフ,成城大学,10,田中　準人,3,FW,90,先発,4,2,6,2,33.3
2026/05/10(日) 16:30 キックオフ,成城大学,51,下山　玲依,2,GK,0,控え,0,0,0,0,0.0
2026/05/10(日) 16:30 キックオフ,成城大学,89,木原　世睦,1,DF,0,控え,0,0,0,0,0.0
2026/05/10(日) 16:30 キックオフ,成城大学,32,古谷　瞬,3,MF,30,控え,0,1,1,0,0.0
2026/05/10(日) 16:30 キックオフ,成城大学,73,石原　幹太良,2,MF,10,控え,0,0,0,0,0.0
2026/05/10(日) 16:30 キックオフ,成城大学,6,大田　凌生,4,MF,21,控え,0,0,0,0,0.0
2026/05/10(日) 16:30 キックオフ,成城大学,82,鈴木　蓮,2,MF,0,控え,0,0,0,0,0.0
2026/05/10(日) 16:30 キックオフ,成城大学,9,鈴木　荘大,4,FW,30,控え,0,1,1,0,0.0
2026/05/10(日) 16:30 キックオフ,成城大学,15,大川　知希,3,FW,21,控え,0,1,1,0,0.0
2026/05/10(日) 16:30 キックオフ,成城大学,40,河本　公太,3,FW,0,控え,0,0,0,0,0.0
2026/05/10(日) 16:30 キックオフ,芝浦工業大学,1,八木原　嘉泉,3,GK,90,先発,0,0,0,0,0.0
2026/05/10(日) 16:30 キックオフ,芝浦工業大学,2,大塚　郷平,2,DF,90,先発,1,1,2,1,50.0
2026/05/10(日) 16:30 キックオフ,芝浦工業大学,5,鑓水　新葉,4,DF,90,先発,1,0,1,0,0.0
2026/05/10(日) 16:30 キックオフ,芝浦工業大学,17,多胡　侑晟,4,DF,90,先発,0,0,0,0,0.0
2026/05/10(日) 16:30 キックオフ,芝浦工業大学,3,森本　紘大,4,MF,90,先発,0,0,0,0,0.0
2026/05/10(日) 16:30 キックオフ,芝浦工業大学,43,近藤　遥音,2,MF,90,先発,1,0,1,1,100.0
2026/05/10(日) 16:30 キックオフ,芝浦工業大学,8,渡邉　悠斗,4,MF,90,先発,1,1,2,1,50.0
2026/05/10(日) 16:30 キックオフ,芝浦工業大学,9,水飼　隼成,4,MF,82,先発,2,0,2,0,0.0
2026/05/10(日) 16:30 キックオフ,芝浦工業大学,10,荒井　大和,4,MF,90,先発,1,0,1,0,0.0
2026/05/10(日) 16:30 キックオフ,芝浦工業大学,30,鈴木　峻平,2,MF,90,先発,0,0,0,0,0.0
2026/05/10(日) 16:30 キックオフ,芝浦工業大学,7,オルギン　カズオ,4,FW,61,先発,0,0,0,0,0.0
2026/05/10(日) 16:30 キックオフ,芝浦工業大学,41,田中　志羽,2,GK,0,控え,0,0,0,0,0.0
2026/05/10(日) 16:30 キックオフ,芝浦工業大学,4,吉田　來夢,2,DF,0,控え,0,0,0,0,0.0
2026/05/10(日) 16:30 キックオフ,芝浦工業大学,51,釘井　俊一郎,2,DF,0,控え,0,0,0,0,0.0
2026/05/10(日) 16:30 キックオフ,芝浦工業大学,39,疋田　康成,2,MF,0,控え,0,0,0,0,0.0
2026/05/10(日) 16:30 キックオフ,芝浦工業大学,11,三田村　龍,4,MF,0,控え,0,0,0,0,0.0
2026/05/10(日) 16:30 キックオフ,芝浦工業大学,37,桐山　将成,3,MF,0,控え,0,0,0,0,0.0
2026/05/10(日) 16:30 キックオフ,芝浦工業大学,6,杉本　健真,4,MF,29,控え,0,1,1,0,0.0
2026/05/10(日) 16:30 キックオフ,芝浦工業大学,20,野村　晋平,3,FW,8,控え,0,1,1,0,0.0
2026/05/10(日) 16:30 キックオフ,芝浦工業大学,33,羽生田　拓郁,2,FW,0,控え,0,0,0,0,0.0
2026/05/16(土) 10:00 キックオフ,日本文化大學,1,山本　章介,2,GK,90,先発,0,0,0,0,0.0
2026/05/16(土) 10:00 キックオフ,日本文化大學,3,中野　万輝斗,2,DF,90,先発,0,0,0,0,0.0
2026/05/16(土) 10:00 キックオフ,日本文化大學,4,黒沢　耀,1,DF,90,先発,0,0,0,0,0.0
2026/05/16(土) 10:00 キックオフ,日本文化大學,5,日野原　十矢,1,DF,79,先発,0,0,0,0,0.0
2026/05/16(土) 10:00 キックオフ,日本文化大學,7,村瀬　陸斗,1,MF,90,先発,0,0,0,0,0.0
2026/05/16(土) 10:00 キックオフ,日本文化大學,8,松野　竜成,3,FW,90,先発,1,0,1,1,100.0
2026/05/16(土) 10:00 キックオフ,日本文化大學,9,間野　翼,3,MF,62,先発,5,2,7,2,28.6
2026/05/16(土) 10:00 キックオフ,日本文化大學,11,井之﨑　隼也,2,FW,90,先発,2,2,4,2,50.0
2026/05/16(土) 10:00 キックオフ,日本文化大學,19,小西　聖七,2,DF,62,先発,1,0,1,0,0.0
2026/05/16(土) 10:00 キックオフ,日本文化大學,34,前野　正明,1,MF,45,先発,2,0,2,0,0.0
2026/05/16(土) 10:00 キックオフ,日本文化大學,6,岸上　一吹,1,MF,45,先発,1,0,1,0,0.0
2026/05/16(土) 10:00 キックオフ,日本文化大學,12,持永　莉玖,2,DF,28,控え,0,3,3,0,0.0
2026/05/16(土) 10:00 キックオフ,日本文化大學,13,宮里　飛雄馬,2,MF,45,控え,0,0,0,0,0.0
2026/05/16(土) 10:00 キックオフ,日本文化大學,14,笹岡　サスケ,2,FW,0,控え,0,0,0,0,0.0
2026/05/16(土) 10:00 キックオフ,日本文化大學,16,小泉　伶真,2,DF,11,控え,0,0,0,0,0.0
2026/05/16(土) 10:00 キックオフ,日本文化大學,17,有山　大翔,3,MF,0,控え,0,0,0,0,0.0
2026/05/16(土) 10:00 キックオフ,日本文化大學,24,伊皆　康輝,1,DF,28,控え,0,0,0,0,0.0
2026/05/16(土) 10:00 キックオフ,日本文化大學,29,伊藤　陽向,1,MF,45,控え,0,0,0,0,0.0
2026/05/16(土) 10:00 キックオフ,日本文化大學,38,森　一馬,1,FW,0,控え,0,0,0,0,0.0
2026/05/16(土) 10:00 キックオフ,日本文化大學,31,鈴木　彪琉,1,GK,0,控え,0,0,0,0,0.0
2026/05/16(土) 10:00 キックオフ,東京都立大学,1,細貝 知希,4,GK,90,先発,0,0,0,0,0.0
2026/05/16(土) 10:00 キックオフ,東京都立大学,3,遠藤 優之亮,4,MF,45,先発,0,0,0,0,0.0
2026/05/16(土) 10:00 キックオフ,東京都立大学,4,福田 怜央,4,DF,90,先発,0,0,0,0,0.0
2026/05/16(土) 10:00 キックオフ,東京都立大学,7,程塚 駿太,3,MF,90,先発,0,0,0,0,0.0
2026/05/16(土) 10:00 キックオフ,東京都立大学,9,中崎 琉斗,3,MF,90,先発,1,1,2,0,0.0
2026/05/16(土) 10:00 キックオフ,東京都立大学,10,塩田 琢磨,4,FW,77,先発,1,0,1,0,0.0
2026/05/16(土) 10:00 キックオフ,東京都立大学,11,杉崎 志信,3,MF,45,先発,0,0,0,0,0.0
2026/05/16(土) 10:00 キックオフ,東京都立大学,23,須藤 星空,2,MF,87,先発,0,1,1,0,0.0
2026/05/16(土) 10:00 キックオフ,東京都立大学,47,渡辺 康太,2,DF,90,先発,2,1,3,1,33.3
2026/05/16(土) 10:00 キックオフ,東京都立大学,71,西川 大翔,3,MF,61,先発,0,0,0,0,0.0
2026/05/16(土) 10:00 キックオフ,東京都立大学,84,林 陸斗,2,DF,90,先発,0,1,1,1,100.0
2026/05/16(土) 10:00 キックオフ,東京都立大学,2,竹谷　晄希,1,DF,45,控え,0,0,0,0,0.0
2026/05/16(土) 10:00 キックオフ,東京都立大学,12,中田 幹登,3,GK,0,控え,0,0,0,0,0.0
2026/05/16(土) 10:00 キックオフ,東京都立大学,19,堤崎　陽琉,1,MF,29,控え,0,1,1,0,0.0
2026/05/16(土) 10:00 キックオフ,東京都立大学,24,坂井 玲仁,2,MF,13,控え,0,0,0,0,0.0
2026/05/16(土) 10:00 キックオフ,東京都立大学,26,五島 凛也,2,DF,0,控え,0,0,0,0,0.0
2026/05/16(土) 10:00 キックオフ,東京都立大学,27,西田 有之介,2,MF,45,控え,0,0,0,0,0.0
2026/05/16(土) 10:00 キックオフ,東京都立大学,41,宮嶋 優良,4,FW,3,控え,0,0,0,0,0.0
2026/05/16(土) 10:00 キックオフ,東京都立大学,89,伊藤 優汰,4,DF,0,控え,0,0,0,0,0.0
2026/05/16(土) 10:00 キックオフ,東京都立大学,99,中田　涼介,2,DF,0,控え,0,0,0,0,0.0
2026/05/17(日) 10:00 キックオフ,成城大学,17,髙田　陽,3,GK,90,先発,0,0,0,0,0.0
2026/05/17(日) 10:00 キックオフ,成城大学,18,田中　暁也,2,DF,90,先発,0,0,0,0,0.0
2026/05/17(日) 10:00 キックオフ,成城大学,2,平井　涼真,3,DF,90,先発,0,0,0,0,0.0
2026/05/17(日) 10:00 キックオフ,成城大学,3,稲葉　晴斗,3,DF,90,先発,0,0,0,0,0.0
2026/05/17(日) 10:00 キックオフ,成城大学,4,川上　拓真,4,DF,90,先発,0,1,1,0,0.0
2026/05/17(日) 10:00 キックオフ,成城大学,47,近藤　祐成,1,MF,90,先発,0,1,1,0,0.0
2026/05/17(日) 10:00 キックオフ,成城大学,14,成田　悠陽,3,MF,79,先発,0,0,0,0,0.0
2026/05/17(日) 10:00 キックオフ,成城大学,32,古谷　瞬,3,MF,45,先発,0,0,0,0,0.0
2026/05/17(日) 10:00 キックオフ,成城大学,82,鈴木　蓮,2,MF,45,先発,0,0,0,0,0.0
2026/05/17(日) 10:00 キックオフ,成城大学,8,池田　峻大,4,FW,66,先発,2,0,2,0,0.0
2026/05/17(日) 10:00 キックオフ,成城大学,10,田中　準人,3,FW,66,先発,1,0,1,0,0.0
2026/05/17(日) 10:00 キックオフ,成城大学,51,下山　玲依,2,GK,0,控え,0,0,0,0,0.0
2026/05/17(日) 10:00 キックオフ,成城大学,35,古口　時,2,DF,0,控え,0,0,0,0,0.0
2026/05/17(日) 10:00 キックオフ,成城大学,89,木原　世睦,1,DF,0,控え,0,0,0,0,0.0
2026/05/17(日) 10:00 キックオフ,成城大学,73,石原　幹太良,2,MF,0,控え,0,0,0,0,0.0
2026/05/17(日) 10:00 キックオフ,成城大学,6,大田　凌生,4,MF,45,控え,0,1,1,0,0.0
2026/05/17(日) 10:00 キックオフ,成城大学,11,谷口　直紀,4,MF,24,控え,0,1,1,0,0.0
2026/05/17(日) 10:00 キックオフ,成城大学,9,鈴木　荘大,4,FW,45,控え,0,1,1,1,100.0
2026/05/17(日) 10:00 キックオフ,成城大学,15,大川　知希,3,FW,11,控え,0,1,1,0,0.0
2026/05/17(日) 10:00 キックオフ,成城大学,40,河本　公太,3,FW,24,控え,0,0,0,0,0.0
2026/05/17(日) 10:00 キックオフ,成蹊大学,1,島谷　侑征,4,GK,90,先発,0,0,0,0,0.0
2026/05/17(日) 10:00 キックオフ,成蹊大学,2,梶谷　一晴,4,DF,90,先発,0,1,1,0,0.0
2026/05/17(日) 10:00 キックオフ,成蹊大学,23,五十嵐　達也,3,DF,90,先発,0,0,0,0,0.0
2026/05/17(日) 10:00 キックオフ,成蹊大学,16,平工　雄大,3,DF,90,先発,0,1,1,1,100.0
2026/05/17(日) 10:00 キックオフ,成蹊大学,14,鈴木　龍太朗,4,DF,71,先発,0,0,0,0,0.0
2026/05/17(日) 10:00 キックオフ,成蹊大学,26,西脇　雄太,3,MF,66,先発,0,0,0,0,0.0
2026/05/17(日) 10:00 キックオフ,成蹊大学,17,境田　海斗,4,MF,90,先発,0,1,1,0,0.0
2026/05/17(日) 10:00 キックオフ,成蹊大学,13,三城　慶人,3,MF,61,先発,2,1,3,1,33.3
2026/05/17(日) 10:00 キックオフ,成蹊大学,6,濱名　桜次郎,4,FW,90,先発,0,0,0,0,0.0
2026/05/17(日) 10:00 キックオフ,成蹊大学,50,宇田川　航生,4,FW,87,先発,4,1,5,0,0.0
2026/05/17(日) 10:00 キックオフ,成蹊大学,72,元島　隆之助,1,FW,52,先発,2,0,2,0,0.0
2026/05/17(日) 10:00 キックオフ,成蹊大学,64,汐﨑　弘心,3,GK,0,控え,0,0,0,0,0.0
2026/05/17(日) 10:00 キックオフ,成蹊大学,25,川端　唯斗,2,DF,0,控え,0,0,0,0,0.0
2026/05/17(日) 10:00 キックオフ,成蹊大学,69,安達　頑生,1,DF,19,控え,0,0,0,0,0.0
2026/05/17(日) 10:00 キックオフ,成蹊大学,71,崎山　琉生,1,DF,0,控え,0,0,0,0,0.0
2026/05/17(日) 10:00 キックオフ,成蹊大学,97,山﨑　大馳,2,DF,0,控え,0,0,0,0,0.0
2026/05/17(日) 10:00 キックオフ,成蹊大学,8,岡崎　陽城,4,MF,24,控え,0,1,1,0,0.0
2026/05/17(日) 10:00 キックオフ,成蹊大学,32,中村　翔和,2,MF,38,控え,0,1,1,1,100.0
2026/05/17(日) 10:00 キックオフ,成蹊大学,9,上野　朔汰,3,FW,29,控え,0,0,0,0,0.0
2026/05/17(日) 10:00 キックオフ,成蹊大学,88,辻　文大,2,FW,3,控え,0,0,0,0,0.0
2026/05/17(日) 14:30 キックオフ,一橋大学,2,河田　一心,3,MF,90,先発,0,0,0,0,0.0
2026/05/17(日) 14:30 キックオフ,一橋大学,4,相内　馨太,3,DF,90,先発,0,0,0,0,0.0
2026/05/17(日) 14:30 キックオフ,一橋大学,7,森田　敢三,4,MF,62,先発,1,1,2,0,0.0
2026/05/17(日) 14:30 キックオフ,一橋大学,8,佐野　翔優,2,MF,72,先発,3,1,4,1,25.0
2026/05/17(日) 14:30 キックオフ,一橋大学,9,藤野　太郎,3,FW,90,先発,4,0,4,0,0.0
2026/05/17(日) 14:30 キックオフ,一橋大学,10,上尾　陸,4,MF,90,先発,2,1,3,0,0.0
2026/05/17(日) 14:30 キックオフ,一橋大学,11,藤原　凌,4,FW,90,先発,0,0,0,0,0.0
2026/05/17(日) 14:30 キックオフ,一橋大学,13,深田　勇輝,4,DF,90,先発,0,0,0,0,0.0
2026/05/17(日) 14:30 キックオフ,一橋大学,16,石塚　巧人,2,MF,90,先発,1,0,1,0,0.0
2026/05/17(日) 14:30 キックオフ,一橋大学,21,藤原　拓海,4,GK,90,先発,0,0,0,0,0.0
2026/05/17(日) 14:30 キックオフ,一橋大学,24,深田　篤史,4,DF,78,先発,2,0,2,1,50.0
2026/05/17(日) 14:30 キックオフ,一橋大学,5,若林　慧,4,DF,18,控え,0,0,0,0,0.0
2026/05/17(日) 14:30 キックオフ,一橋大学,15,髙木　秀輔,4,MF,0,控え,0,0,0,0,0.0
2026/05/17(日) 14:30 キックオフ,一橋大学,18,丸茂　琥哲,4,FW,0,控え,0,0,0,0,0.0
2026/05/17(日) 14:30 キックオフ,一橋大学,19,石川　透羽,3,MF,28,控え,0,1,1,0,0.0
2026/05/17(日) 14:30 キックオフ,一橋大学,22,鈴木　泰人,3,DF,12,控え,0,0,0,0,0.0
2026/05/17(日) 14:30 キックオフ,一橋大学,23,中本　善也,4,MF,0,控え,0,0,0,0,0.0
2026/05/17(日) 14:30 キックオフ,一橋大学,25,村井　駿太,2,DF,0,控え,0,0,0,0,0.0
2026/05/17(日) 14:30 キックオフ,一橋大学,32,塩原　仁志,4,MF,0,控え,0,0,0,0,0.0
2026/05/17(日) 14:30 キックオフ,一橋大学,41,兼松　大志,2,GK,0,控え,0,0,0,0,0.0
2026/05/17(日) 14:30 キックオフ,防衛大学校（神奈川県）,1,市村　洋介,2,GK,90,先発,0,0,0,0,0.0
2026/05/17(日) 14:30 キックオフ,防衛大学校（神奈川県）,2,佐野　宏晃,3,DF,81,先発,0,1,1,0,0.0
2026/05/17(日) 14:30 キックオフ,防衛大学校（神奈川県）,5,渡邊　葵,4,FW,66,先発,0,0,0,0,0.0
2026/05/17(日) 14:30 キックオフ,防衛大学校（神奈川県）,6,塩野　桜太,3,MF,90,先発,0,0,0,0,0.0
2026/05/17(日) 14:30 キックオフ,防衛大学校（神奈川県）,8,永岡　陸大,3,MF,90,先発,1,0,1,0,0.0
2026/05/17(日) 14:30 キックオフ,防衛大学校（神奈川県）,9,堀田　理人,3,FW,90,先発,1,4,5,3,60.0
2026/05/17(日) 14:30 キックオフ,防衛大学校（神奈川県）,11,中山　皓太,3,DF,90,先発,0,0,0,0,0.0
2026/05/17(日) 14:30 キックオフ,防衛大学校（神奈川県）,14,磯部　光,2,DF,90,先発,0,0,0,0,0.0
2026/05/17(日) 14:30 キックオフ,防衛大学校（神奈川県）,17,小倉　聖生,3,MF,76,先発,0,0,0,0,0.0
2026/05/17(日) 14:30 キックオフ,防衛大学校（神奈川県）,26,森　優朔,2,MF,90,先発,0,0,0,0,0.0
2026/05/17(日) 14:30 キックオフ,防衛大学校（神奈川県）,29,大沼　佳樹,3,FW,90,先発,1,0,1,0,0.0
2026/05/17(日) 14:30 キックオフ,防衛大学校（神奈川県）,4,岸本　拓也,4,DF,0,控え,0,0,0,0,0.0
2026/05/17(日) 14:30 キックオフ,防衛大学校（神奈川県）,13,深川　蓮斗,3,DF,0,控え,0,0,0,0,0.0
2026/05/17(日) 14:30 キックオフ,防衛大学校（神奈川県）,16,佐藤　晴虎,4,MF,0,控え,0,0,0,0,0.0
2026/05/17(日) 14:30 キックオフ,防衛大学校（神奈川県）,19,高宮　基椰,3,MF,14,控え,0,0,0,0,0.0
2026/05/17(日) 14:30 キックオフ,防衛大学校（神奈川県）,22,岡本　翔琉,3,FW,0,控え,0,0,0,0,0.0
2026/05/17(日) 14:30 キックオフ,防衛大学校（神奈川県）,23,石川　太朗,2,FW,24,控え,0,0,0,0,0.0
2026/05/17(日) 14:30 キックオフ,防衛大学校（神奈川県）,24,坪井　晃希,2,MF,0,控え,0,0,0,0,0.0
2026/05/17(日) 14:30 キックオフ,防衛大学校（神奈川県）,25,外崎　和輝,3,DF,0,控え,0,0,0,0,0.0
2026/05/17(日) 14:30 キックオフ,防衛大学校（神奈川県）,33,毛利　優夫,3,MF,9,控え,0,0,0,0,0.0
2026/05/17(日) 15:30 キックオフ,創価大学,12,山口 颯太,2,GK,90,先発,0,0,0,0,0.0
2026/05/17(日) 15:30 キックオフ,創価大学,2,秋田　俊博,1,DF,90,先発,0,0,0,0,0.0
2026/05/17(日) 15:30 キックオフ,創価大学,5,矢田 英一,2,DF,90,先発,0,0,0,0,0.0
2026/05/17(日) 15:30 キックオフ,創価大学,7,滝澤 伸明,3,DF,90,先発,0,0,0,0,0.0
2026/05/17(日) 15:30 キックオフ,創価大学,24,束原　健太,1,MF,90,先発,0,0,0,0,0.0
2026/05/17(日) 15:30 キックオフ,創価大学,8,小倉 優輝,4,MF,90,先発,0,0,0,0,0.0
2026/05/17(日) 15:30 キックオフ,創価大学,11,茂俣　勇気,2,MF,85,先発,0,0,0,0,0.0
2026/05/17(日) 15:30 キックオフ,創価大学,30,中澤 義彦,3,FW,90,先発,2,2,4,0,0.0
2026/05/17(日) 15:30 キックオフ,創価大学,55,吉川 駿,3,MF,90,先発,0,0,0,0,0.0
2026/05/17(日) 15:30 キックオフ,創価大学,3,岡田 達也,2,FW,45,先発,1,0,1,0,0.0
2026/05/17(日) 15:30 キックオフ,創価大学,20,石塚 涼,不明,FW,90,先発,1,1,2,0,0.0
2026/05/17(日) 15:30 キックオフ,創価大学,21,甫坂 秀明,4,GK,0,控え,0,0,0,0,0.0
2026/05/17(日) 15:30 キックオフ,創価大学,15,石川 剣心,4,FW,0,控え,0,0,0,0,0.0
2026/05/17(日) 15:30 キックオフ,創価大学,17,林田 勇誠,4,FW,45,控え,0,0,0,0,0.0
2026/05/17(日) 15:30 キックオフ,創価大学,22,森本 誉,2,MF,0,控え,0,0,0,0,0.0
2026/05/17(日) 15:30 キックオフ,創価大学,88,吉田　英知,1,FW,5,控え,0,0,0,0,0.0
2026/05/17(日) 15:30 キックオフ,創価大学,6,大西　拓弥,1,DF,0,控え,0,0,0,0,0.0
2026/05/17(日) 15:30 キックオフ,東京大学,13,丸山　凱智,3,GK,90,先発,0,0,0,0,0.0
2026/05/17(日) 15:30 キックオフ,東京大学,4,池澤 健剛,3,DF,90,先発,0,0,0,0,0.0
2026/05/17(日) 15:30 キックオフ,東京大学,2,柏村 直登,4,MF,90,先発,0,0,0,0,0.0
2026/05/17(日) 15:30 キックオフ,東京大学,6,長田 夕輝,4,MF,72,先発,0,0,0,0,0.0
2026/05/17(日) 15:30 キックオフ,東京大学,8,花岡 大楽,3,MF,90,先発,0,1,1,1,100.0
2026/05/17(日) 15:30 キックオフ,東京大学,10,河島 誠二郎,4,MF,90,先発,1,0,1,1,100.0
2026/05/17(日) 15:30 キックオフ,東京大学,14,高木 勇仁,4,MF,83,先発,0,1,1,0,0.0
2026/05/17(日) 15:30 キックオフ,東京大学,15,鈴木 武尊,2,MF,91,先発,1,0,1,0,0.0
2026/05/17(日) 15:30 キックオフ,東京大学,17,岡田 詠,3,MF,90,先発,0,0,0,0,0.0
2026/05/17(日) 15:30 キックオフ,東京大学,11,長谷川 泰斗,2,FW,72,先発,2,1,3,0,0.0
2026/05/17(日) 15:30 キックオフ,東京大学,26,田島 誠志郎,3,FW,57,先発,0,0,0,0,0.0
2026/05/17(日) 15:30 キックオフ,東京大学,1,里見 悠成,4,GK,0,控え,0,0,0,0,0.0
2026/05/17(日) 15:30 キックオフ,東京大学,28,安藤 颯馬,3,DF,0,控え,0,0,0,0,0.0
2026/05/17(日) 15:30 キックオフ,東京大学,33,松尾 仁之介,4,DF,7,控え,0,0,0,0,0.0
2026/05/17(日) 15:30 キックオフ,東京大学,16,馬渕 太我,2,MF,0,控え,0,0,0,0,0.0
2026/05/17(日) 15:30 キックオフ,東京大学,40,山口 源登,4,MF,0,控え,0,0,0,0,0.0
2026/05/17(日) 15:30 キックオフ,東京大学,9,大西 達也,4,FW,18,控え,0,2,2,1,50.0
2026/05/17(日) 15:30 キックオフ,東京大学,18,遠藤 雅仁,3,FW,18,控え,0,0,0,0,0.0
2026/05/17(日) 15:30 キックオフ,東京大学,19,大谷 遼一,4,FW,33,控え,0,0,0,0,0.0
2026/05/17(日) 15:30 キックオフ,東京大学,22,小林 勇太,2,FW,0,控え,0,0,0,0,0.0
2026/05/17(日) 16:00 キックオフ,芝浦工業大学,1,八木原　嘉泉,3,GK,90,先発,0,0,0,0,0.0
2026/05/17(日) 16:00 キックオフ,芝浦工業大学,2,大塚　郷平,2,DF,90,先発,0,0,0,0,0.0
2026/05/17(日) 16:00 キックオフ,芝浦工業大学,5,鑓水　新葉,4,DF,52,先発,0,0,0,0,0.0
2026/05/17(日) 16:00 キックオフ,芝浦工業大学,21,小池　誠一朗,1,MF,90,先発,1,0,1,1,100.0
2026/05/17(日) 16:00 キックオフ,芝浦工業大学,3,森本　紘大,4,MF,90,先発,0,0,0,0,0.0
2026/05/17(日) 16:00 キックオフ,芝浦工業大学,43,近藤　遥音,2,MF,89,先発,1,1,2,0,0.0
2026/05/17(日) 16:00 キックオフ,芝浦工業大学,8,渡邉　悠斗,4,MF,81,先発,1,0,1,0,0.0
2026/05/17(日) 16:00 キックオフ,芝浦工業大学,9,水飼　隼成,4,MF,80,先発,1,0,1,0,0.0
2026/05/17(日) 16:00 キックオフ,芝浦工業大学,10,荒井　大和,4,MF,90,先発,0,2,2,0,0.0
2026/05/17(日) 16:00 キックオフ,芝浦工業大学,30,鈴木　峻平,2,MF,90,先発,0,1,1,0,0.0
2026/05/17(日) 16:00 キックオフ,芝浦工業大学,7,オルギン　カズオ,4,FW,58,先発,0,1,1,0,0.0
2026/05/17(日) 16:00 キックオフ,芝浦工業大学,12,金子　武蔵,1,GK,0,控え,0,0,0,0,0.0
2026/05/17(日) 16:00 キックオフ,芝浦工業大学,4,吉田　來夢,2,DF,0,控え,0,0,0,0,0.0
2026/05/17(日) 16:00 キックオフ,芝浦工業大学,51,釘井　俊一郎,2,DF,0,控え,0,0,0,0,0.0
2026/05/17(日) 16:00 キックオフ,芝浦工業大学,23,佐々木　啓太朗,3,DF,0,控え,0,0,0,0,0.0
2026/05/17(日) 16:00 キックオフ,芝浦工業大学,11,三田村　龍,4,MF,9,控え,0,0,0,0,0.0
2026/05/17(日) 16:00 キックオフ,芝浦工業大学,37,桐山　将成,3,MF,38,控え,0,0,0,0,0.0
2026/05/17(日) 16:00 キックオフ,芝浦工業大学,6,杉本　健真,4,MF,32,控え,0,0,0,0,0.0
2026/05/17(日) 16:00 キックオフ,芝浦工業大学,20,野村　晋平,3,FW,10,控え,0,0,0,0,0.0
2026/05/17(日) 16:00 キックオフ,芝浦工業大学,33,羽生田　拓郁,2,FW,1,控え,0,0,0,0,0.0
2026/05/17(日) 16:00 キックオフ,東京理科大学,1,山本　大介,3,GK,90,先発,0,0,0,0,0.0
2026/05/17(日) 16:00 キックオフ,東京理科大学,41,為我井　煌生,3,DF,90,先発,2,0,2,1,50.0
2026/05/17(日) 16:00 キックオフ,東京理科大学,54,神保　朋季,4,DF,90,先発,0,0,0,0,0.0
2026/05/17(日) 16:00 キックオフ,東京理科大学,66,守屋　大地,3,MF,90,先発,0,1,1,0,0.0
2026/05/17(日) 16:00 キックオフ,東京理科大学,16,吉岡　宏彬,3,MF,90,先発,1,1,2,0,0.0
2026/05/17(日) 16:00 キックオフ,東京理科大学,8,白川　陽,4,MF,90,先発,0,3,3,0,0.0
2026/05/17(日) 16:00 キックオフ,東京理科大学,51,長島　正悟,3,MF,85,先発,0,0,0,0,0.0
2026/05/17(日) 16:00 キックオフ,東京理科大学,10,原　虎太郎,4,MF,90,先発,1,2,3,0,0.0
2026/05/17(日) 16:00 キックオフ,東京理科大学,27,福原　圭汰,4,MF,58,先発,0,0,0,0,0.0
2026/05/17(日) 16:00 キックオフ,東京理科大学,77,高島　大河,3,FW,73,先発,1,0,1,0,0.0
2026/05/17(日) 16:00 キックオフ,東京理科大学,11,鈴木　冬聖,4,FW,90,先発,1,1,2,1,50.0
2026/05/17(日) 16:00 キックオフ,東京理科大学,28,鷹野　翼,2,GK,0,控え,0,0,0,0,0.0
2026/05/17(日) 16:00 キックオフ,東京理科大学,50,久保　拓都,2,DF,0,控え,0,0,0,0,0.0
2026/05/17(日) 16:00 キックオフ,東京理科大学,15,堂　哲郎,3,DF,0,控え,0,0,0,0,0.0
2026/05/17(日) 16:00 キックオフ,東京理科大学,14,國武　慈温,4,MF,5,控え,0,0,0,0,0.0
2026/05/17(日) 16:00 キックオフ,東京理科大学,71,篠原　烈士,2,MF,17,控え,0,0,0,0,0.0
2026/05/17(日) 16:00 キックオフ,東京理科大学,69,松永　陸杜,2,MF,0,控え,0,0,0,0,0.0
2026/05/17(日) 16:00 キックオフ,東京理科大学,22,田口　育磨,2,MF,0,控え,0,0,0,0,0.0
2026/05/17(日) 16:00 キックオフ,東京理科大学,52,早瀬　玲,2,FW,0,控え,0,0,0,0,0.0
2026/05/17(日) 16:00 キックオフ,東京理科大学,29,櫻井　友翔,2,FW,32,控え,0,0,0,0,0.0
2026/05/23(土) 11:00 キックオフ,防衛大学校（神奈川県）,2,佐野　宏晃,3,DF,90,先発,0,0,0,0,0.0
2026/05/23(土) 11:00 キックオフ,防衛大学校（神奈川県）,5,渡邊　葵,4,FW,10,先発,0,0,0,0,0.0
2026/05/23(土) 11:00 キックオフ,防衛大学校（神奈川県）,8,永岡　陸大,3,MF,90,先発,0,2,2,1,50.0
2026/05/23(土) 11:00 キックオフ,防衛大学校（神奈川県）,9,堀田　理人,3,FW,90,先発,2,0,2,0,0.0
2026/05/23(土) 11:00 キックオフ,防衛大学校（神奈川県）,11,中山　皓太,3,DF,90,先発,0,0,0,0,0.0
2026/05/23(土) 11:00 キックオフ,防衛大学校（神奈川県）,14,磯部　光,2,DF,90,先発,0,0,0,0,0.0
2026/05/23(土) 11:00 キックオフ,防衛大学校（神奈川県）,19,高宮　基椰,3,MF,90,先発,0,0,0,0,0.0
2026/05/23(土) 11:00 キックオフ,防衛大学校（神奈川県）,21,見陣　孝征,1,GK,90,先発,0,0,0,0,0.0
2026/05/23(土) 11:00 キックオフ,防衛大学校（神奈川県）,26,森　優朔,2,MF,90,先発,0,0,0,0,0.0
2026/05/23(土) 11:00 キックオフ,防衛大学校（神奈川県）,29,大沼　佳樹,3,FW,90,先発,1,1,2,1,50.0
2026/05/23(土) 11:00 キックオフ,防衛大学校（神奈川県）,31,藤原　樹,4,GK,85,先発,1,0,1,0,0.0
2026/05/23(土) 11:00 キックオフ,防衛大学校（神奈川県）,1,市村　洋介,2,GK,0,控え,0,0,0,0,0.0
2026/05/23(土) 11:00 キックオフ,防衛大学校（神奈川県）,7,今井　燦,4,MF,0,控え,0,0,0,0,0.0
2026/05/23(土) 11:00 キックオフ,防衛大学校（神奈川県）,15,鈴木　雄斗,1,DF,0,控え,0,0,0,0,0.0
2026/05/23(土) 11:00 キックオフ,防衛大学校（神奈川県）,16,佐藤　晴虎,4,MF,4,控え,0,0,0,0,0.0
2026/05/23(土) 11:00 キックオフ,防衛大学校（神奈川県）,20,忠地　瞬,1,DF,0,控え,0,0,0,0,0.0
2026/05/23(土) 11:00 キックオフ,防衛大学校（神奈川県）,22,岡本　翔琉,3,FW,5,控え,0,0,0,0,0.0
2026/05/23(土) 11:00 キックオフ,防衛大学校（神奈川県）,27,坂本　弥徠,1,MF,0,控え,0,0,0,0,0.0
2026/05/23(土) 11:00 キックオフ,防衛大学校（神奈川県）,32,山内　陽童,1,MF,0,控え,0,0,0,0,0.0
2026/05/23(土) 11:00 キックオフ,防衛大学校（神奈川県）,33,毛利　優夫,3,MF,80,控え,0,0,0,0,0.0
2026/05/23(土) 11:00 キックオフ,創価大学,2,秋田　俊博,1,DF,90,先発,0,0,0,0,0.0
2026/05/23(土) 11:00 キックオフ,創価大学,5,矢田 英一,2,DF,90,先発,0,0,0,0,0.0
2026/05/23(土) 11:00 キックオフ,創価大学,7,滝澤 伸明,3,DF,90,先発,0,3,3,0,0.0
2026/05/23(土) 11:00 キックオフ,創価大学,8,小倉 優輝,4,MF,90,先発,0,2,2,0,0.0
2026/05/23(土) 11:00 キックオフ,創価大学,17,林田 勇誠,4,FW,86,先発,1,1,2,0,0.0
2026/05/23(土) 11:00 キックオフ,創価大学,20,石塚 涼,不明,FW,90,先発,3,2,5,0,0.0
2026/05/23(土) 11:00 キックオフ,創価大学,24,束原　健太,1,MF,81,先発,0,1,1,0,0.0
2026/05/23(土) 11:00 キックオフ,創価大学,30,中澤 義彦,3,FW,90,先発,2,1,3,1,33.3
2026/05/23(土) 11:00 キックオフ,創価大学,32,東堂 秀明,4,DF,90,先発,0,0,0,0,0.0
2026/05/23(土) 11:00 キックオフ,創価大学,41,森田　翔大,1,GK,90,先発,0,0,0,0,0.0
2026/05/23(土) 11:00 キックオフ,創価大学,55,吉川 駿,3,MF,90,先発,1,0,1,0,0.0
2026/05/23(土) 11:00 キックオフ,創価大学,3,岡田 達也,2,FW,4,控え,0,1,1,0,0.0
2026/05/23(土) 11:00 キックオフ,創価大学,6,大西　拓弥,1,DF,0,控え,0,0,0,0,0.0
2026/05/23(土) 11:00 キックオフ,創価大学,12,山口 颯太,2,GK,0,控え,0,0,0,0,0.0
2026/05/23(土) 11:00 キックオフ,創価大学,21,甫坂 秀明,4,GK,0,控え,0,0,0,0,0.0
2026/05/23(土) 11:00 キックオフ,創価大学,22,森本 誉,2,MF,0,控え,0,0,0,0,0.0
2026/05/23(土) 11:00 キックオフ,創価大学,80,舟橋 聡,2,DF,0,控え,0,0,0,0,0.0
2026/05/23(土) 11:00 キックオフ,創価大学,88,吉田　英知,1,FW,9,控え,0,0,0,0,0.0
2026/05/23(土) 15:15 キックオフ,東京理科大学,1,山本　大介,3,GK,90,先発,0,0,0,0,0.0
2026/05/23(土) 15:15 キックオフ,東京理科大学,41,為我井　煌生,3,DF,90,先発,0,0,0,0,0.0
2026/05/23(土) 15:15 キックオフ,東京理科大学,54,神保　朋季,4,DF,90,先発,0,0,0,0,0.0
2026/05/23(土) 15:15 キックオフ,東京理科大学,66,守屋　大地,3,MF,90,先発,1,0,1,0,0.0
2026/05/23(土) 15:15 キックオフ,東京理科大学,16,吉岡　宏彬,3,MF,90,先発,0,1,1,0,0.0
2026/05/23(土) 15:15 キックオフ,東京理科大学,8,白川　陽,4,MF,90,先発,0,0,0,0,0.0
2026/05/23(土) 15:15 キックオフ,東京理科大学,51,長島　正悟,3,MF,68,先発,0,0,0,0,0.0
2026/05/23(土) 15:15 キックオフ,東京理科大学,10,原　虎太郎,4,MF,86,先発,0,0,0,0,0.0
2026/05/23(土) 15:15 キックオフ,東京理科大学,27,福原　圭汰,4,MF,57,先発,0,0,0,0,0.0
2026/05/23(土) 15:15 キックオフ,東京理科大学,77,高島　大河,3,FW,68,先発,0,1,1,0,0.0
2026/05/23(土) 15:15 キックオフ,東京理科大学,11,鈴木　冬聖,4,FW,90,先発,2,4,6,0,0.0
2026/05/23(土) 15:15 キックオフ,東京理科大学,28,鷹野　翼,2,GK,0,控え,0,0,0,0,0.0
2026/05/23(土) 15:15 キックオフ,東京理科大学,15,堂　哲郎,3,DF,0,控え,0,0,0,0,0.0
2026/05/23(土) 15:15 キックオフ,東京理科大学,14,國武　慈温,4,MF,22,控え,0,0,0,0,0.0
2026/05/23(土) 15:15 キックオフ,東京理科大学,71,篠原　烈士,2,MF,22,控え,0,0,0,0,0.0
2026/05/23(土) 15:15 キックオフ,東京理科大学,22,田口　育磨,2,MF,0,控え,0,0,0,0,0.0
2026/05/23(土) 15:15 キックオフ,東京理科大学,52,早瀬　玲,2,FW,4,控え,0,0,0,0,0.0
2026/05/23(土) 15:15 キックオフ,東京理科大学,29,櫻井　友翔,2,FW,33,控え,0,1,1,0,0.0
2026/05/23(土) 15:15 キックオフ,成城大学,1,金　悠聖,3,GK,90,先発,0,0,0,0,0.0
2026/05/23(土) 15:15 キックオフ,成城大学,18,田中　暁也,2,DF,90,先発,0,0,0,0,0.0
2026/05/23(土) 15:15 キックオフ,成城大学,2,平井　涼真,3,DF,90,先発,0,0,0,0,0.0
2026/05/23(土) 15:15 キックオフ,成城大学,71,新岡　醒茄,1,MF,90,先発,0,0,0,0,0.0
2026/05/23(土) 15:15 キックオフ,成城大学,4,川上　拓真,4,DF,90,先発,0,0,0,0,0.0
2026/05/23(土) 15:15 キックオフ,成城大学,55,加藤　智己,1,MF,90,先発,2,2,4,0,0.0
2026/05/23(土) 15:15 キックオフ,成城大学,14,成田　悠陽,3,MF,90,先発,0,1,1,0,0.0
2026/05/23(土) 15:15 キックオフ,成城大学,6,大田　凌生,4,MF,90,先発,0,0,0,0,0.0
2026/05/23(土) 15:15 キックオフ,成城大学,73,石原　幹太良,2,MF,66,先発,0,0,0,0,0.0
2026/05/23(土) 15:15 キックオフ,成城大学,8,池田　峻大,4,MF,88,先発,1,0,1,1,100.0
2026/05/23(土) 15:15 キックオフ,成城大学,10,田中　準人,3,FW,66,先発,0,0,0,0,0.0
2026/05/23(土) 15:15 キックオフ,成城大学,51,下山　玲依,2,GK,0,控え,0,0,0,0,0.0
2026/05/23(土) 15:15 キックオフ,成城大学,66,田邉　碧,4,FW,0,控え,0,0,0,0,0.0
2026/05/23(土) 15:15 キックオフ,成城大学,82,鈴木　蓮,2,MF,0,控え,0,0,0,0,0.0
2026/05/23(土) 15:15 キックオフ,成城大学,32,古谷　瞬,3,MF,0,控え,0,0,0,0,0.0
2026/05/23(土) 15:15 キックオフ,成城大学,7,三岡　大致,4,MF,24,控え,0,0,0,0,0.0
2026/05/23(土) 15:15 キックオフ,成城大学,11,谷口　直紀,4,MF,0,控え,0,0,0,0,0.0
2026/05/23(土) 15:15 キックオフ,成城大学,9,鈴木　荘大,4,FW,24,控え,0,0,0,0,0.0
2026/05/23(土) 15:15 キックオフ,成城大学,15,大川　知希,3,FW,2,控え,0,0,0,0,0.0
2026/05/23(土) 15:15 キックオフ,成城大学,40,河本　公太,3,FW,0,控え,0,0,0,0,0.0
2026/05/24(日) 10:00 キックオフ,東京都立大学,1,細貝 知希,4,GK,90,先発,0,0,0,0,0.0
2026/05/24(日) 10:00 キックオフ,東京都立大学,2,竹谷　晄希,1,DF,85,先発,0,0,0,0,0.0
2026/05/24(日) 10:00 キックオフ,東京都立大学,4,福田 怜央,4,DF,90,先発,0,0,0,0,0.0
2026/05/24(日) 10:00 キックオフ,東京都立大学,47,渡辺 康太,2,DF,80,先発,0,0,0,0,0.0
2026/05/24(日) 10:00 キックオフ,東京都立大学,84,林 陸斗,2,DF,90,先発,0,0,0,0,0.0
2026/05/24(日) 10:00 キックオフ,東京都立大学,7,程塚 駿太,3,MF,90,先発,1,0,1,0,0.0
2026/05/24(日) 10:00 キックオフ,東京都立大学,9,中崎 琉斗,3,MF,90,先発,0,0,0,0,0.0
2026/05/24(日) 10:00 キックオフ,東京都立大学,23,須藤 星空,2,MF,90,先発,0,0,0,0,0.0
2026/05/24(日) 10:00 キックオフ,東京都立大学,27,西田 有之介,2,MF,71,先発,0,0,0,0,0.0
2026/05/24(日) 10:00 キックオフ,東京都立大学,71,西川 大翔,3,MF,59,先発,1,0,1,0,0.0
2026/05/24(日) 10:00 キックオフ,東京都立大学,10,塩田 琢磨,4,FW,68,先発,1,0,1,0,0.0
2026/05/24(日) 10:00 キックオフ,東京都立大学,12,中田 幹登,3,GK,0,控え,0,0,0,0,0.0
2026/05/24(日) 10:00 キックオフ,東京都立大学,5,赤松 凜大郎,4,DF,0,控え,0,0,0,0,0.0
2026/05/24(日) 10:00 キックオフ,東京都立大学,26,五島 凛也,2,DF,10,控え,0,0,0,0,0.0
2026/05/24(日) 10:00 キックオフ,東京都立大学,89,伊藤 優汰,4,DF,5,控え,0,0,0,0,0.0
2026/05/24(日) 10:00 キックオフ,東京都立大学,99,中田　涼介,2,DF,0,控え,0,0,0,0,0.0
2026/05/24(日) 10:00 キックオフ,東京都立大学,11,杉崎 志信,3,MF,19,控え,0,0,0,0,0.0
2026/05/24(日) 10:00 キックオフ,東京都立大学,19,堤崎　陽琉,1,MF,31,控え,0,1,1,0,0.0
2026/05/24(日) 10:00 キックオフ,東京都立大学,24,坂井 玲仁,2,MF,22,控え,0,0,0,0,0.0
2026/05/24(日) 10:00 キックオフ,東京都立大学,41,宮嶋 優良,4,FW,0,控え,0,0,0,0,0.0
2026/05/24(日) 10:00 キックオフ,一橋大学,21,藤原　拓海,4,GK,90,先発,0,0,0,0,0.0
2026/05/24(日) 10:00 キックオフ,一橋大学,24,深田　篤史,4,DF,90,先発,0,0,0,0,0.0
2026/05/24(日) 10:00 キックオフ,一橋大学,4,相内　馨太,3,DF,90,先発,0,0,0,0,0.0
2026/05/24(日) 10:00 キックオフ,一橋大学,13,深田　勇輝,4,DF,80,先発,0,0,0,0,0.0
2026/05/24(日) 10:00 キックオフ,一橋大学,11,藤原　凌,4,FW,90,先発,0,0,0,0,0.0
2026/05/24(日) 10:00 キックオフ,一橋大学,15,髙木　秀輔,4,MF,76,先発,0,0,0,0,0.0
2026/05/24(日) 10:00 キックオフ,一橋大学,16,石塚　巧人,2,MF,90,先発,0,1,1,0,0.0
2026/05/24(日) 10:00 キックオフ,一橋大学,7,森田　敢三,4,MF,76,先発,0,0,0,0,0.0
2026/05/24(日) 10:00 キックオフ,一橋大学,8,佐野　翔優,2,MF,68,先発,0,0,0,0,0.0
2026/05/24(日) 10:00 キックオフ,一橋大学,10,上尾　陸,4,MF,90,先発,0,1,1,0,0.0
2026/05/24(日) 10:00 キックオフ,一橋大学,9,藤野　太郎,3,FW,90,先発,0,1,1,1,100.0
2026/05/24(日) 10:00 キックオフ,一橋大学,41,兼松　大志,2,GK,0,控え,0,0,0,0,0.0
2026/05/24(日) 10:00 キックオフ,一橋大学,25,村井　駿太,2,DF,0,控え,0,0,0,0,0.0
2026/05/24(日) 10:00 キックオフ,一橋大学,5,若林　慧,4,DF,10,控え,0,0,0,0,0.0
2026/05/24(日) 10:00 キックオフ,一橋大学,22,鈴木　泰人,3,DF,14,控え,0,0,0,0,0.0
2026/05/24(日) 10:00 キックオフ,一橋大学,2,河田　一心,3,MF,14,控え,0,0,0,0,0.0
2026/05/24(日) 10:00 キックオフ,一橋大学,19,石川　透羽,3,MF,22,控え,0,0,0,0,0.0
2026/05/24(日) 10:00 キックオフ,一橋大学,23,中本　善也,4,MF,0,控え,0,0,0,0,0.0
2026/05/24(日) 10:00 キックオフ,一橋大学,32,塩原　仁志,4,MF,0,控え,0,0,0,0,0.0
2026/05/24(日) 10:00 キックオフ,一橋大学,18,丸茂　琥哲,4,FW,0,控え,0,0,0,0,0.0
2026/05/24(日) 13:00 キックオフ,東京大学,2,柏村 直登,4,MF,90,先発,0,0,0,0,0.0
2026/05/24(日) 13:00 キックオフ,東京大学,4,池澤 健剛,3,DF,90,先発,0,1,1,1,100.0
2026/05/24(日) 13:00 キックオフ,東京大学,7,河野 慈央,4,MF,69,先発,0,0,0,0,0.0
2026/05/24(日) 13:00 キックオフ,東京大学,8,花岡 大楽,3,MF,90,先発,0,0,0,0,0.0
2026/05/24(日) 13:00 キックオフ,東京大学,10,河島 誠二郎,4,MF,90,先発,1,0,1,0,0.0
2026/05/24(日) 13:00 キックオフ,東京大学,11,長谷川 泰斗,2,FW,90,先発,1,0,1,0,0.0
2026/05/24(日) 13:00 キックオフ,東京大学,13,丸山　凱智,3,GK,90,先発,0,0,0,0,0.0
2026/05/24(日) 13:00 キックオフ,東京大学,14,高木 勇仁,4,MF,87,先発,0,0,0,0,0.0
2026/05/24(日) 13:00 キックオフ,東京大学,15,鈴木 武尊,2,MF,90,先発,0,0,0,0,0.0
2026/05/24(日) 13:00 キックオフ,東京大学,16,馬渕 太我,2,MF,62,先発,0,0,0,0,0.0
2026/05/24(日) 13:00 キックオフ,東京大学,17,岡田 詠,3,MF,90,先発,0,0,0,0,0.0
2026/05/24(日) 13:00 キックオフ,東京大学,1,里見 悠成,4,GK,0,控え,0,0,0,0,0.0
2026/05/24(日) 13:00 キックオフ,東京大学,3,山中 歩太,2,DF,3,控え,0,0,0,0,0.0
2026/05/24(日) 13:00 キックオフ,東京大学,6,長田 夕輝,4,MF,0,控え,0,0,0,0,0.0
2026/05/24(日) 13:00 キックオフ,東京大学,9,大西 達也,4,FW,28,控え,0,0,0,0,0.0
2026/05/24(日) 13:00 キックオフ,東京大学,18,遠藤 雅仁,3,FW,0,控え,0,0,0,0,0.0
2026/05/24(日) 13:00 キックオフ,東京大学,26,田島 誠志郎,3,FW,21,控え,0,0,0,0,0.0
2026/05/24(日) 13:00 キックオフ,東京大学,28,安藤 颯馬,3,DF,0,控え,0,0,0,0,0.0
2026/05/24(日) 13:00 キックオフ,東京大学,33,松尾 仁之介,4,DF,0,控え,0,0,0,0,0.0
2026/05/24(日) 13:00 キックオフ,東京大学,40,山口 源登,4,MF,0,控え,0,0,0,0,0.0
2026/05/24(日) 13:00 キックオフ,成蹊大学,2,梶谷　一晴,4,DF,90,先発,0,0,0,0,0.0
2026/05/24(日) 13:00 キックオフ,成蹊大学,6,濱名　桜次郎,4,DF,90,先発,1,1,2,0,0.0
2026/05/24(日) 13:00 キックオフ,成蹊大学,8,岡崎　陽城,4,MF,53,先発,1,0,1,0,0.0
2026/05/24(日) 13:00 キックオフ,成蹊大学,14,鈴木　龍太朗,4,DF,90,先発,0,0,0,0,0.0
2026/05/24(日) 13:00 キックオフ,成蹊大学,16,平工　雄大,3,DF,90,先発,0,0,0,0,0.0
2026/05/24(日) 13:00 キックオフ,成蹊大学,23,五十嵐　達也,3,DF,90,先発,0,0,0,0,0.0
2026/05/24(日) 13:00 キックオフ,成蹊大学,24,奥村　拓未,2,MF,62,先発,0,0,0,0,0.0
2026/05/24(日) 13:00 キックオフ,成蹊大学,26,西脇　雄太,3,MF,90,先発,0,1,1,0,0.0
2026/05/24(日) 13:00 キックオフ,成蹊大学,64,汐﨑　弘心,3,GK,90,先発,0,0,0,0,0.0
2026/05/24(日) 13:00 キックオフ,成蹊大学,72,元島　隆之助,1,FW,45,先発,0,0,0,0,0.0
2026/05/24(日) 13:00 キックオフ,成蹊大学,89,廣田　理一,2,MF,55,先発,0,0,0,0,0.0
2026/05/24(日) 13:00 キックオフ,成蹊大学,1,島谷　侑征,4,GK,0,控え,0,0,0,0,0.0
2026/05/24(日) 13:00 キックオフ,成蹊大学,9,上野　朔汰,3,FW,35,控え,0,1,1,0,0.0
2026/05/24(日) 13:00 キックオフ,成蹊大学,13,三城　慶人,3,MF,0,控え,0,0,0,0,0.0
2026/05/24(日) 13:00 キックオフ,成蹊大学,15,山路　周平,3,DF,0,控え,0,0,0,0,0.0
2026/05/24(日) 13:00 キックオフ,成蹊大学,17,境田　海斗,4,MF,37,控え,0,1,1,0,0.0
2026/05/24(日) 13:00 キックオフ,成蹊大学,25,川端　唯斗,2,DF,0,控え,0,0,0,0,0.0
2026/05/24(日) 13:00 キックオフ,成蹊大学,50,宇田川　航生,4,FW,45,控え,0,2,2,0,0.0
2026/05/24(日) 13:00 キックオフ,成蹊大学,69,安達　頑生,1,DF,0,控え,0,0,0,0,0.0
2026/05/24(日) 13:00 キックオフ,成蹊大学,88,辻　文大,2,FW,28,控え,0,1,1,1,100.0
2026/05/24(日) 15:00 キックオフ,芝浦工業大学,1,八木原　嘉泉,3,GK,90,先発,0,0,0,0,0.0
2026/05/24(日) 15:00 キックオフ,芝浦工業大学,2,大塚　郷平,2,DF,79,先発,0,0,0,0,0.0
2026/05/24(日) 15:00 キックオフ,芝浦工業大学,5,鑓水　新葉,4,DF,90,先発,1,0,1,1,100.0
2026/05/24(日) 15:00 キックオフ,芝浦工業大学,23,佐々木　啓太朗,3,DF,90,先発,0,0,0,0,0.0
2026/05/24(日) 15:00 キックオフ,芝浦工業大学,3,森本　紘大,4,MF,90,先発,0,0,0,0,0.0
2026/05/24(日) 15:00 キックオフ,芝浦工業大学,8,渡邉　悠斗,4,MF,85,先発,3,1,4,0,0.0
2026/05/24(日) 15:00 キックオフ,芝浦工業大学,9,水飼　隼成,4,MF,90,先発,0,0,0,0,0.0
2026/05/24(日) 15:00 キックオフ,芝浦工業大学,10,荒井　大和,4,MF,90,先発,1,0,1,0,0.0
2026/05/24(日) 15:00 キックオフ,芝浦工業大学,21,小池　誠一朗,1,MF,60,先発,0,0,0,0,0.0
2026/05/24(日) 15:00 キックオフ,芝浦工業大学,30,鈴木　峻平,2,MF,90,先発,0,0,0,0,0.0
2026/05/24(日) 15:00 キックオフ,芝浦工業大学,43,近藤　遥音,2,MF,68,先発,0,0,0,0,0.0
2026/05/24(日) 15:00 キックオフ,芝浦工業大学,12,金子　武蔵,1,GK,0,控え,0,0,0,0,0.0
2026/05/24(日) 15:00 キックオフ,芝浦工業大学,4,吉田　來夢,2,DF,11,控え,0,0,0,0,0.0
2026/05/24(日) 15:00 キックオフ,芝浦工業大学,32,池内　俊介,4,DF,22,控え,0,0,0,0,0.0
2026/05/24(日) 15:00 キックオフ,芝浦工業大学,42,櫻井　春綺,1,DF,0,控え,0,0,0,0,0.0
2026/05/24(日) 15:00 キックオフ,芝浦工業大学,6,杉本　健真,4,MF,0,控え,0,0,0,0,0.0
2026/05/24(日) 15:00 キックオフ,芝浦工業大学,11,三田村　龍,4,MF,0,控え,0,0,0,0,0.0
2026/05/24(日) 15:00 キックオフ,芝浦工業大学,37,桐山　将成,3,MF,5,控え,0,0,0,0,0.0
2026/05/24(日) 15:00 キックオフ,芝浦工業大学,7,オルギン　カズオ,4,FW,30,控え,0,0,0,0,0.0
2026/05/24(日) 15:00 キックオフ,芝浦工業大学,33,羽生田　拓郁,2,FW,0,控え,0,0,0,0,0.0
2026/05/24(日) 15:00 キックオフ,日本文化大學,1,山本　章介,2,GK,90,先発,0,0,0,0,0.0
2026/05/24(日) 15:00 キックオフ,日本文化大學,3,中野　万輝斗,2,DF,90,先発,0,1,1,0,0.0
2026/05/24(日) 15:00 キックオフ,日本文化大學,4,黒沢　耀,1,DF,90,先発,0,0,0,0,0.0
2026/05/24(日) 15:00 キックオフ,日本文化大學,5,日野原　十矢,1,DF,85,先発,0,1,1,0,0.0
2026/05/24(日) 15:00 キックオフ,日本文化大學,19,小西　聖七,2,DF,60,先発,0,0,0,0,0.0
2026/05/24(日) 15:00 キックオフ,日本文化大學,7,村瀬　陸斗,1,MF,90,先発,2,1,3,1,33.3
2026/05/24(日) 15:00 キックオフ,日本文化大學,8,松野　竜成,3,FW,86,先発,0,1,1,0,0.0
2026/05/24(日) 15:00 キックオフ,日本文化大學,9,間野　翼,3,MF,90,先発,3,2,5,0,0.0
2026/05/24(日) 15:00 キックオフ,日本文化大學,13,宮里　飛雄馬,2,MF,90,先発,0,0,0,0,0.0
2026/05/24(日) 15:00 キックオフ,日本文化大學,34,前野　正明,1,MF,77,先発,2,0,2,0,0.0
2026/05/24(日) 15:00 キックオフ,日本文化大學,11,井之﨑　隼也,2,FW,73,先発,1,1,2,1,50.0
2026/05/24(日) 15:00 キックオフ,日本文化大學,31,鈴木　彪琉,1,GK,0,控え,0,0,0,0,0.0
2026/05/24(日) 15:00 キックオフ,日本文化大學,16,小泉　伶真,2,DF,5,控え,0,0,0,0,0.0
2026/05/24(日) 15:00 キックオフ,日本文化大學,32,佐々木　皓星,1,DF,0,控え,0,0,0,0,0.0
2026/05/24(日) 15:00 キックオフ,日本文化大學,29,伊藤　陽向,1,MF,30,控え,0,4,4,1,25.0
2026/05/24(日) 15:00 キックオフ,日本文化大學,37,安部　柊冴,2,MF,4,控え,0,0,0,0,0.0
2026/05/24(日) 15:00 キックオフ,日本文化大學,14,笹岡　サスケ,2,FW,13,控え,0,0,0,0,0.0
2026/05/24(日) 15:00 キックオフ,日本文化大學,25,竹井　絆晟,2,FW,0,控え,0,0,0,0,0.0
2026/05/24(日) 15:00 キックオフ,日本文化大學,28,江口　仁太,2,FW,0,控え,0,0,0,0,0.0
2026/05/24(日) 15:00 キックオフ,日本文化大學,38,森　一馬,1,FW,17,控え,0,0,0,0,0.0
2026/05/30(土) 10:00 キックオフ,日本文化大學,1,山本　章介,2,GK,90,先発,0,0,0,0,0.0
2026/05/30(土) 10:00 キックオフ,日本文化大學,3,中野　万輝斗,2,DF,90,先発,0,0,0,0,0.0
2026/05/30(土) 10:00 キックオフ,日本文化大學,4,黒沢　耀,1,DF,90,先発,0,0,0,0,0.0
2026/05/30(土) 10:00 キックオフ,日本文化大學,5,日野原　十矢,1,DF,90,先発,0,0,0,0,0.0
2026/05/30(土) 10:00 キックオフ,日本文化大學,7,村瀬　陸斗,1,MF,90,先発,1,1,2,0,0.0
2026/05/30(土) 10:00 キックオフ,日本文化大學,8,松野　竜成,3,FW,90,先発,1,1,2,1,50.0
2026/05/30(土) 10:00 キックオフ,日本文化大學,9,間野　翼,3,MF,90,先発,2,1,3,0,0.0
2026/05/30(土) 10:00 キックオフ,日本文化大學,13,宮里　飛雄馬,2,MF,78,先発,0,1,1,0,0.0
2026/05/30(土) 10:00 キックオフ,日本文化大學,16,小泉　伶真,2,DF,63,先発,0,0,0,0,0.0
2026/05/30(土) 10:00 キックオフ,日本文化大學,22,田上　伊織,1,FW,63,先発,1,0,1,1,100.0
2026/05/30(土) 10:00 キックオフ,日本文化大學,34,前野　正明,1,MF,68,先発,1,1,2,1,50.0
2026/05/30(土) 10:00 キックオフ,日本文化大學,2,嶺野　悠斗,2,DF,27,控え,0,0,0,0,0.0
2026/05/30(土) 10:00 キックオフ,日本文化大學,6,岸上　一吹,1,MF,22,控え,0,0,0,0,0.0
2026/05/30(土) 10:00 キックオフ,日本文化大學,10,クリムキ　アンドリュー,2,FW,27,控え,0,0,0,1,0.0
2026/05/30(土) 10:00 キックオフ,日本文化大學,14,笹岡　サスケ,2,FW,0,控え,0,0,0,0,0.0
2026/05/30(土) 10:00 キックオフ,日本文化大學,25,竹井　絆晟,2,FW,0,控え,0,0,0,0,0.0
2026/05/30(土) 10:00 キックオフ,日本文化大學,29,伊藤　陽向,1,MF,12,控え,0,0,0,0,0.0
2026/05/30(土) 10:00 キックオフ,日本文化大學,32,佐々木　皓星,1,DF,0,控え,0,0,0,0,0.0
2026/05/30(土) 10:00 キックオフ,日本文化大學,31,鈴木　彪琉,1,GK,0,控え,0,0,0,0,0.0
2026/05/30(土) 10:00 キックオフ,日本文化大學,37,安部　柊冴,2,MF,0,控え,0,0,0,0,0.0
2026/05/30(土) 10:00 キックオフ,成城大学,1,金　悠聖,3,GK,90,先発,0,0,0,0,0.0
2026/05/30(土) 10:00 キックオフ,成城大学,4,川上　拓真,4,DF,90,先発,0,0,0,0,0.0
2026/05/30(土) 10:00 キックオフ,成城大学,2,平井　涼真,3,DF,90,先発,0,0,0,0,0.0
2026/05/30(土) 10:00 キックオフ,成城大学,18,田中　暁也,2,DF,90,先発,0,0,0,0,0.0
2026/05/30(土) 10:00 キックオフ,成城大学,30,小菅　眞輝,1,MF,72,先発,0,0,0,0,0.0
2026/05/30(土) 10:00 キックオフ,成城大学,55,加藤　智己,1,MF,78,先発,1,0,1,0,0.0
2026/05/30(土) 10:00 キックオフ,成城大学,71,新岡　醒茄,1,MF,90,先発,0,0,0,0,0.0
2026/05/30(土) 10:00 キックオフ,成城大学,73,石原　幹太良,2,MF,68,先発,1,1,2,0,0.0
2026/05/30(土) 10:00 キックオフ,成城大学,14,成田　悠陽,3,MF,90,先発,0,0,0,0,0.0
2026/05/30(土) 10:00 キックオフ,成城大学,8,池田　峻大,4,MF,86,先発,0,2,2,0,0.0
2026/05/30(土) 10:00 キックオフ,成城大学,10,田中　準人,3,FW,68,先発,2,1,3,1,33.3
2026/05/30(土) 10:00 キックオフ,成城大学,17,髙田　陽,3,GK,0,控え,0,0,0,0,0.0
2026/05/30(土) 10:00 キックオフ,成城大学,7,三岡　大致,4,MF,22,控え,0,0,0,0,0.0
2026/05/30(土) 10:00 キックオフ,成城大学,9,鈴木　荘大,4,FW,4,控え,0,0,0,0,0.0
2026/05/30(土) 10:00 キックオフ,成城大学,11,谷口　直紀,4,MF,0,控え,0,0,0,0,0.0
2026/05/30(土) 10:00 キックオフ,成城大学,3,稲葉　晴斗,3,DF,18,控え,0,0,0,0,0.0
2026/05/30(土) 10:00 キックオフ,成城大学,15,大川　知希,3,FW,0,控え,0,0,0,0,0.0
2026/05/30(土) 10:00 キックオフ,成城大学,31,飯沼　一真,1,FW,22,控え,0,0,0,1,0.0
2026/05/30(土) 10:00 キックオフ,成城大学,56,福島　光希,1,MF,0,控え,0,0,0,0,0.0
2026/05/30(土) 10:00 キックオフ,成城大学,64,阿部　慶人,1,MF,12,控え,0,0,0,0,0.0
2026/05/30(土) 11:00 キックオフ,防衛大学校（神奈川県）,2,佐野　宏晃,3,DF,90,先発,0,0,0,0,0.0
2026/05/30(土) 11:00 キックオフ,防衛大学校（神奈川県）,8,永岡　陸大,3,MF,90,先発,0,0,0,0,0.0
2026/05/30(土) 11:00 キックオフ,防衛大学校（神奈川県）,9,堀田　理人,3,FW,90,先発,1,1,2,0,0.0
2026/05/30(土) 11:00 キックオフ,防衛大学校（神奈川県）,11,中山　皓太,3,DF,90,先発,0,0,0,0,0.0
2026/05/30(土) 11:00 キックオフ,防衛大学校（神奈川県）,14,磯部　光,2,DF,90,先発,0,0,0,0,0.0
2026/05/30(土) 11:00 キックオフ,防衛大学校（神奈川県）,19,高宮　基椰,3,MF,90,先発,1,0,1,0,0.0
2026/05/30(土) 11:00 キックオフ,防衛大学校（神奈川県）,21,見陣　孝征,1,GK,90,先発,0,0,0,0,0.0
2026/05/30(土) 11:00 キックオフ,防衛大学校（神奈川県）,26,森　優朔,2,MF,90,先発,0,0,0,0,0.0
2026/05/30(土) 11:00 キックオフ,防衛大学校（神奈川県）,29,大沼　佳樹,3,FW,90,先発,1,2,3,1,33.3
2026/05/30(土) 11:00 キックオフ,防衛大学校（神奈川県）,31,藤原　樹,4,GK,38,先発,0,0,0,0,0.0
2026/05/30(土) 11:00 キックオフ,防衛大学校（神奈川県）,33,毛利　優夫,3,MF,90,先発,0,0,0,0,0.0
2026/05/30(土) 11:00 キックオフ,防衛大学校（神奈川県）,1,市村　洋介,2,GK,0,控え,0,0,0,0,0.0
2026/05/30(土) 11:00 キックオフ,防衛大学校（神奈川県）,4,岸本　拓也,4,DF,0,控え,0,0,0,0,0.0
2026/05/30(土) 11:00 キックオフ,防衛大学校（神奈川県）,7,今井　燦,4,MF,52,控え,0,0,0,0,0.0
2026/05/30(土) 11:00 キックオフ,防衛大学校（神奈川県）,13,深川　蓮斗,3,DF,0,控え,0,0,0,0,0.0
2026/05/30(土) 11:00 キックオフ,防衛大学校（神奈川県）,15,鈴木　雄斗,1,DF,0,控え,0,0,0,0,0.0
2026/05/30(土) 11:00 キックオフ,防衛大学校（神奈川県）,16,佐藤　晴虎,4,MF,0,控え,0,0,0,0,0.0
2026/05/30(土) 11:00 キックオフ,防衛大学校（神奈川県）,22,岡本　翔琉,3,FW,0,控え,0,0,0,0,0.0
2026/05/30(土) 11:00 キックオフ,防衛大学校（神奈川県）,24,坪井　晃希,2,MF,0,控え,0,0,0,0,0.0
2026/05/30(土) 11:00 キックオフ,防衛大学校（神奈川県）,25,外崎　和輝,3,DF,0,控え,0,0,0,0,0.0
2026/05/30(土) 11:00 キックオフ,東京大学,2,柏村 直登,4,MF,90,先発,0,0,0,0,0.0
2026/05/30(土) 11:00 キックオフ,東京大学,3,山中 歩太,2,DF,45,先発,0,0,0,0,0.0
2026/05/30(土) 11:00 キックオフ,東京大学,4,池澤 健剛,3,DF,90,先発,0,1,1,0,0.0
2026/05/30(土) 11:00 キックオフ,東京大学,7,河野 慈央,4,MF,70,先発,1,2,3,0,0.0
2026/05/30(土) 11:00 キックオフ,東京大学,8,花岡 大楽,3,MF,90,先発,1,0,1,0,0.0
2026/05/30(土) 11:00 キックオフ,東京大学,10,河島 誠二郎,4,MF,90,先発,2,0,2,0,0.0
2026/05/30(土) 11:00 キックオフ,東京大学,11,長谷川 泰斗,2,FW,90,先発,2,1,3,2,66.7
2026/05/30(土) 11:00 キックオフ,東京大学,13,丸山　凱智,3,GK,90,先発,0,0,0,0,0.0
2026/05/30(土) 11:00 キックオフ,東京大学,14,高木 勇仁,4,MF,86,先発,0,1,1,0,0.0
2026/05/30(土) 11:00 キックオフ,東京大学,15,鈴木 武尊,2,MF,80,先発,1,0,1,0,0.0
2026/05/30(土) 11:00 キックオフ,東京大学,17,岡田 詠,3,MF,90,先発,0,0,0,0,0.0
2026/05/30(土) 11:00 キックオフ,東京大学,1,里見 悠成,4,GK,0,控え,0,0,0,0,0.0
2026/05/30(土) 11:00 キックオフ,東京大学,6,長田 夕輝,4,MF,10,控え,0,0,0,0,0.0
2026/05/30(土) 11:00 キックオフ,東京大学,9,大西 達也,4,FW,45,控え,0,2,2,1,50.0
2026/05/30(土) 11:00 キックオフ,東京大学,16,馬渕 太我,2,MF,0,控え,0,0,0,0,0.0
2026/05/30(土) 11:00 キックオフ,東京大学,18,遠藤 雅仁,3,FW,0,控え,0,0,0,0,0.0
2026/05/30(土) 11:00 キックオフ,東京大学,19,大谷 遼一,4,FW,0,控え,0,0,0,0,0.0
2026/05/30(土) 11:00 キックオフ,東京大学,26,田島 誠志郎,3,FW,20,控え,0,1,1,0,0.0
2026/05/30(土) 11:00 キックオフ,東京大学,28,安藤 颯馬,3,DF,0,控え,0,0,0,0,0.0
2026/05/30(土) 11:00 キックオフ,東京大学,33,松尾 仁之介,4,DF,4,控え,0,0,0,0,0.0
2026/05/30(土) 16:00 キックオフ,東京都立大学,1,細貝 知希,4,GK,90,先発,0,0,0,0,0.0
2026/05/30(土) 16:00 キックオフ,東京都立大学,2,竹谷　晄希,1,DF,90,先発,0,1,1,0,0.0
2026/05/30(土) 16:00 キックオフ,東京都立大学,4,福田 怜央,4,DF,90,先発,0,0,0,0,0.0
2026/05/30(土) 16:00 キックオフ,東京都立大学,47,渡辺 康太,2,DF,90,先発,0,0,0,0,0.0
2026/05/30(土) 16:00 キックオフ,東京都立大学,84,林 陸斗,2,DF,90,先発,1,1,2,0,0.0
2026/05/30(土) 16:00 キックオフ,東京都立大学,7,程塚 駿太,3,MF,69,先発,0,0,0,0,0.0
2026/05/30(土) 16:00 キックオフ,東京都立大学,23,須藤 星空,2,MF,90,先発,0,0,0,0,0.0
2026/05/30(土) 16:00 キックオフ,東京都立大学,24,坂井 玲仁,2,MF,78,先発,0,0,0,0,0.0
2026/05/30(土) 16:00 キックオフ,東京都立大学,27,西田 有之介,2,MF,57,先発,0,0,0,0,0.0
2026/05/30(土) 16:00 キックオフ,東京都立大学,71,西川 大翔,3,MF,81,先発,0,0,0,0,0.0
2026/05/30(土) 16:00 キックオフ,東京都立大学,10,塩田 琢磨,4,FW,90,先発,2,0,2,0,0.0
2026/05/30(土) 16:00 キックオフ,東京都立大学,12,中田 幹登,3,GK,0,控え,0,0,0,0,0.0
2026/05/30(土) 16:00 キックオフ,東京都立大学,5,赤松 凜大郎,4,DF,0,控え,0,0,0,0,0.0
2026/05/30(土) 16:00 キックオフ,東京都立大学,22,若山 璃皇,3,DF,0,控え,0,0,0,0,0.0
2026/05/30(土) 16:00 キックオフ,東京都立大学,89,伊藤 優汰,4,DF,0,控え,0,0,0,0,0.0
2026/05/30(土) 16:00 キックオフ,東京都立大学,99,中田　涼介,2,DF,9,控え,0,0,0,0,0.0
2026/05/30(土) 16:00 キックオフ,東京都立大学,15,上坂 緩大,3,MF,0,控え,0,0,0,0,0.0
2026/05/30(土) 16:00 キックオフ,東京都立大学,19,堤崎　陽琉,1,MF,21,控え,0,0,0,0,0.0
2026/05/30(土) 16:00 キックオフ,東京都立大学,21,森山 太稀,2,MF,12,控え,0,0,0,0,0.0
2026/05/30(土) 16:00 キックオフ,東京都立大学,41,宮嶋 優良,4,FW,33,控え,0,0,0,0,0.0
2026/05/30(土) 16:00 キックオフ,創価大学,12,山口 颯太,2,GK,90,先発,0,0,0,0,0.0
2026/05/30(土) 16:00 キックオフ,創価大学,2,秋田　俊博,1,DF,90,先発,0,0,0,0,0.0
2026/05/30(土) 16:00 キックオフ,創価大学,5,矢田 英一,2,DF,90,先発,0,0,0,0,0.0
2026/05/30(土) 16:00 キックオフ,創価大学,7,滝澤 伸明,3,DF,90,先発,0,0,0,0,0.0
2026/05/30(土) 16:00 キックオフ,創価大学,30,中澤 義彦,3,FW,90,先発,0,0,0,0,0.0
2026/05/30(土) 16:00 キックオフ,創価大学,8,小倉 優輝,4,MF,90,先発,1,0,1,0,0.0
2026/05/30(土) 16:00 キックオフ,創価大学,22,森本 誉,2,MF,76,先発,0,0,0,0,0.0
2026/05/30(土) 16:00 キックオフ,創価大学,55,吉川 駿,3,MF,81,先発,0,1,1,0,0.0
2026/05/30(土) 16:00 キックオフ,創価大学,77,綾部　伸博,1,MF,90,先発,0,0,0,0,0.0
2026/05/30(土) 16:00 キックオフ,創価大学,20,石塚 涼,不明,FW,82,先発,1,0,1,0,0.0
2026/05/30(土) 16:00 キックオフ,創価大学,17,林田 勇誠,4,FW,69,先発,0,1,1,0,0.0
2026/05/30(土) 16:00 キックオフ,創価大学,41,森田　翔大,1,GK,0,控え,0,0,0,0,0.0
2026/05/30(土) 16:00 キックオフ,創価大学,44,飯島　侑久,3,MF,9,控え,0,0,0,0,0.0
2026/05/30(土) 16:00 キックオフ,創価大学,32,東堂 秀明,4,DF,0,控え,0,0,0,0,0.0
2026/05/30(土) 16:00 キックオフ,創価大学,3,岡田 達也,2,FW,8,控え,0,1,1,0,0.0
2026/05/30(土) 16:00 キックオフ,創価大学,11,茂俣　勇気,2,MF,14,控え,0,0,0,0,0.0
2026/05/30(土) 16:00 キックオフ,創価大学,88,吉田　英知,1,FW,21,控え,0,1,1,0,0.0
2026/05/31(日) 11:00 キックオフ,成蹊大学,64,汐﨑　弘心,3,GK,90,先発,0,0,0,0,0.0
2026/05/31(日) 11:00 キックオフ,成蹊大学,2,梶谷　一晴,4,DF,90,先発,1,0,1,0,0.0
2026/05/31(日) 11:00 キックオフ,成蹊大学,3,岡嶋　大斗,3,DF,90,先発,0,0,0,0,0.0
2026/05/31(日) 11:00 キックオフ,成蹊大学,25,川端　唯斗,2,DF,80,先発,1,0,1,0,0.0
2026/05/31(日) 11:00 キックオフ,成蹊大学,14,鈴木　龍太朗,4,DF,90,先発,0,2,2,0,0.0
2026/05/31(日) 11:00 キックオフ,成蹊大学,26,西脇　雄太,3,MF,90,先発,0,0,0,0,0.0
2026/05/31(日) 11:00 キックオフ,成蹊大学,17,境田　海斗,4,MF,90,先発,0,0,0,0,0.0
2026/05/31(日) 11:00 キックオフ,成蹊大学,8,岡崎　陽城,4,MF,69,先発,0,0,0,0,0.0
2026/05/31(日) 11:00 キックオフ,成蹊大学,9,上野　朔汰,3,FW,83,先発,1,2,3,0,0.0
2026/05/31(日) 11:00 キックオフ,成蹊大学,50,宇田川　航生,4,FW,90,先発,1,1,2,0,0.0
2026/05/31(日) 11:00 キックオフ,成蹊大学,32,中村　翔和,2,FW,64,先発,1,1,2,0,0.0
2026/05/31(日) 11:00 キックオフ,成蹊大学,1,島谷　侑征,4,GK,0,控え,0,0,0,0,0.0
2026/05/31(日) 11:00 キックオフ,成蹊大学,6,濱名　桜次郎,4,DF,26,控え,0,2,2,0,0.0
2026/05/31(日) 11:00 キックオフ,成蹊大学,23,五十嵐　達也,3,DF,10,控え,0,1,1,0,0.0
2026/05/31(日) 11:00 キックオフ,成蹊大学,69,安達　頑生,1,DF,7,控え,0,0,0,0,0.0
2026/05/31(日) 11:00 キックオフ,成蹊大学,71,崎山　琉生,1,DF,0,控え,0,0,0,0,0.0
2026/05/31(日) 11:00 キックオフ,成蹊大学,19,宇崎　晴斗,2,MF,0,控え,0,0,0,0,0.0
2026/05/31(日) 11:00 キックオフ,成蹊大学,39,斉藤　大晶,2,MF,0,控え,0,0,0,0,0.0
2026/05/31(日) 11:00 キックオフ,成蹊大学,72,元島　隆之助,1,FW,0,控え,0,0,0,0,0.0
2026/05/31(日) 11:00 キックオフ,成蹊大学,88,辻　文大,2,FW,21,控え,0,0,0,0,0.0
2026/05/31(日) 11:00 キックオフ,東京理科大学,1,山本　大介,3,GK,90,先発,0,0,0,0,0.0
2026/05/31(日) 11:00 キックオフ,東京理科大学,41,為我井　煌生,3,DF,90,先発,0,0,0,0,0.0
2026/05/31(日) 11:00 キックオフ,東京理科大学,54,神保　朋季,4,DF,90,先発,0,1,1,0,0.0
2026/05/31(日) 11:00 キックオフ,東京理科大学,66,守屋　大地,3,MF,60,先発,0,0,0,0,0.0
2026/05/31(日) 11:00 キックオフ,東京理科大学,16,吉岡　宏彬,3,MF,90,先発,1,0,1,0,0.0
2026/05/31(日) 11:00 キックオフ,東京理科大学,8,白川　陽,4,MF,90,先発,0,0,0,0,0.0
2026/05/31(日) 11:00 キックオフ,東京理科大学,51,長島　正悟,3,MF,80,先発,0,0,0,0,0.0
2026/05/31(日) 11:00 キックオフ,東京理科大学,10,原　虎太郎,4,MF,89,先発,0,0,0,0,0.0
2026/05/31(日) 11:00 キックオフ,東京理科大学,29,櫻井　友翔,2,FW,90,先発,0,0,0,0,0.0
2026/05/31(日) 11:00 キックオフ,東京理科大学,77,高島　大河,3,FW,74,先発,1,0,1,0,0.0
2026/05/31(日) 11:00 キックオフ,東京理科大学,11,鈴木　冬聖,4,FW,90,先発,0,1,1,0,0.0
2026/05/31(日) 11:00 キックオフ,東京理科大学,28,鷹野　翼,2,GK,0,控え,0,0,0,0,0.0
2026/05/31(日) 11:00 キックオフ,東京理科大学,5,伊藤　涼真,4,DF,30,控え,0,0,0,0,0.0
2026/05/31(日) 11:00 キックオフ,東京理科大学,15,堂　哲郎,3,DF,0,控え,0,0,0,0,0.0
2026/05/31(日) 11:00 キックオフ,東京理科大学,14,國武　慈温,4,MF,10,控え,0,0,0,0,0.0
2026/05/31(日) 11:00 キックオフ,東京理科大学,71,篠原　烈士,2,MF,1,控え,0,0,0,0,0.0
2026/05/31(日) 11:00 キックオフ,東京理科大学,27,福原　圭汰,4,MF,0,控え,0,0,0,0,0.0
2026/05/31(日) 11:00 キックオフ,東京理科大学,69,松永　陸杜,2,MF,0,控え,0,0,0,0,0.0
2026/05/31(日) 11:00 キックオフ,東京理科大学,22,田口　育磨,2,MF,0,控え,0,0,0,0,0.0
2026/05/31(日) 11:00 キックオフ,東京理科大学,9,内本　達三郎,4,FW,16,控え,0,0,0,0,0.0
2026/05/31(日) 14:30 キックオフ,一橋大学,4,相内　馨太,3,DF,90,先発,0,0,0,0,0.0
2026/05/31(日) 14:30 キックオフ,一橋大学,5,若林　慧,4,DF,79,先発,0,0,0,0,0.0
2026/05/31(日) 14:30 キックオフ,一橋大学,7,森田　敢三,4,MF,90,先発,0,2,2,1,50.0
2026/05/31(日) 14:30 キックオフ,一橋大学,8,佐野　翔優,2,MF,80,先発,0,0,0,0,0.0
2026/05/31(日) 14:30 キックオフ,一橋大学,9,藤野　太郎,3,FW,90,先発,0,0,0,0,0.0
2026/05/31(日) 14:30 キックオフ,一橋大学,10,上尾　陸,4,MF,90,先発,0,1,1,1,100.0
2026/05/31(日) 14:30 キックオフ,一橋大学,11,藤原　凌,4,FW,90,先発,0,0,0,0,0.0
2026/05/31(日) 14:30 キックオフ,一橋大学,15,髙木　秀輔,4,MF,59,先発,0,0,0,0,0.0
2026/05/31(日) 14:30 キックオフ,一橋大学,16,石塚　巧人,2,MF,71,先発,1,0,1,0,0.0
2026/05/31(日) 14:30 キックオフ,一橋大学,21,藤原　拓海,4,GK,90,先発,0,0,0,0,0.0
2026/05/31(日) 14:30 キックオフ,一橋大学,24,深田　篤史,4,DF,59,先発,1,0,1,0,0.0
2026/05/31(日) 14:30 キックオフ,一橋大学,2,河田　一心,3,MF,31,控え,0,1,1,0,0.0
2026/05/31(日) 14:30 キックオフ,一橋大学,17,日外　晴人,3,MF,10,控え,0,0,0,0,0.0
2026/05/31(日) 14:30 キックオフ,一橋大学,18,丸茂　琥哲,4,FW,0,控え,0,0,0,0,0.0
2026/05/31(日) 14:30 キックオフ,一橋大学,19,石川　透羽,3,MF,0,控え,0,0,0,0,0.0
2026/05/31(日) 14:30 キックオフ,一橋大学,20,菱伊　康太,4,MF,19,控え,0,1,1,0,0.0
2026/05/31(日) 14:30 キックオフ,一橋大学,22,鈴木　泰人,3,DF,11,控え,0,0,0,0,0.0
2026/05/31(日) 14:30 キックオフ,一橋大学,23,中本　善也,4,MF,0,控え,0,0,0,0,0.0
2026/05/31(日) 14:30 キックオフ,一橋大学,25,村井　駿太,2,DF,31,控え,0,2,2,0,0.0
2026/05/31(日) 14:30 キックオフ,一橋大学,41,兼松　大志,2,GK,0,控え,0,0,0,0,0.0
2026/05/31(日) 14:30 キックオフ,芝浦工業大学,2,大塚　郷平,2,DF,90,先発,0,0,0,0,0.0
2026/05/31(日) 14:30 キックオフ,芝浦工業大学,3,森本　紘大,4,MF,61,先発,0,0,0,0,0.0
2026/05/31(日) 14:30 キックオフ,芝浦工業大学,6,杉本　健真,4,MF,86,先発,1,0,1,0,0.0
2026/05/31(日) 14:30 キックオフ,芝浦工業大学,8,渡邉　悠斗,4,MF,90,先発,2,0,2,0,0.0
2026/05/31(日) 14:30 キックオフ,芝浦工業大学,9,水飼　隼成,4,MF,77,先発,0,0,0,0,0.0
2026/05/31(日) 14:30 キックオフ,芝浦工業大学,10,荒井　大和,4,MF,90,先発,0,1,1,1,100.0
2026/05/31(日) 14:30 キックオフ,芝浦工業大学,11,三田村　龍,4,MF,90,先発,0,0,0,0,0.0
2026/05/31(日) 14:30 キックオフ,芝浦工業大学,12,金子　武蔵,1,GK,90,先発,0,0,0,0,0.0
2026/05/31(日) 14:30 キックオフ,芝浦工業大学,21,小池　誠一朗,1,MF,90,先発,0,1,1,0,0.0
2026/05/31(日) 14:30 キックオフ,芝浦工業大学,23,佐々木　啓太朗,3,DF,90,先発,0,0,0,0,0.0
2026/05/31(日) 14:30 キックオフ,芝浦工業大学,37,桐山　将成,3,MF,57,先発,2,1,3,0,0.0
2026/05/31(日) 14:30 キックオフ,芝浦工業大学,1,八木原　嘉泉,3,GK,0,控え,0,0,0,0,0.0
2026/05/31(日) 14:30 キックオフ,芝浦工業大学,4,吉田　來夢,2,DF,29,控え,0,0,0,0,0.0
2026/05/31(日) 14:30 キックオフ,芝浦工業大学,7,オルギン　カズオ,4,FW,33,控え,0,0,0,0,0.0
2026/05/31(日) 14:30 キックオフ,芝浦工業大学,17,多胡　侑晟,4,DF,4,控え,0,0,0,0,0.0
2026/05/31(日) 14:30 キックオフ,芝浦工業大学,20,野村　晋平,3,FW,13,控え,0,0,0,0,0.0
2026/05/31(日) 14:30 キックオフ,芝浦工業大学,33,羽生田　拓郁,2,FW,0,控え,0,0,0,0,0.0
2026/05/31(日) 14:30 キックオフ,芝浦工業大学,39,疋田　康成,2,MF,0,控え,0,0,0,0,0.0
2026/05/31(日) 14:30 キックオフ,芝浦工業大学,56,藤森　日向大,1,MF,4,控え,0,0,0,0,0.0
2026/05/31(日) 14:30 キックオフ,芝浦工業大学,59,八坂　昂輝,1,MF,0,控え,0,0,0,0,0.0
2026/06/14(日) 10:00 キックオフ,東京理科大学,1,山本　大介,3,GK,90,先発,0,0,0,0,0.0
2026/06/14(日) 10:00 キックオフ,東京理科大学,5,伊藤　涼真,4,DF,90,先発,0,0,0,0,0.0
2026/06/14(日) 10:00 キックオフ,東京理科大学,41,為我井　煌生,3,DF,90,先発,0,0,0,0,0.0
2026/06/14(日) 10:00 キックオフ,東京理科大学,54,神保　朋季,4,DF,90,先発,1,0,1,0,0.0
2026/06/14(日) 10:00 キックオフ,東京理科大学,8,白川　陽,4,MF,90,先発,2,0,2,0,0.0
2026/06/14(日) 10:00 キックオフ,東京理科大学,16,吉岡　宏彬,3,MF,83,先発,0,0,0,0,0.0
2026/06/14(日) 10:00 キックオフ,東京理科大学,27,福原　圭汰,4,MF,63,先発,2,0,2,0,0.0
2026/06/14(日) 10:00 キックオフ,東京理科大学,51,長島　正悟,3,MF,81,先発,0,1,1,0,0.0
2026/06/14(日) 10:00 キックオフ,東京理科大学,77,高島　大河,3,FW,90,先発,0,0,0,0,0.0
2026/06/14(日) 10:00 キックオフ,東京理科大学,9,内本　達三郎,4,FW,60,先発,0,0,0,0,0.0
2026/06/14(日) 10:00 キックオフ,東京理科大学,11,鈴木　冬聖,4,FW,90,先発,0,0,0,0,0.0
2026/06/14(日) 10:00 キックオフ,東京理科大学,28,鷹野　翼,2,GK,0,控え,0,0,0,0,0.0
2026/06/14(日) 10:00 キックオフ,東京理科大学,4,鈴木　敬吾,3,DF,27,控え,0,0,0,0,0.0
2026/06/14(日) 10:00 キックオフ,東京理科大学,15,堂　哲郎,3,DF,0,控え,0,0,0,0,0.0
2026/06/14(日) 10:00 キックオフ,東京理科大学,71,篠原　烈士,2,MF,7,控え,0,0,0,0,0.0
2026/06/14(日) 10:00 キックオフ,東京理科大学,14,國武　慈温,4,MF,9,控え,0,2,2,0,0.0
2026/06/14(日) 10:00 キックオフ,東京理科大学,10,原　虎太郎,4,MF,30,控え,0,0,0,0,0.0
2026/06/14(日) 10:00 キックオフ,東京理科大学,52,早瀬　玲,2,FW,0,控え,0,0,0,0,0.0
2026/06/14(日) 10:00 キックオフ,日本文化大學,1,山本　章介,2,GK,90,先発,0,0,0,0,0.0
2026/06/14(日) 10:00 キックオフ,日本文化大學,3,中野　万輝斗,2,DF,90,先発,2,0,2,0,0.0
2026/06/14(日) 10:00 キックオフ,日本文化大學,4,黒沢　耀,1,DF,90,先発,0,0,0,0,0.0
2026/06/14(日) 10:00 キックオフ,日本文化大學,2,嶺野　悠斗,2,DF,90,先発,0,0,0,0,0.0
2026/06/14(日) 10:00 キックオフ,日本文化大學,5,日野原　十矢,1,DF,90,先発,0,0,0,0,0.0
2026/06/14(日) 10:00 キックオフ,日本文化大學,6,岸上　一吹,1,MF,70,先発,0,0,0,0,0.0
2026/06/14(日) 10:00 キックオフ,日本文化大學,8,松野　竜成,3,FW,90,先発,2,2,4,1,25.0
2026/06/14(日) 10:00 キックオフ,日本文化大學,10,クリムキ　アンドリュー,2,FW,71,先発,0,1,1,1,100.0
2026/06/14(日) 10:00 キックオフ,日本文化大學,7,村瀬　陸斗,1,MF,90,先発,1,0,1,0,0.0
2026/06/14(日) 10:00 キックオフ,日本文化大學,9,間野　翼,3,MF,90,先発,2,2,4,0,0.0
2026/06/14(日) 10:00 キックオフ,日本文化大學,11,井之﨑　隼也,2,FW,77,先発,0,1,1,0,0.0
2026/06/14(日) 10:00 キックオフ,日本文化大學,31,鈴木　彪琉,1,GK,0,控え,0,0,0,0,0.0
2026/06/14(日) 10:00 キックオフ,日本文化大學,16,小泉　伶真,2,DF,0,控え,0,0,0,0,0.0
2026/06/14(日) 10:00 キックオフ,日本文化大學,37,安部　柊冴,2,MF,0,控え,0,0,0,0,0.0
2026/06/14(日) 10:00 キックオフ,日本文化大學,13,宮里　飛雄馬,2,MF,20,控え,0,0,0,0,0.0
2026/06/14(日) 10:00 キックオフ,日本文化大學,34,前野　正明,1,MF,0,控え,0,0,0,0,0.0
2026/06/14(日) 10:00 キックオフ,日本文化大學,29,伊藤　陽向,1,MF,19,控え,0,0,0,0,0.0
2026/06/14(日) 10:00 キックオフ,日本文化大學,25,竹井　絆晟,2,FW,0,控え,0,0,0,0,0.0
2026/06/14(日) 10:00 キックオフ,日本文化大學,14,笹岡　サスケ,2,FW,0,控え,0,0,0,0,0.0
2026/06/14(日) 10:00 キックオフ,日本文化大學,22,田上　伊織,1,FW,13,控え,0,0,0,0,0.0
2026/06/14(日) 11:00 キックオフ,成蹊大学,21,柏﨑　海翔,3,GK,90,先発,0,0,0,0,0.0
2026/06/14(日) 11:00 キックオフ,成蹊大学,6,濱名　桜次郎,4,DF,90,先発,0,5,5,0,0.0
2026/06/14(日) 11:00 キックオフ,成蹊大学,3,岡嶋　大斗,3,DF,90,先発,0,0,0,0,0.0
2026/06/14(日) 11:00 キックオフ,成蹊大学,16,平工　雄大,3,DF,90,先発,1,2,3,0,0.0
2026/06/14(日) 11:00 キックオフ,成蹊大学,14,鈴木　龍太朗,4,DF,90,先発,0,1,1,0,0.0
2026/06/14(日) 11:00 キックオフ,成蹊大学,26,西脇　雄太,3,MF,90,先発,0,1,1,0,0.0
2026/06/14(日) 11:00 キックオフ,成蹊大学,17,境田　海斗,4,MF,79,先発,1,0,1,0,0.0
2026/06/14(日) 11:00 キックオフ,成蹊大学,7,上野　凌空,4,FW,80,先発,0,5,5,0,0.0
2026/06/14(日) 11:00 キックオフ,成蹊大学,13,三城　慶人,3,MF,87,先発,2,2,4,0,0.0
2026/06/14(日) 11:00 キックオフ,成蹊大学,32,中村　翔和,2,MF,76,先発,2,5,7,0,0.0
2026/06/14(日) 11:00 キックオフ,成蹊大学,88,辻　文大,2,FW,61,先発,2,1,3,0,0.0
2026/06/14(日) 11:00 キックオフ,成蹊大学,64,汐﨑　弘心,3,GK,0,控え,0,0,0,0,0.0
2026/06/14(日) 11:00 キックオフ,成蹊大学,2,梶谷　一晴,4,DF,3,控え,0,0,0,0,0.0
2026/06/14(日) 11:00 キックオフ,成蹊大学,15,山路　周平,3,DF,0,控え,0,0,0,0,0.0
2026/06/14(日) 11:00 キックオフ,成蹊大学,25,川端　唯斗,2,DF,0,控え,0,0,0,0,0.0
2026/06/14(日) 11:00 キックオフ,成蹊大学,8,岡崎　陽城,4,MF,0,控え,0,0,0,0,0.0
2026/06/14(日) 11:00 キックオフ,成蹊大学,24,奥村　拓未,2,MF,11,控え,0,0,0,0,0.0
2026/06/14(日) 11:00 キックオフ,成蹊大学,89,廣田　理一,2,MF,10,控え,0,0,0,0,0.0
2026/06/14(日) 11:00 キックオフ,成蹊大学,9,上野　朔汰,3,FW,14,控え,0,0,0,0,0.0
2026/06/14(日) 11:00 キックオフ,成蹊大学,11,池田　豪,4,FW,29,控え,0,4,4,1,25.0
2026/06/14(日) 11:00 キックオフ,防衛大学校（神奈川県）,21,見陣　孝征,1,GK,90,先発,0,0,0,0,0.0
2026/06/14(日) 11:00 キックオフ,防衛大学校（神奈川県）,7,今井　燦,4,DF,90,先発,0,0,0,0,0.0
2026/06/14(日) 11:00 キックオフ,防衛大学校（神奈川県）,14,磯部　光,2,DF,90,先発,0,0,0,0,0.0
2026/06/14(日) 11:00 キックオフ,防衛大学校（神奈川県）,23,石川　太朗,2,DF,90,先発,0,1,1,0,0.0
2026/06/14(日) 11:00 キックオフ,防衛大学校（神奈川県）,26,森　優朔,2,DF,90,先発,0,0,0,0,0.0
2026/06/14(日) 11:00 キックオフ,防衛大学校（神奈川県）,8,永岡　陸大,3,MF,90,先発,0,0,0,0,0.0
2026/06/14(日) 11:00 キックオフ,防衛大学校（神奈川県）,11,中山　皓太,3,MF,90,先発,0,0,0,0,0.0
2026/06/14(日) 11:00 キックオフ,防衛大学校（神奈川県）,19,高宮　基椰,3,MF,83,先発,1,0,1,0,0.0
2026/06/14(日) 11:00 キックオフ,防衛大学校（神奈川県）,29,大沼　佳樹,3,MF,90,先発,1,0,1,0,0.0
2026/06/14(日) 11:00 キックオフ,防衛大学校（神奈川県）,6,塩野　桜太,3,FW,90,先発,0,0,0,0,0.0
2026/06/14(日) 11:00 キックオフ,防衛大学校（神奈川県）,9,堀田　理人,3,FW,80,先発,0,1,1,0,0.0
2026/06/14(日) 11:00 キックオフ,防衛大学校（神奈川県）,1,市村　洋介,2,GK,0,控え,0,0,0,0,0.0
2026/06/14(日) 11:00 キックオフ,防衛大学校（神奈川県）,3,野口　佳那人,4,DF,0,控え,0,0,0,0,0.0
2026/06/14(日) 11:00 キックオフ,防衛大学校（神奈川県）,4,岸本　拓也,4,DF,0,控え,0,0,0,0,0.0
2026/06/14(日) 11:00 キックオフ,防衛大学校（神奈川県）,13,深川　蓮斗,3,DF,0,控え,0,0,0,0,0.0
2026/06/14(日) 11:00 キックオフ,防衛大学校（神奈川県）,25,外崎　和輝,3,DF,0,控え,0,0,0,0,0.0
2026/06/14(日) 11:00 キックオフ,防衛大学校（神奈川県）,24,坪井　晃希,2,MF,0,控え,0,0,0,0,0.0
2026/06/14(日) 11:00 キックオフ,防衛大学校（神奈川県）,27,坂本　弥徠,1,MF,7,控え,0,0,0,0,0.0
2026/06/14(日) 11:00 キックオフ,防衛大学校（神奈川県）,32,山内　陽童,1,MF,10,控え,0,0,0,0,0.0
2026/06/14(日) 11:00 キックオフ,防衛大学校（神奈川県）,33,毛利　優夫,3,MF,0,控え,0,0,0,0,0.0
2026/06/14(日) 11:30 キックオフ,創価大学,5,矢田 英一,2,DF,90,先発,1,1,2,1,50.0
2026/06/14(日) 11:30 キックオフ,創価大学,6,大西　拓弥,1,DF,45,先発,0,0,0,0,0.0
2026/06/14(日) 11:30 キックオフ,創価大学,7,滝澤 伸明,3,DF,90,先発,1,1,2,0,0.0
2026/06/14(日) 11:30 キックオフ,創価大学,8,小倉 優輝,4,MF,90,先発,1,1,2,0,0.0
2026/06/14(日) 11:30 キックオフ,創価大学,20,石塚 涼,不明,FW,90,先発,0,1,1,0,0.0
2026/06/14(日) 11:30 キックオフ,創価大学,22,森本 誉,2,MF,45,先発,1,0,1,0,0.0
2026/06/14(日) 11:30 キックオフ,創価大学,24,束原　健太,1,MF,90,先発,0,0,0,0,0.0
2026/06/14(日) 11:30 キックオフ,創価大学,41,森田　翔大,1,GK,90,先発,0,0,0,0,0.0
2026/06/14(日) 11:30 キックオフ,創価大学,55,吉川 駿,3,MF,90,先発,0,1,1,1,100.0
2026/06/14(日) 11:30 キックオフ,創価大学,77,綾部　伸博,1,MF,90,先発,0,1,1,0,0.0
2026/06/14(日) 11:30 キックオフ,創価大学,88,吉田　英知,1,FW,90,先発,2,0,2,0,0.0
2026/06/14(日) 11:30 キックオフ,創価大学,15,石川 剣心,4,FW,0,控え,0,0,0,0,0.0
2026/06/14(日) 11:30 キックオフ,創価大学,21,甫坂 秀明,4,GK,0,控え,0,0,0,0,0.0
2026/06/14(日) 11:30 キックオフ,創価大学,30,中澤 義彦,3,FW,45,控え,0,0,0,0,0.0
2026/06/14(日) 11:30 キックオフ,創価大学,32,東堂 秀明,4,DF,0,控え,0,0,0,0,0.0
2026/06/14(日) 11:30 キックオフ,創価大学,44,飯島　侑久,3,MF,45,控え,0,0,0,0,0.0
2026/06/14(日) 11:30 キックオフ,創価大学,65,田村　伸広,1,MF,0,控え,0,0,0,0,0.0
2026/06/14(日) 11:30 キックオフ,創価大学,80,舟橋 聡,2,DF,0,控え,0,0,0,0,0.0
2026/06/14(日) 11:30 キックオフ,芝浦工業大学,2,大塚　郷平,2,DF,70,先発,1,0,1,1,100.0
2026/06/14(日) 11:30 キックオフ,芝浦工業大学,6,杉本　健真,4,MF,90,先発,0,0,0,1,0.0
2026/06/14(日) 11:30 キックオフ,芝浦工業大学,7,オルギン　カズオ,4,FW,90,先発,1,0,1,0,0.0
2026/06/14(日) 11:30 キックオフ,芝浦工業大学,10,荒井　大和,4,MF,90,先発,2,0,2,0,0.0
2026/06/14(日) 11:30 キックオフ,芝浦工業大学,11,三田村　龍,4,MF,90,先発,0,0,0,0,0.0
2026/06/14(日) 11:30 キックオフ,芝浦工業大学,12,金子　武蔵,1,GK,76,先発,0,0,0,0,0.0
2026/06/14(日) 11:30 キックオフ,芝浦工業大学,17,多胡　侑晟,4,DF,90,先発,0,0,0,0,0.0
2026/06/14(日) 11:30 キックオフ,芝浦工業大学,21,小池　誠一朗,1,MF,90,先発,1,0,1,0,0.0
2026/06/14(日) 11:30 キックオフ,芝浦工業大学,23,佐々木　啓太朗,3,DF,76,先発,0,1,1,0,0.0
2026/06/14(日) 11:30 キックオフ,芝浦工業大学,37,桐山　将成,3,MF,76,先発,0,0,0,0,0.0
2026/06/14(日) 11:30 キックオフ,芝浦工業大学,43,近藤　遥音,2,MF,60,先発,0,0,0,0,0.0
2026/06/14(日) 11:30 キックオフ,芝浦工業大学,1,八木原　嘉泉,3,GK,14,控え,0,0,0,0,0.0
2026/06/14(日) 11:30 キックオフ,芝浦工業大学,3,森本　紘大,4,MF,20,控え,0,0,0,0,0.0
2026/06/14(日) 11:30 キックオフ,芝浦工業大学,4,吉田　來夢,2,DF,0,控え,0,0,0,0,0.0
2026/06/14(日) 11:30 キックオフ,芝浦工業大学,8,渡邉　悠斗,4,MF,14,控え,0,0,0,0,0.0
2026/06/14(日) 11:30 キックオフ,芝浦工業大学,9,水飼　隼成,4,MF,30,控え,0,0,0,0,0.0
2026/06/14(日) 11:30 キックオフ,芝浦工業大学,33,羽生田　拓郁,2,FW,0,控え,0,0,0,0,0.0
2026/06/14(日) 11:30 キックオフ,芝浦工業大学,34,梅津　涼,2,MF,0,控え,0,0,0,0,0.0
2026/06/14(日) 11:30 キックオフ,芝浦工業大学,39,疋田　康成,2,MF,0,控え,0,0,0,0,0.0
2026/06/14(日) 11:30 キックオフ,芝浦工業大学,56,藤森　日向大,1,MF,14,控え,0,0,0,0,0.0
2026/06/14(日) 13:00 キックオフ,東京大学,2,柏村 直登,4,MF,90,先発,0,0,0,0,0.0
2026/06/14(日) 13:00 キックオフ,東京大学,4,池澤 健剛,3,DF,90,先発,1,0,1,0,0.0
2026/06/14(日) 13:00 キックオフ,東京大学,8,花岡 大楽,3,MF,90,先発,0,0,0,0,0.0
2026/06/14(日) 13:00 キックオフ,東京大学,9,大西 達也,4,FW,90,先発,1,0,1,0,0.0
2026/06/14(日) 13:00 キックオフ,東京大学,10,河島 誠二郎,4,MF,90,先発,1,1,2,1,50.0
2026/06/14(日) 13:00 キックオフ,東京大学,13,丸山　凱智,3,GK,90,先発,0,0,0,0,0.0
2026/06/14(日) 13:00 キックオフ,東京大学,14,高木 勇仁,4,MF,90,先発,1,1,2,0,0.0
2026/06/14(日) 13:00 キックオフ,東京大学,16,馬渕 太我,2,MF,57,先発,0,0,0,0,0.0
2026/06/14(日) 13:00 キックオフ,東京大学,17,岡田 詠,3,MF,70,先発,0,1,1,0,0.0
2026/06/14(日) 13:00 キックオフ,東京大学,18,遠藤 雅仁,3,FW,57,先発,1,1,2,0,0.0
2026/06/14(日) 13:00 キックオフ,東京大学,19,大谷 遼一,4,FW,65,先発,1,0,1,0,0.0
2026/06/14(日) 13:00 キックオフ,東京大学,1,里見 悠成,4,GK,0,控え,0,0,0,0,0.0
2026/06/14(日) 13:00 キックオフ,東京大学,3,山中 歩太,2,DF,20,控え,0,0,0,0,0.0
2026/06/14(日) 13:00 キックオフ,東京大学,6,長田 夕輝,4,MF,33,控え,0,1,1,0,0.0
2026/06/14(日) 13:00 キックオフ,東京大学,11,長谷川 泰斗,2,FW,33,控え,0,2,2,1,50.0
2026/06/14(日) 13:00 キックオフ,東京大学,20,秋馬　光佑,4,FW,0,控え,0,0,0,0,0.0
2026/06/14(日) 13:00 キックオフ,東京大学,26,田島 誠志郎,3,FW,25,控え,0,0,0,0,0.0
2026/06/14(日) 13:00 キックオフ,東京大学,28,安藤 颯馬,3,DF,0,控え,0,0,0,0,0.0
2026/06/14(日) 13:00 キックオフ,東京大学,29,エイシー　埜亜,1,MF,0,控え,0,0,0,0,0.0
2026/06/14(日) 13:00 キックオフ,東京大学,33,松尾 仁之介,4,DF,0,控え,0,0,0,0,0.0
2026/06/14(日) 13:00 キックオフ,東京都立大学,4,福田 怜央,4,DF,90,先発,0,0,0,0,0.0
2026/06/14(日) 13:00 キックオフ,東京都立大学,10,塩田 琢磨,4,FW,60,先発,3,0,3,1,33.3
2026/06/14(日) 13:00 キックオフ,東京都立大学,2,竹谷　晄希,1,DF,90,先発,0,0,0,0,0.0
2026/06/14(日) 13:00 キックオフ,東京都立大学,47,渡辺 康太,2,DF,82,先発,0,0,0,0,0.0
2026/06/14(日) 13:00 キックオフ,東京都立大学,12,中田 幹登,3,GK,90,先発,0,0,0,0,0.0
2026/06/14(日) 13:00 キックオフ,東京都立大学,19,堤崎　陽琉,1,MF,71,先発,0,0,0,0,0.0
2026/06/14(日) 13:00 キックオフ,東京都立大学,21,森山 太稀,2,MF,90,先発,0,5,5,0,0.0
2026/06/14(日) 13:00 キックオフ,東京都立大学,22,若山 璃皇,3,DF,90,先発,0,0,0,0,0.0
2026/06/14(日) 13:00 キックオフ,東京都立大学,23,須藤 星空,2,MF,90,先発,0,0,0,0,0.0
2026/06/14(日) 13:00 キックオフ,東京都立大学,24,坂井 玲仁,2,MF,90,先発,0,0,0,0,0.0
2026/06/14(日) 13:00 キックオフ,東京都立大学,84,林 陸斗,2,DF,73,先発,0,0,0,0,0.0
2026/06/14(日) 13:00 キックオフ,東京都立大学,5,赤松 凜大郎,4,DF,17,控え,0,0,0,0,0.0
2026/06/14(日) 13:00 キックオフ,東京都立大学,7,程塚 駿太,3,MF,30,控え,0,1,1,0,0.0
2026/06/14(日) 13:00 キックオフ,東京都立大学,26,五島 凛也,2,DF,0,控え,0,0,0,0,0.0
2026/06/14(日) 13:00 キックオフ,東京都立大学,27,西田 有之介,2,MF,8,控え,0,0,0,0,0.0
2026/06/14(日) 13:00 キックオフ,東京都立大学,29,太田　金治,1,FW,0,控え,0,0,0,0,0.0
2026/06/14(日) 13:00 キックオフ,東京都立大学,33,朝見　元太,1,DF,0,控え,0,0,0,0,0.0
2026/06/14(日) 13:00 キックオフ,東京都立大学,61,荒瀬　智文,1,GK,0,控え,0,0,0,0,0.0
2026/06/14(日) 13:00 キックオフ,東京都立大学,71,西川 大翔,3,MF,19,控え,0,0,0,0,0.0
2026/06/14(日) 13:00 キックオフ,東京都立大学,99,中田　涼介,2,DF,0,控え,0,0,0,0,0.0
2026/06/14(日) 15:15 キックオフ,成城大学,1,金　悠聖,3,GK,90,先発,0,0,0,0,0.0
2026/06/14(日) 15:15 キックオフ,成城大学,4,川上　拓真,4,DF,90,先発,0,0,0,0,0.0
2026/06/14(日) 15:15 キックオフ,成城大学,3,稲葉　晴斗,3,DF,90,先発,0,1,1,1,100.0
2026/06/14(日) 15:15 キックオフ,成城大学,2,平井　涼真,3,DF,90,先発,0,1,1,0,0.0
2026/06/14(日) 15:15 キックオフ,成城大学,30,小菅　眞輝,1,DF,90,先発,1,0,1,0,0.0
2026/06/14(日) 15:15 キックオフ,成城大学,64,阿部　慶人,1,MF,90,先発,1,0,1,0,0.0
2026/06/14(日) 15:15 キックオフ,成城大学,71,新岡　醒茄,1,MF,81,先発,0,0,0,0,0.0
2026/06/14(日) 15:15 キックオフ,成城大学,56,福島　光希,1,MF,69,先発,0,0,0,0,0.0
2026/06/14(日) 15:15 キックオフ,成城大学,73,石原　幹太良,2,MF,69,先発,0,2,2,0,0.0
2026/06/14(日) 15:15 キックオフ,成城大学,8,池田　峻大,4,FW,81,先発,1,0,1,1,100.0
2026/06/14(日) 15:15 キックオフ,成城大学,10,田中　準人,3,FW,77,先発,2,0,2,1,50.0
2026/06/14(日) 15:15 キックオフ,成城大学,17,髙田　陽,3,GK,0,控え,0,0,0,0,0.0
2026/06/14(日) 15:15 キックオフ,成城大学,18,田中　暁也,2,DF,0,控え,0,0,0,0,0.0
2026/06/14(日) 15:15 キックオフ,成城大学,66,田邉　碧,4,DF,0,控え,0,0,0,0,0.0
2026/06/14(日) 15:15 キックオフ,成城大学,14,成田　悠陽,3,MF,9,控え,0,0,0,0,0.0
2026/06/14(日) 15:15 キックオフ,成城大学,22,石原　蒼,1,MF,21,控え,0,0,0,0,0.0
2026/06/14(日) 15:15 キックオフ,成城大学,7,三岡　大致,4,MF,9,控え,0,1,1,0,0.0
2026/06/14(日) 15:15 キックオフ,成城大学,55,加藤　智己,1,FW,21,控え,0,2,2,1,50.0
2026/06/14(日) 15:15 キックオフ,成城大学,9,鈴木　荘大,4,FW,0,控え,0,0,0,0,0.0
2026/06/14(日) 15:15 キックオフ,成城大学,31,飯沼　一真,1,FW,13,控え,0,1,1,0,0.0
2026/06/14(日) 15:15 キックオフ,一橋大学,21,藤原　拓海,4,GK,90,先発,0,0,0,0,0.0
2026/06/14(日) 15:15 キックオフ,一橋大学,24,深田　篤史,4,DF,90,先発,0,0,0,0,0.0
2026/06/14(日) 15:15 キックオフ,一橋大学,4,相内　馨太,3,DF,90,先発,0,0,0,0,0.0
2026/06/14(日) 15:15 キックオフ,一橋大学,5,若林　慧,4,DF,62,先発,0,0,0,0,0.0
2026/06/14(日) 15:15 キックオフ,一橋大学,15,髙木　秀輔,4,MF,53,先発,0,0,0,0,0.0
2026/06/14(日) 15:15 キックオフ,一橋大学,16,石塚　巧人,2,MF,90,先発,0,1,1,0,0.0
2026/06/14(日) 15:15 キックオフ,一橋大学,22,鈴木　泰人,3,DF,75,先発,0,0,0,0,0.0
2026/06/14(日) 15:15 キックオフ,一橋大学,9,藤野　太郎,3,FW,90,先発,1,0,1,1,100.0
2026/06/14(日) 15:15 キックオフ,一橋大学,11,藤原　凌,4,FW,90,先発,0,0,0,0,0.0
2026/06/14(日) 15:15 キックオフ,一橋大学,8,佐野　翔優,2,MF,79,先発,0,0,0,0,0.0
2026/06/14(日) 15:15 キックオフ,一橋大学,10,上尾　陸,4,MF,90,先発,1,0,1,0,0.0
2026/06/14(日) 15:15 キックオフ,一橋大学,41,兼松　大志,2,GK,0,控え,0,0,0,0,0.0
2026/06/14(日) 15:15 キックオフ,一橋大学,25,村井　駿太,2,DF,0,控え,0,0,0,0,0.0
2026/06/14(日) 15:15 キックオフ,一橋大学,13,深田　勇輝,4,DF,28,控え,0,0,0,0,0.0
2026/06/14(日) 15:15 キックオフ,一橋大学,17,日外　晴人,3,MF,15,控え,0,0,0,0,0.0
2026/06/14(日) 15:15 キックオフ,一橋大学,2,河田　一心,3,MF,37,控え,0,0,0,0,0.0
2026/06/14(日) 15:15 キックオフ,一橋大学,19,石川　透羽,3,MF,0,控え,0,0,0,0,0.0
2026/06/14(日) 15:15 キックオフ,一橋大学,7,森田　敢三,4,MF,0,控え,0,0,0,0,0.0
2026/06/14(日) 15:15 キックオフ,一橋大学,18,丸茂　琥哲,4,FW,11,控え,0,0,0,0,0.0
2026/06/14(日) 15:15 キックオフ,一橋大学,20,菱伊　康太,4,MF,0,控え,0,0,0,0,0.0
2026/06/20(土) 10:00 キックオフ,日本文化大學,1,山本　章介,2,GK,90,先発,0,0,0,0,0.0
2026/06/20(土) 10:00 キックオフ,日本文化大學,2,嶺野　悠斗,2,DF,90,先発,0,0,0,0,0.0
2026/06/20(土) 10:00 キックオフ,日本文化大學,3,中野　万輝斗,2,DF,90,先発,0,0,0,0,0.0
2026/06/20(土) 10:00 キックオフ,日本文化大學,4,黒沢　耀,1,DF,90,先発,0,0,0,0,0.0
2026/06/20(土) 10:00 キックオフ,日本文化大學,5,日野原　十矢,1,DF,90,先発,0,0,0,0,0.0
2026/06/20(土) 10:00 キックオフ,日本文化大學,7,村瀬　陸斗,1,MF,72,先発,0,0,0,0,0.0
2026/06/20(土) 10:00 キックオフ,日本文化大學,8,松野　竜成,3,FW,90,先発,2,1,3,0,0.0
2026/06/20(土) 10:00 キックオフ,日本文化大學,9,間野　翼,3,MF,90,先発,1,0,1,0,0.0
2026/06/20(土) 10:00 キックオフ,日本文化大學,11,井之﨑　隼也,2,FW,90,先発,0,0,0,0,0.0
2026/06/20(土) 10:00 キックオフ,日本文化大學,13,宮里　飛雄馬,2,MF,90,先発,0,0,0,0,0.0
2026/06/20(土) 10:00 キックオフ,日本文化大學,29,伊藤　陽向,1,MF,55,先発,0,0,0,0,0.0
2026/06/20(土) 10:00 キックオフ,日本文化大學,10,クリムキ　アンドリュー,2,FW,35,控え,0,0,0,0,0.0
2026/06/20(土) 10:00 キックオフ,日本文化大學,12,持永　莉玖,2,DF,0,控え,0,0,0,0,0.0
2026/06/20(土) 10:00 キックオフ,日本文化大學,14,笹岡　サスケ,2,FW,0,控え,0,0,0,0,0.0
2026/06/20(土) 10:00 キックオフ,日本文化大學,16,小泉　伶真,2,DF,0,控え,0,0,0,0,0.0
2026/06/20(土) 10:00 キックオフ,日本文化大學,24,伊皆　康輝,1,DF,0,控え,0,0,0,0,0.0
2026/06/20(土) 10:00 キックオフ,日本文化大學,31,鈴木　彪琉,1,GK,0,控え,0,0,0,0,0.0
2026/06/20(土) 10:00 キックオフ,日本文化大學,34,前野　正明,1,MF,0,控え,0,0,0,0,0.0
2026/06/20(土) 10:00 キックオフ,日本文化大學,37,安部　柊冴,2,MF,18,控え,0,1,1,0,0.0
2026/06/20(土) 10:00 キックオフ,日本文化大學,38,森　一馬,1,FW,0,控え,0,0,0,0,0.0
2026/06/20(土) 10:00 キックオフ,成蹊大学,6,濱名　桜次郎,4,DF,90,先発,0,2,2,0,0.0
2026/06/20(土) 10:00 キックオフ,成蹊大学,7,上野　凌空,4,FW,66,先発,1,0,1,0,0.0
2026/06/20(土) 10:00 キックオフ,成蹊大学,13,三城　慶人,3,MF,90,先発,1,2,3,1,33.3
2026/06/20(土) 10:00 キックオフ,成蹊大学,14,鈴木　龍太朗,4,DF,90,先発,0,0,0,0,0.0
2026/06/20(土) 10:00 キックオフ,成蹊大学,16,平工　雄大,3,DF,90,先発,0,0,0,0,0.0
2026/06/20(土) 10:00 キックオフ,成蹊大学,17,境田　海斗,4,MF,78,先発,0,0,0,0,0.0
2026/06/20(土) 10:00 キックオフ,成蹊大学,23,五十嵐　達也,3,DF,90,先発,1,0,1,0,0.0
2026/06/20(土) 10:00 キックオフ,成蹊大学,26,西脇　雄太,3,MF,90,先発,0,0,0,0,0.0
2026/06/20(土) 10:00 キックオフ,成蹊大学,32,中村　翔和,2,MF,90,先発,1,1,2,0,0.0
2026/06/20(土) 10:00 キックオフ,成蹊大学,50,宇田川　航生,4,FW,90,先発,0,0,0,0,0.0
2026/06/20(土) 10:00 キックオフ,成蹊大学,64,汐﨑　弘心,3,GK,86,先発,0,0,0,0,0.0
2026/06/20(土) 10:00 キックオフ,成蹊大学,2,梶谷　一晴,4,DF,0,控え,0,0,0,0,0.0
2026/06/20(土) 10:00 キックオフ,成蹊大学,8,岡崎　陽城,4,MF,12,控え,0,0,0,0,0.0
2026/06/20(土) 10:00 キックオフ,成蹊大学,9,上野　朔汰,3,FW,24,控え,0,1,1,0,0.0
2026/06/20(土) 10:00 キックオフ,成蹊大学,11,池田　豪,4,FW,0,控え,0,0,0,0,0.0
2026/06/20(土) 10:00 キックオフ,成蹊大学,21,柏﨑　海翔,3,GK,4,控え,0,0,0,0,0.0
2026/06/20(土) 10:00 キックオフ,成蹊大学,24,奥村　拓未,2,MF,0,控え,0,0,0,0,0.0
2026/06/20(土) 10:00 キックオフ,成蹊大学,25,川端　唯斗,2,DF,0,控え,0,0,0,0,0.0
2026/06/20(土) 10:00 キックオフ,成蹊大学,72,元島　隆之助,1,FW,0,控え,0,0,0,0,0.0
2026/06/20(土) 10:00 キックオフ,成蹊大学,88,辻　文大,2,FW,0,控え,0,0,0,0,0.0
2026/06/20(土) 11:00 キックオフ,防衛大学校（神奈川県）,21,見陣　孝征,1,GK,90,先発,0,0,0,0,0.0
2026/06/20(土) 11:00 キックオフ,防衛大学校（神奈川県）,7,今井　燦,4,MF,34,先発,0,0,0,0,0.0
2026/06/20(土) 11:00 キックオフ,防衛大学校（神奈川県）,13,深川　蓮斗,3,DF,90,先発,0,0,0,0,0.0
2026/06/20(土) 11:00 キックオフ,防衛大学校（神奈川県）,23,石川　太朗,2,FW,86,先発,0,0,0,0,0.0
2026/06/20(土) 11:00 キックオフ,防衛大学校（神奈川県）,26,森　優朔,2,MF,90,先発,0,0,0,0,0.0
2026/06/20(土) 11:00 キックオフ,防衛大学校（神奈川県）,6,塩野　桜太,3,MF,90,先発,0,0,0,0,0.0
2026/06/20(土) 11:00 キックオフ,防衛大学校（神奈川県）,8,永岡　陸大,3,MF,90,先発,0,1,1,0,0.0
2026/06/20(土) 11:00 キックオフ,防衛大学校（神奈川県）,11,中山　皓太,3,DF,90,先発,0,0,0,0,0.0
2026/06/20(土) 11:00 キックオフ,防衛大学校（神奈川県）,19,高宮　基椰,3,MF,90,先発,0,1,1,0,0.0
2026/06/20(土) 11:00 キックオフ,防衛大学校（神奈川県）,29,大沼　佳樹,3,FW,90,先発,0,1,1,0,0.0
2026/06/20(土) 11:00 キックオフ,防衛大学校（神奈川県）,9,堀田　理人,3,FW,45,先発,1,0,1,0,0.0
2026/06/20(土) 11:00 キックオフ,防衛大学校（神奈川県）,1,市村　洋介,2,GK,0,控え,0,0,0,0,0.0
2026/06/20(土) 11:00 キックオフ,防衛大学校（神奈川県）,3,野口　佳那人,4,DF,0,控え,0,0,0,0,0.0
2026/06/20(土) 11:00 キックオフ,防衛大学校（神奈川県）,4,岸本　拓也,4,DF,0,控え,0,0,0,0,0.0
2026/06/20(土) 11:00 キックオフ,防衛大学校（神奈川県）,20,忠地　瞬,1,DF,0,控え,0,0,0,0,0.0
2026/06/20(土) 11:00 キックオフ,防衛大学校（神奈川県）,25,外崎　和輝,3,DF,0,控え,0,0,0,0,0.0
2026/06/20(土) 11:00 キックオフ,防衛大学校（神奈川県）,24,坪井　晃希,2,MF,0,控え,0,0,0,0,0.0
2026/06/20(土) 11:00 キックオフ,防衛大学校（神奈川県）,27,坂本　弥徠,1,MF,56,控え,0,0,0,0,0.0
2026/06/20(土) 11:00 キックオフ,防衛大学校（神奈川県）,32,山内　陽童,1,MF,45,控え,0,0,0,0,0.0
2026/06/20(土) 11:00 キックオフ,防衛大学校（神奈川県）,33,毛利　優夫,3,MF,4,控え,0,0,0,0,0.0
2026/06/20(土) 11:00 キックオフ,東京都立大学,12,中田 幹登,3,GK,90,先発,0,0,0,0,0.0
2026/06/20(土) 11:00 キックオフ,東京都立大学,2,竹谷　晄希,1,DF,90,先発,0,0,0,0,0.0
2026/06/20(土) 11:00 キックオフ,東京都立大学,4,福田 怜央,4,DF,90,先発,1,0,1,0,0.0
2026/06/20(土) 11:00 キックオフ,東京都立大学,22,若山 璃皇,3,DF,84,先発,0,0,0,0,0.0
2026/06/20(土) 11:00 キックオフ,東京都立大学,47,渡辺 康太,2,DF,90,先発,1,0,1,0,0.0
2026/06/20(土) 11:00 キックオフ,東京都立大学,84,林 陸斗,2,DF,90,先発,1,0,1,0,0.0
2026/06/20(土) 11:00 キックオフ,東京都立大学,19,堤崎　陽琉,1,MF,82,先発,1,1,2,0,0.0
2026/06/20(土) 11:00 キックオフ,東京都立大学,21,森山 太稀,2,MF,90,先発,3,0,3,1,33.3
2026/06/20(土) 11:00 キックオフ,東京都立大学,23,須藤 星空,2,MF,62,先発,0,0,0,0,0.0
2026/06/20(土) 11:00 キックオフ,東京都立大学,24,坂井 玲仁,2,MF,90,先発,0,1,1,0,0.0
2026/06/20(土) 11:00 キックオフ,東京都立大学,10,塩田 琢磨,4,FW,61,先発,1,0,1,1,100.0
2026/06/20(土) 11:00 キックオフ,東京都立大学,26,五島 凛也,2,DF,6,控え,0,0,0,0,0.0
2026/06/20(土) 11:00 キックオフ,東京都立大学,99,中田　涼介,2,DF,0,控え,0,0,0,0,0.0
2026/06/20(土) 11:00 キックオフ,東京都立大学,7,程塚 駿太,3,MF,0,控え,0,0,0,0,0.0
2026/06/20(土) 11:00 キックオフ,東京都立大学,27,西田 有之介,2,MF,0,控え,0,0,0,0,0.0
2026/06/20(土) 11:00 キックオフ,東京都立大学,42,大汐 徹平,2,MF,28,控え,0,0,0,0,0.0
2026/06/20(土) 11:00 キックオフ,東京都立大学,57,佐藤 楓,4,MF,0,控え,0,0,0,0,0.0
2026/06/20(土) 11:00 キックオフ,東京都立大学,71,西川 大翔,3,MF,8,控え,0,1,1,0,0.0
2026/06/20(土) 11:00 キックオフ,東京都立大学,13,石黒　琥珀,1,FW,29,控え,0,0,0,0,0.0
2026/06/20(土) 11:00 キックオフ,東京都立大学,29,太田　金治,1,FW,0,控え,0,0,0,0,0.0
2026/06/21(日) 15:00 キックオフ,東京理科大学,28,鷹野　翼,2,GK,90,先発,0,0,0,0,0.0
2026/06/21(日) 15:00 キックオフ,東京理科大学,5,伊藤　涼真,4,DF,90,先発,0,0,0,0,0.0
2026/06/21(日) 15:00 キックオフ,東京理科大学,41,為我井　煌生,3,DF,90,先発,0,0,0,0,0.0
2026/06/21(日) 15:00 キックオフ,東京理科大学,54,神保　朋季,4,DF,90,先発,0,0,0,0,0.0
2026/06/21(日) 15:00 キックオフ,東京理科大学,8,白川　陽,4,MF,90,先発,1,1,2,0,0.0
2026/06/21(日) 15:00 キックオフ,東京理科大学,71,篠原　烈士,2,MF,90,先発,0,0,0,0,0.0
2026/06/21(日) 15:00 キックオフ,東京理科大学,27,福原　圭汰,4,MF,45,先発,0,0,0,0,0.0
2026/06/21(日) 15:00 キックオフ,東京理科大学,51,長島　正悟,3,MF,70,先発,0,0,0,0,0.0
2026/06/21(日) 15:00 キックオフ,東京理科大学,77,高島　大河,3,FW,84,先発,1,1,2,0,0.0
2026/06/21(日) 15:00 キックオフ,東京理科大学,9,内本　達三郎,4,FW,59,先発,0,0,0,0,0.0
2026/06/21(日) 15:00 キックオフ,東京理科大学,11,鈴木　冬聖,4,FW,90,先発,1,1,2,0,0.0
2026/06/21(日) 15:00 キックオフ,東京理科大学,1,山本　大介,3,GK,0,控え,0,0,0,0,0.0
2026/06/21(日) 15:00 キックオフ,東京理科大学,4,鈴木　敬吾,3,DF,45,控え,0,0,0,0,0.0
2026/06/21(日) 15:00 キックオフ,東京理科大学,15,堂　哲郎,3,DF,0,控え,0,0,0,0,0.0
2026/06/21(日) 15:00 キックオフ,東京理科大学,7,木俣　皓貴,4,MF,0,控え,0,0,0,0,0.0
2026/06/21(日) 15:00 キックオフ,東京理科大学,14,國武　慈温,4,MF,20,控え,0,1,1,0,0.0
2026/06/21(日) 15:00 キックオフ,東京理科大学,10,原　虎太郎,4,MF,31,控え,0,0,0,0,0.0
2026/06/21(日) 15:00 キックオフ,東京理科大学,52,早瀬　玲,2,FW,6,控え,0,0,0,0,0.0
2026/06/21(日) 15:00 キックオフ,一橋大学,21,藤原　拓海,4,GK,90,先発,0,0,0,0,0.0
2026/06/21(日) 15:00 キックオフ,一橋大学,24,深田　篤史,4,DF,90,先発,0,1,1,0,0.0
2026/06/21(日) 15:00 キックオフ,一橋大学,4,相内　馨太,3,DF,90,先発,0,0,0,0,0.0
2026/06/21(日) 15:00 キックオフ,一橋大学,13,深田　勇輝,4,DF,80,先発,0,0,0,0,0.0
2026/06/21(日) 15:00 キックオフ,一橋大学,17,日外　晴人,3,MF,59,先発,0,0,0,0,0.0
2026/06/21(日) 15:00 キックオフ,一橋大学,2,河田　一心,3,MF,90,先発,0,1,1,0,0.0
2026/06/21(日) 15:00 キックオフ,一橋大学,16,石塚　巧人,2,MF,90,先発,1,2,3,0,0.0
2026/06/21(日) 15:00 キックオフ,一橋大学,22,鈴木　泰人,3,DF,90,先発,0,0,0,0,0.0
2026/06/21(日) 15:00 キックオフ,一橋大学,8,佐野　翔優,2,MF,65,先発,0,0,0,0,0.0
2026/06/21(日) 15:00 キックオフ,一橋大学,11,藤原　凌,4,FW,90,先発,0,1,1,0,0.0
2026/06/21(日) 15:00 キックオフ,一橋大学,10,上尾　陸,4,MF,87,先発,0,0,0,0,0.0
2026/06/21(日) 15:00 キックオフ,一橋大学,41,兼松　大志,2,GK,0,控え,0,0,0,0,0.0
2026/06/21(日) 15:00 キックオフ,一橋大学,5,若林　慧,4,DF,0,控え,0,0,0,0,0.0
2026/06/21(日) 15:00 キックオフ,一橋大学,25,村井　駿太,2,DF,10,控え,0,1,1,0,0.0
2026/06/21(日) 15:00 キックオフ,一橋大学,23,中本　善也,4,MF,0,控え,0,0,0,0,0.0
2026/06/21(日) 15:00 キックオフ,一橋大学,15,髙木　秀輔,4,MF,0,控え,0,0,0,0,0.0
2026/06/21(日) 15:00 キックオフ,一橋大学,19,石川　透羽,3,MF,0,控え,0,0,0,0,0.0
2026/06/21(日) 15:00 キックオフ,一橋大学,20,菱伊　康太,4,MF,25,控え,0,1,1,0,0.0
2026/06/21(日) 15:00 キックオフ,一橋大学,18,丸茂　琥哲,4,FW,3,控え,0,0,0,0,0.0
2026/06/21(日) 15:00 キックオフ,一橋大学,9,藤野　太郎,3,FW,31,控え,0,0,0,0,0.0
2026/06/21(日) 15:15 キックオフ,成城大学,1,金　悠聖,3,GK,90,先発,0,0,0,0,0.0
2026/06/21(日) 15:15 キックオフ,成城大学,18,田中　暁也,2,DF,75,先発,0,0,0,0,0.0
2026/06/21(日) 15:15 キックオフ,成城大学,3,稲葉　晴斗,3,DF,90,先発,1,0,1,0,0.0
2026/06/21(日) 15:15 キックオフ,成城大学,2,平井　涼真,3,DF,90,先発,0,0,0,0,0.0
2026/06/21(日) 15:15 キックオフ,成城大学,30,小菅　眞輝,1,DF,90,先発,0,0,0,0,0.0
2026/06/21(日) 15:15 キックオフ,成城大学,55,加藤　智己,1,MF,66,先発,2,1,3,0,0.0
2026/06/21(日) 15:15 キックオフ,成城大学,22,石原　蒼,1,MF,90,先発,1,1,2,0,0.0
2026/06/21(日) 15:15 キックオフ,成城大学,56,福島　光希,1,MF,66,先発,0,1,1,0,0.0
2026/06/21(日) 15:15 キックオフ,成城大学,64,阿部　慶人,1,MF,90,先発,1,2,3,0,0.0
2026/06/21(日) 15:15 キックオフ,成城大学,8,池田　峻大,4,FW,83,先発,0,1,1,1,100.0
2026/06/21(日) 15:15 キックオフ,成城大学,10,田中　準人,3,FW,90,先発,3,2,5,1,20.0
2026/06/21(日) 15:15 キックオフ,成城大学,17,髙田　陽,3,GK,0,控え,0,0,0,0,0.0
2026/06/21(日) 15:15 キックオフ,成城大学,33,宇野　吏玖人,1,DF,15,控え,0,0,0,0,0.0
2026/06/21(日) 15:15 キックオフ,成城大学,36,澤畠　大和,4,DF,0,控え,0,0,0,0,0.0
2026/06/21(日) 15:15 キックオフ,成城大学,14,成田　悠陽,3,MF,24,控え,0,0,0,0,0.0
2026/06/21(日) 15:15 キックオフ,成城大学,71,新岡　醒茄,1,MF,0,控え,0,0,0,0,0.0
2026/06/21(日) 15:15 キックオフ,成城大学,7,三岡　大致,4,MF,24,控え,0,0,0,0,0.0
2026/06/21(日) 15:15 キックオフ,成城大学,73,石原　幹太良,2,FW,0,控え,0,0,0,0,0.0
2026/06/21(日) 15:15 キックオフ,成城大学,9,鈴木　荘大,4,FW,7,控え,0,1,1,0,0.0
2026/06/21(日) 15:15 キックオフ,成城大学,31,飯沼　一真,1,FW,0,控え,0,0,0,0,0.0
2026/06/21(日) 15:15 キックオフ,創価大学,41,森田　翔大,1,GK,90,先発,0,0,0,0,0.0
2026/06/21(日) 15:15 キックオフ,創価大学,24,束原　健太,1,DF,90,先発,0,0,0,0,0.0
2026/06/21(日) 15:15 キックオフ,創価大学,5,矢田 英一,2,DF,90,先発,0,1,1,0,0.0
2026/06/21(日) 15:15 キックオフ,創価大学,7,滝澤 伸明,3,DF,90,先発,0,0,0,0,0.0
2026/06/21(日) 15:15 キックオフ,創価大学,30,中澤 義彦,3,DF,90,先発,0,0,0,0,0.0
2026/06/21(日) 15:15 キックオフ,創価大学,8,小倉 優輝,4,MF,90,先発,1,1,2,0,0.0
2026/06/21(日) 15:15 キックオフ,創価大学,11,茂俣　勇気,2,MF,69,先発,0,0,0,0,0.0
2026/06/21(日) 15:15 キックオフ,創価大学,55,吉川 駿,3,MF,90,先発,1,1,2,1,50.0
2026/06/21(日) 15:15 キックオフ,創価大学,88,吉田　英知,1,MF,69,先発,0,0,0,1,0.0
2026/06/21(日) 15:15 キックオフ,創価大学,20,石塚 涼,不明,FW,90,先発,6,3,9,0,0.0
2026/06/21(日) 15:15 キックオフ,創価大学,77,綾部　伸博,1,FW,76,先発,0,0,0,0,0.0
2026/06/21(日) 15:15 キックオフ,創価大学,12,山口 颯太,2,GK,0,控え,0,0,0,0,0.0
2026/06/21(日) 15:15 キックオフ,創価大学,32,東堂 秀明,4,DF,0,控え,0,0,0,0,0.0
2026/06/21(日) 15:15 キックオフ,創価大学,17,林田 勇誠,4,FW,0,控え,0,0,0,0,0.0
2026/06/21(日) 15:15 キックオフ,創価大学,15,石川 剣心,4,FW,0,控え,0,0,0,0,0.0
2026/06/21(日) 15:15 キックオフ,創価大学,44,飯島　侑久,3,MF,21,控え,0,0,0,0,0.0
2026/06/21(日) 15:15 キックオフ,創価大学,22,森本 誉,2,MF,21,控え,0,0,0,0,0.0
2026/06/21(日) 15:15 キックオフ,創価大学,80,舟橋 聡,2,DF,0,控え,0,0,0,0,0.0
2026/06/21(日) 15:15 キックオフ,創価大学,6,大西　拓弥,1,DF,0,控え,0,0,0,0,0.0
2026/06/21(日) 15:15 キックオフ,創価大学,2,秋田　俊博,1,DF,14,控え,0,0,0,0,0.0
2026/06/21(日) 16:00 キックオフ,芝浦工業大学,12,金子　武蔵,1,GK,90,先発,0,0,0,0,0.0
2026/06/21(日) 16:00 キックオフ,芝浦工業大学,2,大塚　郷平,2,DF,90,先発,0,0,0,0,0.0
2026/06/21(日) 16:00 キックオフ,芝浦工業大学,5,鑓水　新葉,4,DF,90,先発,0,1,1,0,0.0
2026/06/21(日) 16:00 キックオフ,芝浦工業大学,23,佐々木　啓太朗,3,DF,80,先発,1,0,1,0,0.0
2026/06/21(日) 16:00 キックオフ,芝浦工業大学,6,杉本　健真,4,MF,90,先発,0,2,2,0,0.0
2026/06/21(日) 16:00 キックオフ,芝浦工業大学,8,渡邉　悠斗,4,MF,90,先発,0,1,1,0,0.0
2026/06/21(日) 16:00 キックオフ,芝浦工業大学,10,荒井　大和,4,MF,90,先発,1,3,4,0,0.0
2026/06/21(日) 16:00 キックオフ,芝浦工業大学,21,小池　誠一朗,1,MF,90,先発,0,0,0,0,0.0
2026/06/21(日) 16:00 キックオフ,芝浦工業大学,30,鈴木　峻平,2,MF,90,先発,0,0,0,0,0.0
2026/06/21(日) 16:00 キックオフ,芝浦工業大学,43,近藤　遥音,2,MF,64,先発,0,1,1,0,0.0
2026/06/21(日) 16:00 キックオフ,芝浦工業大学,7,オルギン　カズオ,4,FW,71,先発,0,0,0,0,0.0
2026/06/21(日) 16:00 キックオフ,芝浦工業大学,1,八木原　嘉泉,3,GK,0,控え,0,0,0,0,0.0
2026/06/21(日) 16:00 キックオフ,芝浦工業大学,17,多胡　侑晟,4,DF,0,控え,0,0,0,0,0.0
2026/06/21(日) 16:00 キックオフ,芝浦工業大学,32,池内　俊介,4,DF,0,控え,0,0,0,0,0.0
2026/06/21(日) 16:00 キックオフ,芝浦工業大学,3,森本　紘大,4,MF,0,控え,0,0,0,0,0.0
2026/06/21(日) 16:00 キックオフ,芝浦工業大学,9,水飼　隼成,4,MF,26,控え,0,0,0,0,0.0
2026/06/21(日) 16:00 キックオフ,芝浦工業大学,11,三田村　龍,4,MF,10,控え,0,0,0,0,0.0
2026/06/21(日) 16:00 キックオフ,芝浦工業大学,37,桐山　将成,3,MF,0,控え,0,0,0,0,0.0
2026/06/21(日) 16:00 キックオフ,芝浦工業大学,33,羽生田　拓郁,2,FW,19,控え,0,2,2,0,0.0
2026/06/21(日) 16:00 キックオフ,芝浦工業大学,56,藤森　日向大,1,MF,0,控え,0,0,0,0,0.0
2026/06/21(日) 16:00 キックオフ,東京大学,13,丸山　凱智,3,GK,90,先発,0,0,0,0,0.0
2026/06/21(日) 16:00 キックオフ,東京大学,4,池澤 健剛,3,DF,90,先発,0,0,0,0,0.0
2026/06/21(日) 16:00 キックオフ,東京大学,2,柏村 直登,4,MF,90,先発,0,1,1,0,0.0
2026/06/21(日) 16:00 キックオフ,東京大学,8,花岡 大楽,3,MF,90,先発,0,0,0,0,0.0
2026/06/21(日) 16:00 キックオフ,東京大学,10,河島 誠二郎,4,MF,90,先発,1,0,1,1,100.0
2026/06/21(日) 16:00 キックオフ,東京大学,14,高木 勇仁,4,MF,90,先発,0,0,0,0,0.0
2026/06/21(日) 16:00 キックオフ,東京大学,15,鈴木 武尊,2,MF,90,先発,1,1,2,0,0.0
2026/06/21(日) 16:00 キックオフ,東京大学,17,岡田 詠,3,MF,80,先発,0,0,0,0,0.0
2026/06/21(日) 16:00 キックオフ,東京大学,9,大西 達也,4,FW,62,先発,0,0,0,0,0.0
2026/06/21(日) 16:00 キックオフ,東京大学,11,長谷川 泰斗,2,FW,76,先発,0,0,0,0,0.0
2026/06/21(日) 16:00 キックオフ,東京大学,18,遠藤 雅仁,3,FW,45,先発,0,0,0,0,0.0
2026/06/21(日) 16:00 キックオフ,東京大学,1,里見 悠成,4,GK,0,控え,0,0,0,0,0.0
2026/06/21(日) 16:00 キックオフ,東京大学,3,山中 歩太,2,DF,0,控え,0,0,0,0,0.0
2026/06/21(日) 16:00 キックオフ,東京大学,33,松尾 仁之介,4,DF,10,控え,0,0,0,0,0.0
2026/06/21(日) 16:00 キックオフ,東京大学,6,長田 夕輝,4,MF,14,控え,0,0,0,0,0.0
2026/06/21(日) 16:00 キックオフ,東京大学,16,馬渕 太我,2,MF,0,控え,0,0,0,0,0.0
2026/06/21(日) 16:00 キックオフ,東京大学,40,山口 源登,4,MF,0,控え,0,0,0,0,0.0
2026/06/21(日) 16:00 キックオフ,東京大学,19,大谷 遼一,4,FW,45,控え,0,0,0,0,0.0
2026/06/21(日) 16:00 キックオフ,東京大学,26,田島 誠志郎,3,FW,28,控え,0,2,2,0,0.0
2026/06/21(日) 16:00 キックオフ,東京大学,20,秋馬　光佑,4,FW,0,控え,0,0,0,0,0.0
2026/06/28(日) 10:30 キックオフ,創価大学,5,矢田 英一,2,DF,90,先発,0,0,0,0,0.0
2026/06/28(日) 10:30 キックオフ,創価大学,7,滝澤 伸明,3,DF,90,先発,1,0,1,0,0.0
2026/06/28(日) 10:30 キックオフ,創価大学,8,小倉 優輝,4,MF,90,先発,2,1,3,1,33.3
2026/06/28(日) 10:30 キックオフ,創価大学,11,茂俣　勇気,2,MF,90,先発,0,0,0,0,0.0
2026/06/28(日) 10:30 キックオフ,創価大学,20,石塚 涼,不明,FW,90,先発,0,2,2,0,0.0
2026/06/28(日) 10:30 キックオフ,創価大学,24,束原　健太,1,MF,90,先発,0,0,0,0,0.0
2026/06/28(日) 10:30 キックオフ,創価大学,30,中澤 義彦,3,FW,90,先発,0,0,0,0,0.0
2026/06/28(日) 10:30 キックオフ,創価大学,41,森田　翔大,1,GK,90,先発,0,0,0,0,0.0
2026/06/28(日) 10:30 キックオフ,創価大学,55,吉川 駿,3,MF,90,先発,0,0,0,0,0.0
2026/06/28(日) 10:30 キックオフ,創価大学,77,綾部　伸博,1,MF,90,先発,1,0,1,0,0.0
2026/06/28(日) 10:30 キックオフ,創価大学,88,吉田　英知,1,FW,90,先発,0,1,1,0,0.0
2026/06/28(日) 10:30 キックオフ,創価大学,2,秋田　俊博,1,DF,0,控え,0,0,0,0,0.0
2026/06/28(日) 10:30 キックオフ,創価大学,6,大西　拓弥,1,DF,0,控え,0,0,0,0,0.0
2026/06/28(日) 10:30 キックオフ,創価大学,12,山口 颯太,2,GK,0,控え,0,0,0,0,0.0
2026/06/28(日) 10:30 キックオフ,創価大学,15,石川 剣心,4,FW,0,控え,0,0,0,0,0.0
2026/06/28(日) 10:30 キックオフ,創価大学,17,林田 勇誠,4,FW,0,控え,0,0,0,0,0.0
2026/06/28(日) 10:30 キックオフ,創価大学,18,青沼　昊,1,FW,0,控え,0,0,0,0,0.0
2026/06/28(日) 10:30 キックオフ,創価大学,32,東堂 秀明,4,DF,0,控え,0,0,0,0,0.0
2026/06/28(日) 10:30 キックオフ,創価大学,80,舟橋 聡,2,DF,0,控え,0,0,0,0,0.0
2026/06/28(日) 10:30 キックオフ,東京理科大学,4,鈴木　敬吾,3,DF,90,先発,0,0,0,0,0.0
2026/06/28(日) 10:30 キックオフ,東京理科大学,5,伊藤　涼真,4,DF,90,先発,0,1,1,0,0.0
2026/06/28(日) 10:30 キックオフ,東京理科大学,7,木俣　皓貴,4,MF,60,先発,0,0,0,0,0.0
2026/06/28(日) 10:30 キックオフ,東京理科大学,8,白川　陽,4,MF,90,先発,0,1,1,1,100.0
2026/06/28(日) 10:30 キックオフ,東京理科大学,9,内本　達三郎,4,FW,60,先発,1,0,1,0,0.0
2026/06/28(日) 10:30 キックオフ,東京理科大学,10,原　虎太郎,4,MF,90,先発,0,0,0,1,0.0
2026/06/28(日) 10:30 キックオフ,東京理科大学,11,鈴木　冬聖,4,FW,90,先発,1,0,1,1,100.0
2026/06/28(日) 10:30 キックオフ,東京理科大学,28,鷹野　翼,2,GK,90,先発,0,0,0,0,0.0
2026/06/28(日) 10:30 キックオフ,東京理科大学,41,為我井　煌生,3,DF,90,先発,0,0,0,0,0.0
2026/06/28(日) 10:30 キックオフ,東京理科大学,51,長島　正悟,3,MF,68,先発,1,0,1,0,0.0
2026/06/28(日) 10:30 キックオフ,東京理科大学,54,神保　朋季,4,DF,90,先発,0,0,0,0,0.0
2026/06/28(日) 10:30 キックオフ,東京理科大学,1,山本　大介,3,GK,0,控え,0,0,0,0,0.0
2026/06/28(日) 10:30 キックオフ,東京理科大学,14,國武　慈温,4,MF,22,控え,0,1,1,0,0.0
2026/06/28(日) 10:30 キックオフ,東京理科大学,15,堂　哲郎,3,DF,0,控え,0,0,0,0,0.0
2026/06/28(日) 10:30 キックオフ,東京理科大学,25,渡邊　孔大,4,MF,0,控え,0,0,0,0,0.0
2026/06/28(日) 10:30 キックオフ,東京理科大学,29,櫻井　友翔,2,FW,0,控え,0,0,0,0,0.0
2026/06/28(日) 10:30 キックオフ,東京理科大学,50,久保　拓都,2,DF,0,控え,0,0,0,0,0.0
2026/06/28(日) 10:30 キックオフ,東京理科大学,52,早瀬　玲,2,FW,0,控え,0,0,0,0,0.0
2026/06/28(日) 10:30 キックオフ,東京理科大学,71,篠原　烈士,2,MF,30,控え,0,0,0,0,0.0
2026/06/28(日) 10:30 キックオフ,東京理科大学,77,高島　大河,3,FW,30,控え,0,0,0,0,0.0
2026/06/28(日) 13:00 キックオフ,東京大学,2,柏村 直登,4,MF,90,先発,0,0,0,0,0.0
2026/06/28(日) 13:00 キックオフ,東京大学,4,池澤 健剛,3,DF,90,先発,0,0,0,0,0.0
2026/06/28(日) 13:00 キックオフ,東京大学,8,花岡 大楽,3,MF,90,先発,0,0,0,0,0.0
2026/06/28(日) 13:00 キックオフ,東京大学,10,河島 誠二郎,4,MF,90,先発,0,1,1,0,0.0
2026/06/28(日) 13:00 キックオフ,東京大学,11,長谷川 泰斗,2,FW,90,先発,0,0,0,0,0.0
2026/06/28(日) 13:00 キックオフ,東京大学,13,丸山　凱智,3,GK,90,先発,0,0,0,0,0.0
2026/06/28(日) 13:00 キックオフ,東京大学,14,高木 勇仁,4,MF,83,先発,0,2,2,0,0.0
2026/06/28(日) 13:00 キックオフ,東京大学,15,鈴木 武尊,2,MF,83,先発,1,0,1,0,0.0
2026/06/28(日) 13:00 キックオフ,東京大学,17,岡田 詠,3,MF,90,先発,0,0,0,0,0.0
2026/06/28(日) 13:00 キックオフ,東京大学,26,田島 誠志郎,3,FW,67,先発,0,0,0,0,0.0
2026/06/28(日) 13:00 キックオフ,東京大学,40,山口 源登,4,MF,58,先発,0,0,0,0,0.0
2026/06/28(日) 13:00 キックオフ,東京大学,1,里見 悠成,4,GK,0,控え,0,0,0,0,0.0
2026/06/28(日) 13:00 キックオフ,東京大学,3,山中 歩太,2,DF,7,控え,0,0,0,0,0.0
2026/06/28(日) 13:00 キックオフ,東京大学,6,長田 夕輝,4,MF,7,控え,0,0,0,0,0.0
2026/06/28(日) 13:00 キックオフ,東京大学,16,馬渕 太我,2,MF,0,控え,0,0,0,0,0.0
2026/06/28(日) 13:00 キックオフ,東京大学,18,遠藤 雅仁,3,FW,32,控え,0,0,0,0,0.0
2026/06/28(日) 13:00 キックオフ,東京大学,19,大谷 遼一,4,FW,23,控え,0,3,3,0,0.0
2026/06/28(日) 13:00 キックオフ,東京大学,20,秋馬　光佑,4,FW,0,控え,0,0,0,0,0.0
2026/06/28(日) 13:00 キックオフ,東京大学,28,安藤 颯馬,3,DF,0,控え,0,0,0,0,0.0
2026/06/28(日) 13:00 キックオフ,東京大学,33,松尾 仁之介,4,DF,0,控え,0,0,0,0,0.0
2026/06/28(日) 13:00 キックオフ,成城大学,1,金　悠聖,3,GK,90,先発,0,0,0,0,0.0
2026/06/28(日) 13:00 キックオフ,成城大学,2,平井　涼真,3,DF,90,先発,0,0,0,0,0.0
2026/06/28(日) 13:00 キックオフ,成城大学,3,稲葉　晴斗,3,DF,30,先発,0,0,0,0,0.0
2026/06/28(日) 13:00 キックオフ,成城大学,4,川上　拓真,4,DF,90,先発,0,1,1,0,0.0
2026/06/28(日) 13:00 キックオフ,成城大学,8,池田　峻大,4,MF,77,先発,1,2,3,0,0.0
2026/06/28(日) 13:00 キックオフ,成城大学,10,田中　準人,3,FW,84,先発,2,0,2,0,0.0
2026/06/28(日) 13:00 キックオフ,成城大学,14,成田　悠陽,3,MF,90,先発,0,0,0,0,0.0
2026/06/28(日) 13:00 キックオフ,成城大学,22,石原　蒼,1,MF,77,先発,0,0,0,0,0.0
2026/06/28(日) 13:00 キックオフ,成城大学,30,小菅　眞輝,1,MF,90,先発,0,0,0,0,0.0
2026/06/28(日) 13:00 キックオフ,成城大学,55,加藤　智己,1,MF,84,先発,0,1,1,0,0.0
2026/06/28(日) 13:00 キックオフ,成城大学,64,阿部　慶人,1,MF,90,先発,2,2,4,0,0.0
2026/06/28(日) 13:00 キックオフ,成城大学,7,三岡　大致,4,MF,6,控え,0,0,0,0,0.0
2026/06/28(日) 13:00 キックオフ,成城大学,9,鈴木　荘大,4,FW,6,控え,0,1,1,0,0.0
2026/06/28(日) 13:00 キックオフ,成城大学,15,大川　知希,3,FW,13,控え,0,1,1,0,0.0
2026/06/28(日) 13:00 キックオフ,成城大学,31,飯沼　一真,1,FW,0,控え,0,0,0,0,0.0
2026/06/28(日) 13:00 キックオフ,成城大学,36,澤畠　大和,4,DF,60,控え,0,0,0,0,0.0
2026/06/28(日) 13:00 キックオフ,成城大学,51,下山　玲依,2,GK,0,控え,0,0,0,0,0.0
2026/06/28(日) 13:00 キックオフ,成城大学,56,福島　光希,1,MF,0,控え,0,0,0,0,0.0
2026/06/28(日) 13:00 キックオフ,成城大学,71,新岡　醒茄,1,MF,13,控え,0,0,0,0,0.0
2026/06/28(日) 13:00 キックオフ,成城大学,73,石原　幹太良,2,MF,0,控え,0,0,0,0,0.0
2026/06/28(日) 15:00 キックオフ,一橋大学,2,河田　一心,3,MF,65,先発,0,1,1,0,0.0
2026/06/28(日) 15:00 キックオフ,一橋大学,4,相内　馨太,3,DF,90,先発,0,1,1,0,0.0
2026/06/28(日) 15:00 キックオフ,一橋大学,8,佐野　翔優,2,MF,75,先発,0,0,0,0,0.0
2026/06/28(日) 15:00 キックオフ,一橋大学,10,上尾　陸,4,MF,90,先発,0,0,0,0,0.0
2026/06/28(日) 15:00 キックオフ,一橋大学,11,藤原　凌,4,FW,90,先発,2,2,4,0,0.0
2026/06/28(日) 15:00 キックオフ,一橋大学,13,深田　勇輝,4,DF,88,先発,0,0,0,0,0.0
2026/06/28(日) 15:00 キックオフ,一橋大学,16,石塚　巧人,2,MF,90,先発,0,0,0,0,0.0
2026/06/28(日) 15:00 キックオフ,一橋大学,17,日外　晴人,3,MF,75,先発,0,0,0,0,0.0
2026/06/28(日) 15:00 キックオフ,一橋大学,22,鈴木　泰人,3,DF,90,先発,0,0,0,0,0.0
2026/06/28(日) 15:00 キックオフ,一橋大学,25,村井　駿太,2,DF,90,先発,1,0,1,0,0.0
2026/06/28(日) 15:00 キックオフ,一橋大学,41,兼松　大志,2,GK,90,先発,0,0,0,0,0.0
2026/06/28(日) 15:00 キックオフ,一橋大学,1,内木場　遥,4,GK,0,控え,0,0,0,0,0.0
2026/06/28(日) 15:00 キックオフ,一橋大学,3,中川　純成,4,DF,2,控え,0,0,0,0,0.0
2026/06/28(日) 15:00 キックオフ,一橋大学,5,若林　慧,4,DF,15,控え,0,0,0,0,0.0
2026/06/28(日) 15:00 キックオフ,一橋大学,9,藤野　太郎,3,FW,25,控え,0,0,0,0,0.0
2026/06/28(日) 15:00 キックオフ,一橋大学,15,髙木　秀輔,4,MF,0,控え,0,0,0,0,0.0
2026/06/28(日) 15:00 キックオフ,一橋大学,19,石川　透羽,3,MF,0,控え,0,0,0,0,0.0
2026/06/28(日) 15:00 キックオフ,一橋大学,20,菱伊　康太,4,MF,0,控え,0,0,0,0,0.0
2026/06/28(日) 15:00 キックオフ,一橋大学,24,深田　篤史,4,DF,0,控え,0,0,0,0,0.0
2026/06/28(日) 15:00 キックオフ,一橋大学,38,川﨑　武志,2,FW,15,控え,0,1,1,0,0.0
2026/06/28(日) 15:00 キックオフ,日本文化大學,1,山本　章介,2,GK,90,先発,0,0,0,0,0.0
2026/06/28(日) 15:00 キックオフ,日本文化大學,3,中野　万輝斗,2,DF,90,先発,0,0,0,0,0.0
2026/06/28(日) 15:00 キックオフ,日本文化大學,4,黒沢　耀,1,DF,90,先発,0,0,0,0,0.0
2026/06/28(日) 15:00 キックオフ,日本文化大學,5,日野原　十矢,1,DF,90,先発,0,0,0,0,0.0
2026/06/28(日) 15:00 キックオフ,日本文化大學,6,岸上　一吹,1,MF,90,先発,0,0,0,0,0.0
2026/06/28(日) 15:00 キックオフ,日本文化大學,7,村瀬　陸斗,1,MF,90,先発,1,0,1,0,0.0
2026/06/28(日) 15:00 キックオフ,日本文化大學,8,松野　竜成,3,FW,90,先発,0,0,0,0,0.0
2026/06/28(日) 15:00 キックオフ,日本文化大學,9,間野　翼,3,MF,90,先発,0,3,3,1,33.3
2026/06/28(日) 15:00 キックオフ,日本文化大學,10,クリムキ　アンドリュー,2,FW,65,先発,0,1,1,0,0.0
2026/06/28(日) 15:00 キックオフ,日本文化大學,11,井之﨑　隼也,2,FW,88,先発,0,3,3,0,0.0
2026/06/28(日) 15:00 キックオフ,日本文化大學,12,持永　莉玖,2,DF,77,先発,3,0,3,0,0.0
2026/06/28(日) 15:00 キックオフ,日本文化大學,13,宮里　飛雄馬,2,MF,0,控え,0,0,0,0,0.0
2026/06/28(日) 15:00 キックオフ,日本文化大學,14,笹岡　サスケ,2,FW,0,控え,0,0,0,0,0.0
2026/06/28(日) 15:00 キックオフ,日本文化大學,16,小泉　伶真,2,DF,0,控え,0,0,0,0,0.0
2026/06/28(日) 15:00 キックオフ,日本文化大學,17,有山　大翔,3,MF,13,控え,0,0,0,0,0.0
2026/06/28(日) 15:00 キックオフ,日本文化大學,19,小西　聖七,2,DF,0,控え,0,0,0,0,0.0
2026/06/28(日) 15:00 キックオフ,日本文化大學,22,田上　伊織,1,FW,2,控え,0,0,0,0,0.0
2026/06/28(日) 15:00 キックオフ,日本文化大學,24,伊皆　康輝,1,DF,0,控え,0,0,0,0,0.0
2026/06/28(日) 15:00 キックオフ,日本文化大學,30,関田　和智,2,MF,25,控え,0,1,1,0,0.0
2026/06/28(日) 15:00 キックオフ,日本文化大學,31,鈴木　彪琉,1,GK,0,控え,0,0,0,0,0.0
2026/06/28(日) 16:00 キックオフ,芝浦工業大学,12,金子　武蔵,1,GK,90,先発,0,0,0,0,0.0
2026/06/28(日) 16:00 キックオフ,芝浦工業大学,2,大塚　郷平,2,DF,90,先発,1,3,4,1,25.0
2026/06/28(日) 16:00 キックオフ,芝浦工業大学,5,鑓水　新葉,4,DF,90,先発,1,3,4,1,25.0
2026/06/28(日) 16:00 キックオフ,芝浦工業大学,32,池内　俊介,4,DF,65,先発,0,0,0,0,0.0
2026/06/28(日) 16:00 キックオフ,芝浦工業大学,8,渡邉　悠斗,4,MF,83,先発,1,0,1,0,0.0
2026/06/28(日) 16:00 キックオフ,芝浦工業大学,10,荒井　大和,4,MF,90,先発,4,0,4,0,0.0
2026/06/28(日) 16:00 キックオフ,芝浦工業大学,21,小池　誠一朗,1,MF,90,先発,1,1,2,0,0.0
2026/06/28(日) 16:00 キックオフ,芝浦工業大学,30,鈴木　峻平,2,MF,90,先発,1,0,1,0,0.0
2026/06/28(日) 16:00 キックオフ,芝浦工業大学,43,近藤　遥音,2,MF,90,先発,0,1,1,0,0.0
2026/06/28(日) 16:00 キックオフ,芝浦工業大学,56,藤森　日向大,1,MF,60,先発,0,1,1,0,0.0
2026/06/28(日) 16:00 キックオフ,芝浦工業大学,7,オルギン　カズオ,4,FW,60,先発,5,0,5,0,0.0
2026/06/28(日) 16:00 キックオフ,芝浦工業大学,1,八木原　嘉泉,3,GK,0,控え,0,0,0,0,0.0
2026/06/28(日) 16:00 キックオフ,芝浦工業大学,17,多胡　侑晟,4,DF,30,控え,0,0,0,0,0.0
2026/06/28(日) 16:00 キックオフ,芝浦工業大学,23,佐々木　啓太朗,3,DF,25,控え,0,0,0,0,0.0
2026/06/28(日) 16:00 キックオフ,芝浦工業大学,3,森本　紘大,4,MF,0,控え,0,0,0,0,0.0
2026/06/28(日) 16:00 キックオフ,芝浦工業大学,9,水飼　隼成,4,MF,7,控え,0,0,0,0,0.0
2026/06/28(日) 16:00 キックオフ,芝浦工業大学,11,三田村　龍,4,MF,0,控え,0,0,0,0,0.0
2026/06/28(日) 16:00 キックオフ,芝浦工業大学,28,中林　陽太,1,MF,0,控え,0,0,0,0,0.0
2026/06/28(日) 16:00 キックオフ,芝浦工業大学,37,桐山　将成,3,MF,30,控え,0,0,0,0,0.0
2026/06/28(日) 16:00 キックオフ,芝浦工業大学,33,羽生田　拓郁,2,FW,0,控え,0,0,0,0,0.0
2026/06/28(日) 16:00 キックオフ,防衛大学校（神奈川県）,21,見陣　孝征,1,GK,90,先発,0,0,0,0,0.0
2026/06/28(日) 16:00 キックオフ,防衛大学校（神奈川県）,2,佐野　宏晃,3,DF,90,先発,0,0,0,0,0.0
2026/06/28(日) 16:00 キックオフ,防衛大学校（神奈川県）,7,今井　燦,4,MF,90,先発,0,0,0,0,0.0
2026/06/28(日) 16:00 キックオフ,防衛大学校（神奈川県）,14,磯部　光,2,DF,90,先発,0,0,0,0,0.0
2026/06/28(日) 16:00 キックオフ,防衛大学校（神奈川県）,26,森　優朔,2,MF,90,先発,0,0,0,0,0.0
2026/06/28(日) 16:00 キックオフ,防衛大学校（神奈川県）,6,塩野　桜太,3,MF,90,先発,3,1,4,1,25.0
2026/06/28(日) 16:00 キックオフ,防衛大学校（神奈川県）,8,永岡　陸大,3,MF,90,先発,1,0,1,0,0.0
2026/06/28(日) 16:00 キックオフ,防衛大学校（神奈川県）,11,中山　皓太,3,DF,90,先発,1,0,1,0,0.0
2026/06/28(日) 16:00 キックオフ,防衛大学校（神奈川県）,19,高宮　基椰,3,MF,72,先発,0,0,0,0,0.0
2026/06/28(日) 16:00 キックオフ,防衛大学校（神奈川県）,29,大沼　佳樹,3,FW,90,先発,1,2,3,0,0.0
2026/06/28(日) 16:00 キックオフ,防衛大学校（神奈川県）,23,石川　太朗,2,FW,81,先発,0,0,0,0,0.0
2026/06/28(日) 16:00 キックオフ,防衛大学校（神奈川県）,1,市村　洋介,2,GK,0,控え,0,0,0,0,0.0
2026/06/28(日) 16:00 キックオフ,防衛大学校（神奈川県）,3,野口　佳那人,4,DF,0,控え,0,0,0,0,0.0
2026/06/28(日) 16:00 キックオフ,防衛大学校（神奈川県）,4,岸本　拓也,4,DF,0,控え,0,0,0,0,0.0
2026/06/28(日) 16:00 キックオフ,防衛大学校（神奈川県）,13,深川　蓮斗,3,DF,0,控え,0,0,0,0,0.0
2026/06/28(日) 16:00 キックオフ,防衛大学校（神奈川県）,24,坪井　晃希,2,MF,0,控え,0,0,0,0,0.0
2026/06/28(日) 16:00 キックオフ,防衛大学校（神奈川県）,27,坂本　弥徠,1,MF,18,控え,0,0,0,0,0.0
2026/06/28(日) 16:00 キックオフ,防衛大学校（神奈川県）,32,山内　陽童,1,MF,0,控え,0,0,0,0,0.0
2026/06/28(日) 16:00 キックオフ,防衛大学校（神奈川県）,33,毛利　優夫,3,MF,9,控え,0,0,0,0,0.0
2026/06/28(日) 16:00 キックオフ,防衛大学校（神奈川県）,9,堀田　理人,3,FW,0,控え,0,0,0,0,0.0
2026/07/11(土) 18:00 キックオフ,東京都立大学,12,中田 幹登,3,GK,90,先発,0,0,0,0,0.0
2026/07/11(土) 18:00 キックオフ,東京都立大学,2,竹谷　晄希,1,DF,90,先発,0,1,1,0,0.0
2026/07/11(土) 18:00 キックオフ,東京都立大学,4,福田 怜央,4,DF,90,先発,0,0,0,0,0.0
2026/07/11(土) 18:00 キックオフ,東京都立大学,22,若山 璃皇,3,DF,90,先発,0,0,0,0,0.0
2026/07/11(土) 18:00 キックオフ,東京都立大学,84,林 陸斗,2,DF,90,先発,1,0,1,0,0.0
2026/07/11(土) 18:00 キックオフ,東京都立大学,19,堤崎　陽琉,1,MF,90,先発,0,0,0,0,0.0
2026/07/11(土) 18:00 キックオフ,東京都立大学,21,森山 太稀,2,MF,90,先発,0,2,2,0,0.0
2026/07/11(土) 18:00 キックオフ,東京都立大学,23,須藤 星空,2,MF,90,先発,0,0,0,0,0.0
2026/07/11(土) 18:00 キックオフ,東京都立大学,24,坂井 玲仁,2,MF,86,先発,0,1,1,0,0.0
2026/07/11(土) 18:00 キックオフ,東京都立大学,42,大汐 徹平,2,MF,79,先発,0,0,0,0,0.0
2026/07/11(土) 18:00 キックオフ,東京都立大学,10,塩田 琢磨,4,FW,72,先発,1,0,1,0,0.0
2026/07/11(土) 18:00 キックオフ,東京都立大学,61,荒瀬　智文,1,GK,0,控え,0,0,0,0,0.0
2026/07/11(土) 18:00 キックオフ,東京都立大学,3,遠藤 優之亮,4,MF,0,控え,0,0,0,0,0.0
2026/07/11(土) 18:00 キックオフ,東京都立大学,26,五島 凛也,2,DF,0,控え,0,0,0,0,0.0
2026/07/11(土) 18:00 キックオフ,東京都立大学,33,朝見　元太,1,DF,0,控え,0,0,0,0,0.0
2026/07/11(土) 18:00 キックオフ,東京都立大学,99,中田　涼介,2,DF,0,控え,0,0,0,0,0.0
2026/07/11(土) 18:00 キックオフ,東京都立大学,7,程塚 駿太,3,MF,18,控え,0,0,0,0,0.0
2026/07/11(土) 18:00 キックオフ,東京都立大学,27,西田 有之介,2,MF,11,控え,0,0,0,0,0.0
2026/07/11(土) 18:00 キックオフ,東京都立大学,29,太田　金治,1,FW,0,控え,0,0,0,0,0.0
2026/07/11(土) 18:00 キックオフ,東京都立大学,71,西川 大翔,3,MF,4,控え,0,0,0,0,0.0
2026/07/11(土) 18:00 キックオフ,成蹊大学,21,柏﨑　海翔,3,GK,90,先発,0,0,0,0,0.0
2026/07/11(土) 18:00 キックオフ,成蹊大学,6,濱名　桜次郎,4,DF,90,先発,0,1,1,0,0.0
2026/07/11(土) 18:00 キックオフ,成蹊大学,23,五十嵐　達也,3,DF,90,先発,0,0,0,0,0.0
2026/07/11(土) 18:00 キックオフ,成蹊大学,16,平工　雄大,3,DF,90,先発,1,1,2,0,0.0
2026/07/11(土) 18:00 キックオフ,成蹊大学,14,鈴木　龍太朗,4,DF,90,先発,0,1,1,0,0.0
2026/07/11(土) 18:00 キックオフ,成蹊大学,26,西脇　雄太,3,MF,86,先発,0,0,0,0,0.0
2026/07/11(土) 18:00 キックオフ,成蹊大学,17,境田　海斗,4,MF,90,先発,0,1,1,0,0.0
2026/07/11(土) 18:00 キックオフ,成蹊大学,13,三城　慶人,3,MF,79,先発,1,0,1,0,0.0
2026/07/11(土) 18:00 キックオフ,成蹊大学,7,上野　凌空,4,FW,60,先発,1,0,1,1,100.0
2026/07/11(土) 18:00 キックオフ,成蹊大学,54,米田　健二朗,2,FW,82,先発,0,0,0,0,0.0
2026/07/11(土) 18:00 キックオフ,成蹊大学,32,中村　翔和,2,MF,90,先発,0,3,3,0,0.0
2026/07/11(土) 18:00 キックオフ,成蹊大学,64,汐﨑　弘心,3,GK,0,控え,0,0,0,0,0.0
2026/07/11(土) 18:00 キックオフ,成蹊大学,2,梶谷　一晴,4,DF,0,控え,0,0,0,0,0.0
2026/07/11(土) 18:00 キックオフ,成蹊大学,66,近藤　晴登,1,DF,0,控え,0,0,0,0,0.0
2026/07/11(土) 18:00 キックオフ,成蹊大学,4,川本　琉生,4,MF,4,控え,0,0,0,0,0.0
2026/07/11(土) 18:00 キックオフ,成蹊大学,73,加藤　哲哉,1,MF,0,控え,0,0,0,0,0.0
2026/07/11(土) 18:00 キックオフ,成蹊大学,11,池田　豪,4,FW,8,控え,0,1,1,0,0.0
2026/07/11(土) 18:00 キックオフ,成蹊大学,72,元島　隆之助,1,FW,11,控え,0,0,0,0,0.0
2026/07/11(土) 18:00 キックオフ,成蹊大学,88,辻　文大,2,FW,30,控え,0,0,0,0,0.0
