date,team,number,name,position,minutes_played,status
2026/04/04(土) 17:00 キックオフ,大東文化大学,12,妹尾　典,GK,90,先発
2026/04/04(土) 17:00 キックオフ,大東文化大学,18,青　海斗,DF,90,先発
2026/04/04(土) 17:00 キックオフ,大東文化大学,3,雨宮　壮汰,DF,90,先発
2026/04/04(土) 17:00 キックオフ,大東文化大学,5,池羽　航輝,DF,90,先発
2026/04/04(土) 17:00 キックオフ,大東文化大学,27,津田　楓真,DF,90,先発
2026/04/04(土) 17:00 キックオフ,大東文化大学,80,石神　瞬,MF,88,先発
2026/04/04(土) 17:00 キックオフ,大東文化大学,47,渡辺　浩史,MF,90,先発
2026/04/04(土) 17:00 キックオフ,大東文化大学,14,信國　達也,MF,81,先発
2026/04/04(土) 17:00 キックオフ,大東文化大学,16,栗栖　晴己,MF,45,先発
2026/04/04(土) 17:00 キックオフ,大東文化大学,43,並木　俊輔,MF,72,先発
2026/04/04(土) 17:00 キックオフ,大東文化大学,96,奥田　大翔,FW,45,先発
2026/04/04(土) 17:00 キックオフ,大東文化大学,31,佐藤　晴翔,GK,0,控え
2026/04/04(土) 17:00 キックオフ,大東文化大学,6,目黒　嵩人,DF,2,控え
2026/04/04(土) 17:00 キックオフ,大東文化大学,46,金子　潤,DF,0,控え
2026/04/04(土) 17:00 キックオフ,大東文化大学,13,佐久間　勇斗,MF,0,控え
2026/04/04(土) 17:00 キックオフ,大東文化大学,11,舘　颯之介,MF,9,控え
2026/04/04(土) 17:00 キックオフ,大東文化大学,10,安藤　稜人,MF,45,控え
2026/04/04(土) 17:00 キックオフ,大東文化大学,29,佐藤　大心,MF,45,控え
2026/04/04(土) 17:00 キックオフ,大東文化大学,19,上田　然,FW,0,控え
2026/04/04(土) 17:00 キックオフ,大東文化大学,7,笠原　壮瑠,FW,18,控え
2026/04/04(土) 17:00 キックオフ,朝鮮大学校,1,金 柱相,GK,90,先発
2026/04/04(土) 17:00 キックオフ,朝鮮大学校,2,沈 瑞輝,DF,90,先発
2026/04/04(土) 17:00 キックオフ,朝鮮大学校,4,金 悠宇,DF,90,先発
2026/04/04(土) 17:00 キックオフ,朝鮮大学校,5,愼 昌樹,DF,90,先発
2026/04/04(土) 17:00 キックオフ,朝鮮大学校,8,朴 創嶺,MF,90,先発
2026/04/04(土) 17:00 キックオフ,朝鮮大学校,10,朴 ソラ,MF,62,先発
2026/04/04(土) 17:00 キックオフ,朝鮮大学校,19,金 亨政,MF,90,先発
2026/04/04(土) 17:00 キックオフ,朝鮮大学校,23,チョ ヘフィ,MF,90,先発
2026/04/04(土) 17:00 キックオフ,朝鮮大学校,29,鄭 誓華,MF,62,先発
2026/04/04(土) 17:00 キックオフ,朝鮮大学校,11,鄭 泰男,MF,90,先発
2026/04/04(土) 17:00 キックオフ,朝鮮大学校,14,金 世諒,MF,71,先発
2026/04/04(土) 17:00 キックオフ,朝鮮大学校,12,金 利優,GK,0,控え
2026/04/04(土) 17:00 キックオフ,朝鮮大学校,3,金 龍昇,DF,0,控え
2026/04/04(土) 17:00 キックオフ,朝鮮大学校,20,金 星希,MF,28,控え
2026/04/04(土) 17:00 キックオフ,朝鮮大学校,6,姜 正晃,MF,0,控え
2026/04/04(土) 17:00 キックオフ,朝鮮大学校,17,金 翔栄,MF,19,控え
2026/04/04(土) 17:00 キックオフ,朝鮮大学校,18,ソン スンイ,MF,0,控え
2026/04/04(土) 17:00 キックオフ,朝鮮大学校,9,金 翔元,MF,28,控え
2026/04/04(土) 17:00 キックオフ,玉川大学,16,今村　光汰,GK,90,先発
2026/04/04(土) 17:00 キックオフ,玉川大学,3,信賀　有希,DF,90,先発
2026/04/04(土) 17:00 キックオフ,玉川大学,7,森岡　大地,MF,90,先発
2026/04/04(土) 17:00 キックオフ,玉川大学,5,松井　琢磨,DF,90,先発
2026/04/04(土) 17:00 キックオフ,玉川大学,36,上野　湊,DF,90,先発
2026/04/04(土) 17:00 キックオフ,玉川大学,11,中村　隼人,MF,90,先発
2026/04/04(土) 17:00 キックオフ,玉川大学,14,林　雄琉,MF,87,先発
2026/04/04(土) 17:00 キックオフ,玉川大学,10,内田　凜,MF,90,先発
2026/04/04(土) 17:00 キックオフ,玉川大学,23,國本　純成,MF,90,先発
2026/04/04(土) 17:00 キックオフ,玉川大学,13,堀野辺　空,MF,72,先発
2026/04/04(土) 17:00 キックオフ,玉川大学,19,国谷　康太,FW,78,先発
2026/04/04(土) 17:00 キックオフ,玉川大学,18,佐久間　駿喜,FW,12,控え
2026/04/04(土) 17:00 キックオフ,玉川大学,17,上野　兼叶,FW,18,控え
2026/04/04(土) 17:00 キックオフ,玉川大学,33,荒井　陽大,FW,0,控え
2026/04/04(土) 17:00 キックオフ,玉川大学,26,杉山　和勢,MF,3,控え
2026/04/04(土) 17:00 キックオフ,玉川大学,34,坂本　佳晴,MF,0,控え
2026/04/04(土) 17:00 キックオフ,玉川大学,22,歳森　杏介,MF,0,控え
2026/04/04(土) 17:00 キックオフ,玉川大学,15,丸尾　航琉,DF,0,控え
2026/04/04(土) 17:00 キックオフ,玉川大学,27,楠山　奈音,DF,0,控え
2026/04/04(土) 17:00 キックオフ,横浜国立大学（神奈川県）,1,神山　洋輝,GK,90,先発
2026/04/04(土) 17:00 キックオフ,横浜国立大学（神奈川県）,5,大西　遼久,DF,90,先発
2026/04/04(土) 17:00 キックオフ,横浜国立大学（神奈川県）,6,渡邊　元気,MF,90,先発
2026/04/04(土) 17:00 キックオフ,横浜国立大学（神奈川県）,7,立入　光記,MF,90,先発
2026/04/04(土) 17:00 キックオフ,横浜国立大学（神奈川県）,8,小宮　昂大,MF,90,先発
2026/04/04(土) 17:00 キックオフ,横浜国立大学（神奈川県）,9,篠崎　開惺,FW,90,先発
2026/04/04(土) 17:00 キックオフ,横浜国立大学（神奈川県）,10,原子　泰地,FW,90,先発
2026/04/04(土) 17:00 キックオフ,横浜国立大学（神奈川県）,13,竹中　暖喜,DF,90,先発
2026/04/04(土) 17:00 キックオフ,横浜国立大学（神奈川県）,19,森下　優之心,DF,84,先発
2026/04/04(土) 17:00 キックオフ,横浜国立大学（神奈川県）,33,中村　朗莞,FW,90,先発
2026/04/04(土) 17:00 キックオフ,横浜国立大学（神奈川県）,36,井上　愛翔,MF,90,先発
2026/04/04(土) 17:00 キックオフ,横浜国立大学（神奈川県）,11,島田　健央,FW,6,控え
2026/04/04(土) 17:00 キックオフ,横浜国立大学（神奈川県）,14,木村　光,MF,0,控え
2026/04/04(土) 17:00 キックオフ,横浜国立大学（神奈川県）,15,櫻井　恵太,MF,0,控え
2026/04/04(土) 17:00 キックオフ,横浜国立大学（神奈川県）,18,田房　朋樹,MF,0,控え
2026/04/04(土) 17:00 キックオフ,横浜国立大学（神奈川県）,21,川瀬　統己,GK,0,控え
2026/04/04(土) 17:00 キックオフ,横浜国立大学（神奈川県）,25,川口　湊人,MF,0,控え
2026/04/04(土) 17:00 キックオフ,横浜国立大学（神奈川県）,30,中野　楓麻,DF,0,控え
2026/04/04(土) 17:00 キックオフ,横浜国立大学（神奈川県）,37,佐々木　統羽,MF,0,控え
2026/04/04(土) 17:00 キックオフ,横浜国立大学（神奈川県）,40,小島　滉人,DF,0,控え
2026/04/05(日) 10:00 キックオフ,武蔵大学,1,重山　武史,GK,90,先発
2026/04/05(日) 10:00 キックオフ,武蔵大学,5,瀧川　穣,DF,90,先発
2026/04/05(日) 10:00 キックオフ,武蔵大学,19,加藤　大聖,DF,90,先発
2026/04/05(日) 10:00 キックオフ,武蔵大学,24,永山　泰希,DF,90,先発
2026/04/05(日) 10:00 キックオフ,武蔵大学,40,泉谷　俊,MF,90,先発
2026/04/05(日) 10:00 キックオフ,武蔵大学,8,中里　春輝,DF,78,先発
2026/04/05(日) 10:00 キックオフ,武蔵大学,33,宇野　大稀,MF,90,先発
2026/04/05(日) 10:00 キックオフ,武蔵大学,22,水越　大心,MF,60,先発
2026/04/05(日) 10:00 キックオフ,武蔵大学,11,田辺　伊吹,FW,90,先発
2026/04/05(日) 10:00 キックオフ,武蔵大学,13,藤倉　空知,MF,64,先発
2026/04/05(日) 10:00 キックオフ,武蔵大学,10,森田　蓮人,FW,90,先発
2026/04/05(日) 10:00 キックオフ,武蔵大学,21,神田　謙二郎,GK,0,控え
2026/04/05(日) 10:00 キックオフ,武蔵大学,4,小野寺　拓巳,DF,0,控え
2026/04/05(日) 10:00 キックオフ,武蔵大学,2,久保田　琳,DF,0,控え
2026/04/05(日) 10:00 キックオフ,武蔵大学,45,寺田　聡,MF,0,控え
2026/04/05(日) 10:00 キックオフ,武蔵大学,15,柳澤　広喜,MF,0,控え
2026/04/05(日) 10:00 キックオフ,武蔵大学,37,関口　陽大,MF,26,控え
2026/04/05(日) 10:00 キックオフ,武蔵大学,26,池戸　虹成,MF,30,控え
2026/04/05(日) 10:00 キックオフ,武蔵大学,14,石塚　優斗,MF,0,控え
2026/04/05(日) 10:00 キックオフ,武蔵大学,47,廣井　悠真,FW,0,控え
2026/04/05(日) 10:00 キックオフ,日本大学文理学部,1,磯貝 仁斗,GK,90,先発
2026/04/05(日) 10:00 キックオフ,日本大学文理学部,2,横山 聡大,DF,90,先発
2026/04/05(日) 10:00 キックオフ,日本大学文理学部,3,北村 翼,DF,74,先発
2026/04/05(日) 10:00 キックオフ,日本大学文理学部,25,間 琥太朗,DF,90,先発
2026/04/05(日) 10:00 キックオフ,日本大学文理学部,33,渋谷 竜聖,DF,90,先発
2026/04/05(日) 10:00 キックオフ,日本大学文理学部,93,小川 寧大,DF,90,先発
2026/04/05(日) 10:00 キックオフ,日本大学文理学部,6,大塚 逢祥,MF,90,先発
2026/04/05(日) 10:00 キックオフ,日本大学文理学部,10,城田 優,MF,90,先発
2026/04/05(日) 10:00 キックオフ,日本大学文理学部,14,葛西 由晏,MF,90,先発
2026/04/05(日) 10:00 キックオフ,日本大学文理学部,24,川口 友作,MF,64,先発
2026/04/05(日) 10:00 キックオフ,日本大学文理学部,9,遠田 凌,FW,76,先発
2026/04/05(日) 10:00 キックオフ,日本大学文理学部,91,嶋﨑 寛大,GK,0,控え
2026/04/05(日) 10:00 キックオフ,日本大学文理学部,37,清水 佑,DF,0,控え
2026/04/05(日) 10:00 キックオフ,日本大学文理学部,12,松尾 凜久,MF,0,控え
2026/04/05(日) 10:00 キックオフ,日本大学文理学部,46,鈴木 堅斗,MF,14,控え
2026/04/05(日) 10:00 キックオフ,日本大学文理学部,98,久場 莉稀,MF,0,控え
2026/04/05(日) 10:00 キックオフ,日本大学文理学部,18,中村 陶冶,FW,16,控え
2026/04/05(日) 10:00 キックオフ,日本大学文理学部,19,有田 海志,FW,0,控え
2026/04/05(日) 10:00 キックオフ,日本大学文理学部,28,谷口 莉都,FW,26,控え
2026/04/05(日) 10:00 キックオフ,日本大学文理学部,29,髙山 周,FW,0,控え
2026/04/05(日) 11:00 キックオフ,桜美林大学,90,三治　陽空,GK,90,先発
2026/04/05(日) 11:00 キックオフ,桜美林大学,88,山本　陵聖,DF,90,先発
2026/04/05(日) 11:00 キックオフ,桜美林大学,44,堀江　響希,DF,90,先発
2026/04/05(日) 11:00 キックオフ,桜美林大学,3,岩本　晴,DF,90,先発
2026/04/05(日) 11:00 キックオフ,桜美林大学,22,高橋　陽翔,DF,90,先発
2026/04/05(日) 11:00 キックオフ,桜美林大学,5,高井　翔麻,DF,90,先発
2026/04/05(日) 11:00 キックオフ,桜美林大学,6,吉川　遥人,MF,90,先発
2026/04/05(日) 11:00 キックオフ,桜美林大学,7,佐藤　天真,MF,86,先発
2026/04/05(日) 11:00 キックオフ,桜美林大学,96,木村　恵真,MF,81,先発
2026/04/05(日) 11:00 キックオフ,桜美林大学,21,菊地　琉世,MF,79,先発
2026/04/05(日) 11:00 キックオフ,桜美林大学,25,大成　春斗,FW,79,先発
2026/04/05(日) 11:00 キックオフ,桜美林大学,80,小野口　怜望,GK,0,控え
2026/04/05(日) 11:00 キックオフ,桜美林大学,31,牧野　歩,DF,0,控え
2026/04/05(日) 11:00 キックオフ,桜美林大学,15,大崎　陽斗,DF,0,控え
2026/04/05(日) 11:00 キックオフ,桜美林大学,67,細谷　隼生,DF,9,控え
2026/04/05(日) 11:00 キックオフ,桜美林大学,2,小野　文也,MF,11,控え
2026/04/05(日) 11:00 キックオフ,桜美林大学,36,菊地　勝斗,MF,0,控え
2026/04/05(日) 11:00 キックオフ,桜美林大学,9,斎藤　翔太,MF,4,控え
2026/04/05(日) 11:00 キックオフ,桜美林大学,18,佐藤　璃央,MF,0,控え
2026/04/05(日) 11:00 キックオフ,桜美林大学,20,倉橋　正吾,FW,11,控え
2026/04/05(日) 11:00 キックオフ,学習院大学,1,若尾　林太朗,GK,90,先発
2026/04/05(日) 11:00 キックオフ,学習院大学,2,松本　隆宏,DF,90,先発
2026/04/05(日) 11:00 キックオフ,学習院大学,3,中川　賢人,DF,90,先発
2026/04/05(日) 11:00 キックオフ,学習院大学,4,木内　温大,DF,90,先発
2026/04/05(日) 11:00 キックオフ,学習院大学,5,小林　恭輔,DF,90,先発
2026/04/05(日) 11:00 キックオフ,学習院大学,13,梶　圭朝,DF,90,先発
2026/04/05(日) 11:00 キックオフ,学習院大学,6,神山　晃太,MF,55,先発
2026/04/05(日) 11:00 キックオフ,学習院大学,7,児島　巧海,MF,90,先発
2026/04/05(日) 11:00 キックオフ,学習院大学,8,小川　将弥,MF,64,先発
2026/04/05(日) 11:00 キックオフ,学習院大学,10,小林　千紘,MF,90,先発
2026/04/05(日) 11:00 キックオフ,学習院大学,11,渡辺　創士,MF,90,先発
2026/04/05(日) 11:00 キックオフ,学習院大学,12,大西　怜真,GK,0,控え
2026/04/05(日) 11:00 キックオフ,学習院大学,24,柳澤　和希,DF,0,控え
2026/04/05(日) 11:00 キックオフ,学習院大学,14,佐藤　友樹,MF,35,控え
2026/04/05(日) 11:00 キックオフ,学習院大学,16,藤井　冬威,MF,0,控え
2026/04/05(日) 11:00 キックオフ,学習院大学,18,大久保　史温,MF,0,控え
2026/04/05(日) 11:00 キックオフ,学習院大学,9,佐藤　雄哉,FW,0,控え
2026/04/05(日) 11:00 キックオフ,学習院大学,15,早稲田　睦,FW,0,控え
2026/04/05(日) 11:00 キックオフ,学習院大学,17,原　壮太,FW,26,控え
2026/04/05(日) 11:00 キックオフ,学習院大学,20,北林　星七,FW,0,控え
2026/04/05(日) 13:30 キックオフ,東京経済大学,12,中村　裕大,GK,90,先発
2026/04/05(日) 13:30 キックオフ,東京経済大学,4,北林　嶺,DF,90,先発
2026/04/05(日) 13:30 キックオフ,東京経済大学,5,内田　雄真,DF,90,先発
2026/04/05(日) 13:30 キックオフ,東京経済大学,7,大塚　恭生,MF,90,先発
2026/04/05(日) 13:30 キックオフ,東京経済大学,10,伊崎　耕紀,MF,90,先発
2026/04/05(日) 13:30 キックオフ,東京経済大学,13,宮﨑　悠斗,MF,83,先発
2026/04/05(日) 13:30 キックオフ,東京経済大学,16,村松　晴登,MF,90,先発
2026/04/05(日) 13:30 キックオフ,東京経済大学,19,山田　士雄,MF,90,先発
2026/04/05(日) 13:30 キックオフ,東京経済大学,21,古垣　大樹,MF,62,先発
2026/04/05(日) 13:30 キックオフ,東京経済大学,28,海老原　寛大,MF,62,先発
2026/04/05(日) 13:30 キックオフ,東京経済大学,18,新井　悠河,FW,74,先発
2026/04/05(日) 13:30 キックオフ,東京経済大学,30,寺内　聡,GK,0,控え
2026/04/05(日) 13:30 キックオフ,東京経済大学,24,川村　大樹,DF,0,控え
2026/04/05(日) 13:30 キックオフ,東京経済大学,27,川畑　宇輝,DF,0,控え
2026/04/05(日) 13:30 キックオフ,東京経済大学,3,古澤　友麻,MF,0,控え
2026/04/05(日) 13:30 キックオフ,東京経済大学,8,河西　透和,MF,7,控え
2026/04/05(日) 13:30 キックオフ,東京経済大学,17,吉儀　大,MF,28,控え
2026/04/05(日) 13:30 キックオフ,東京経済大学,9,小尾　丞斗,FW,16,控え
2026/04/05(日) 13:30 キックオフ,東京経済大学,14,中島　洋之介,FW,0,控え
2026/04/05(日) 13:30 キックオフ,東京経済大学,15,久保寺　壱晟,FW,28,控え
2026/04/05(日) 13:30 キックオフ,神奈川工科大学（神奈川県）,30,大久保　陸翔,GK,90,先発
2026/04/05(日) 13:30 キックオフ,神奈川工科大学（神奈川県）,4,吉田　太陽,DF,90,先発
2026/04/05(日) 13:30 キックオフ,神奈川工科大学（神奈川県）,11,平田　竜誠,DF,76,先発
2026/04/05(日) 13:30 キックオフ,神奈川工科大学（神奈川県）,15,林　晃希,DF,90,先発
2026/04/05(日) 13:30 キックオフ,神奈川工科大学（神奈川県）,5,橋本　晃進,MF,90,先発
2026/04/05(日) 13:30 キックオフ,神奈川工科大学（神奈川県）,7,小林　優介,MF,83,先発
2026/04/05(日) 13:30 キックオフ,神奈川工科大学（神奈川県）,8,春原　	哲汰,MF,71,先発
2026/04/05(日) 13:30 キックオフ,神奈川工科大学（神奈川県）,10,小林　暢,MF,90,先発
2026/04/05(日) 13:30 キックオフ,神奈川工科大学（神奈川県）,13,齊藤　大翔,MF,86,先発
2026/04/05(日) 13:30 キックオフ,神奈川工科大学（神奈川県）,14,杉本　侑哉,MF,90,先発
2026/04/05(日) 13:30 キックオフ,神奈川工科大学（神奈川県）,9,功刀　崇斗,FW,90,先発
2026/04/05(日) 13:30 キックオフ,神奈川工科大学（神奈川県）,1,古渕　雅喜,GK,0,控え
2026/04/05(日) 13:30 キックオフ,神奈川工科大学（神奈川県）,2,菅原　颯太郎,DF,0,控え
2026/04/05(日) 13:30 キックオフ,神奈川工科大学（神奈川県）,3,五十嵐　晴生,DF,14,控え
2026/04/05(日) 13:30 キックオフ,神奈川工科大学（神奈川県）,29,常盤　啓太,DF,0,控え
2026/04/05(日) 13:30 キックオフ,神奈川工科大学（神奈川県）,6,石塚　快,MF,0,控え
2026/04/05(日) 13:30 キックオフ,神奈川工科大学（神奈川県）,23,小野　晟和,MF,4,控え
2026/04/05(日) 13:30 キックオフ,神奈川工科大学（神奈川県）,27,宮代　匠,MF,0,控え
2026/04/05(日) 13:30 キックオフ,神奈川工科大学（神奈川県）,18,前原　海聖,FW,19,控え
2026/04/05(日) 13:30 キックオフ,神奈川工科大学（神奈川県）,19,脇屋　颯人,FW,7,控え
2026/04/05(日) 14:00 キックオフ,帝京大学,1,佐藤 翔,GK,90,先発
2026/04/05(日) 14:00 キックオフ,帝京大学,2,松本 大地,DF,90,先発
2026/04/05(日) 14:00 キックオフ,帝京大学,3,船木 匡太朗,DF,90,先発
2026/04/05(日) 14:00 キックオフ,帝京大学,4,福平 太一,DF,90,先発
2026/04/05(日) 14:00 キックオフ,帝京大学,5,小林 侑希,DF,90,先発
2026/04/05(日) 14:00 キックオフ,帝京大学,6,近江 智哉,MF,66,先発
2026/04/05(日) 14:00 キックオフ,帝京大学,9,緒方 快青,MF,58,先発
2026/04/05(日) 14:00 キックオフ,帝京大学,13,沢 柊斗,MF,58,先発
2026/04/05(日) 14:00 キックオフ,帝京大学,14,藤田 晴,FW,90,先発
2026/04/05(日) 14:00 キックオフ,帝京大学,19,佐山 洸士,MF,58,先発
2026/04/05(日) 14:00 キックオフ,帝京大学,26,桾澤 琢太,MF,81,先発
2026/04/05(日) 14:00 キックオフ,帝京大学,7,内堀 太貴,MF,32,控え
2026/04/05(日) 14:00 キックオフ,帝京大学,8,桒原 一斗,MF,24,控え
2026/04/05(日) 14:00 キックオフ,帝京大学,10,細木 創太,FW,32,控え
2026/04/05(日) 14:00 キックオフ,帝京大学,12,牧野 長太朗,GK,0,控え
2026/04/05(日) 14:00 キックオフ,帝京大学,15,杉浦 慶樹,FW,9,控え
2026/04/05(日) 14:00 キックオフ,帝京大学,16,池内 優介,DF,32,控え
2026/04/05(日) 14:00 キックオフ,帝京大学,18,野田 侑聖,MF,0,控え
2026/04/05(日) 14:00 キックオフ,帝京大学,23,大塚 樟太,FW,0,控え
2026/04/05(日) 14:00 キックオフ,帝京大学,27,山下 湊太郎,DF,0,控え
2026/04/05(日) 14:00 キックオフ,上智大学,1,藤田　大輝,GK,90,先発
2026/04/05(日) 14:00 キックオフ,上智大学,3,松本　和輝,DF,90,先発
2026/04/05(日) 14:00 キックオフ,上智大学,6,荒川　哲平,MF,90,先発
2026/04/05(日) 14:00 キックオフ,上智大学,8,福島　広大,MF,86,先発
2026/04/05(日) 14:00 キックオフ,上智大学,9,田中　佑樹,FW,90,先発
2026/04/05(日) 14:00 キックオフ,上智大学,10,塙　　仁成,MF,78,先発
2026/04/05(日) 14:00 キックオフ,上智大学,33,村田　幸基,DF,90,先発
2026/04/05(日) 14:00 キックオフ,上智大学,44,山崎　颯介,MF,86,先発
2026/04/05(日) 14:00 キックオフ,上智大学,79,杉崎　皐輔,MF,70,先発
2026/04/05(日) 14:00 キックオフ,上智大学,88,廣恒　龍,MF,62,先発
2026/04/05(日) 14:00 キックオフ,上智大学,97,須田　悠斗,DF,90,先発
2026/04/05(日) 14:00 キックオフ,上智大学,2,唐澤　健太,DF,0,控え
2026/04/05(日) 14:00 キックオフ,上智大学,4,須藤　智洋,DF,0,控え
2026/04/05(日) 14:00 キックオフ,上智大学,11,笠原　真尋,MF,4,控え
2026/04/05(日) 14:00 キックオフ,上智大学,20,川島　晴空,DF,0,控え
2026/04/05(日) 14:00 キックオフ,上智大学,21,橋本　斗雅,MF,4,控え
2026/04/05(日) 14:00 キックオフ,上智大学,32,堀江　風雅,MF,28,控え
2026/04/05(日) 14:00 キックオフ,上智大学,35,大西　十和,FW,12,控え
2026/04/05(日) 14:00 キックオフ,上智大学,50,五十嵐　陽人,MF,0,控え
2026/04/05(日) 14:00 キックオフ,上智大学,80,大島　千虎,FW,20,控え
2026/04/11(土) 12:45 キックオフ,横浜国立大学（神奈川県）,1,神山　洋輝,GK,90,先発
2026/04/11(土) 12:45 キックオフ,横浜国立大学（神奈川県）,5,大西　遼久,DF,90,先発
2026/04/11(土) 12:45 キックオフ,横浜国立大学（神奈川県）,6,渡邊　元気,MF,90,先発
2026/04/11(土) 12:45 キックオフ,横浜国立大学（神奈川県）,7,立入　光記,MF,90,先発
2026/04/11(土) 12:45 キックオフ,横浜国立大学（神奈川県）,8,小宮　昂大,MF,90,先発
2026/04/11(土) 12:45 キックオフ,横浜国立大学（神奈川県）,9,篠崎　開惺,FW,90,先発
2026/04/11(土) 12:45 キックオフ,横浜国立大学（神奈川県）,10,原子　泰地,FW,90,先発
2026/04/11(土) 12:45 キックオフ,横浜国立大学（神奈川県）,13,竹中　暖喜,DF,90,先発
2026/04/11(土) 12:45 キックオフ,横浜国立大学（神奈川県）,19,森下　優之心,DF,69,先発
2026/04/11(土) 12:45 キックオフ,横浜国立大学（神奈川県）,26,加藤　士門,FW,90,先発
2026/04/11(土) 12:45 キックオフ,横浜国立大学（神奈川県）,36,井上　愛翔,MF,79,先発
2026/04/11(土) 12:45 キックオフ,横浜国立大学（神奈川県）,3,髙木　直,MF,11,控え
2026/04/11(土) 12:45 キックオフ,横浜国立大学（神奈川県）,4,飯島　浩輝,MF,0,控え
2026/04/11(土) 12:45 キックオフ,横浜国立大学（神奈川県）,14,木村　光,MF,0,控え
2026/04/11(土) 12:45 キックオフ,横浜国立大学（神奈川県）,15,櫻井　恵太,MF,21,控え
2026/04/11(土) 12:45 キックオフ,横浜国立大学（神奈川県）,18,田房　朋樹,MF,0,控え
2026/04/11(土) 12:45 キックオフ,横浜国立大学（神奈川県）,21,川瀬　統己,GK,0,控え
2026/04/11(土) 12:45 キックオフ,横浜国立大学（神奈川県）,25,川口　湊人,MF,0,控え
2026/04/11(土) 12:45 キックオフ,横浜国立大学（神奈川県）,30,中野　楓麻,DF,0,控え
2026/04/11(土) 12:45 キックオフ,横浜国立大学（神奈川県）,40,小島　滉人,DF,0,控え
2026/04/11(土) 12:45 キックオフ,桜美林大学,3,岩本　晴,DF,90,先発
2026/04/11(土) 12:45 キックオフ,桜美林大学,5,高井　翔麻,DF,90,先発
2026/04/11(土) 12:45 キックオフ,桜美林大学,6,吉川　遥人,MF,81,先発
2026/04/11(土) 12:45 キックオフ,桜美林大学,7,佐藤　天真,MF,90,先発
2026/04/11(土) 12:45 キックオフ,桜美林大学,10,石澤　海陽,FW,90,先発
2026/04/11(土) 12:45 キックオフ,桜美林大学,21,菊地　琉世,MF,86,先発
2026/04/11(土) 12:45 キックオフ,桜美林大学,22,高橋　陽翔,DF,90,先発
2026/04/11(土) 12:45 キックオフ,桜美林大学,25,大成　春斗,FW,78,先発
2026/04/11(土) 12:45 キックオフ,桜美林大学,44,堀江　響希,DF,90,先発
2026/04/11(土) 12:45 キックオフ,桜美林大学,90,三治　陽空,GK,90,先発
2026/04/11(土) 12:45 キックオフ,桜美林大学,96,木村　恵真,MF,64,先発
2026/04/11(土) 12:45 キックオフ,桜美林大学,2,小野　文也,MF,0,控え
2026/04/11(土) 12:45 キックオフ,桜美林大学,9,斎藤　翔太,MF,9,控え
2026/04/11(土) 12:45 キックオフ,桜美林大学,15,大崎　陽斗,DF,0,控え
2026/04/11(土) 12:45 キックオフ,桜美林大学,20,倉橋　正吾,FW,12,控え
2026/04/11(土) 12:45 キックオフ,桜美林大学,31,牧野　歩,DF,0,控え
2026/04/11(土) 12:45 キックオフ,桜美林大学,36,菊地　勝斗,MF,4,控え
2026/04/11(土) 12:45 キックオフ,桜美林大学,67,細谷　隼生,DF,26,控え
2026/04/11(土) 12:45 キックオフ,桜美林大学,80,小野口　怜望,GK,0,控え
2026/04/11(土) 12:45 キックオフ,桜美林大学,88,山本　陵聖,DF,0,控え
2026/04/11(土) 14:30 キックオフ,上智大学,1,藤田　大輝,GK,90,先発
2026/04/11(土) 14:30 キックオフ,上智大学,97,須田　悠斗,DF,20,先発
2026/04/11(土) 14:30 キックオフ,上智大学,3,松本　和輝,DF,90,先発
2026/04/11(土) 14:30 キックオフ,上智大学,33,村田　幸基,DF,90,先発
2026/04/11(土) 14:30 キックオフ,上智大学,44,山崎　颯介,MF,90,先発
2026/04/11(土) 14:30 キックオフ,上智大学,79,杉崎　皐輔,MF,90,先発
2026/04/11(土) 14:30 キックオフ,上智大学,6,荒川　哲平,MF,90,先発
2026/04/11(土) 14:30 キックオフ,上智大学,32,堀江　風雅,MF,61,先発
2026/04/11(土) 14:30 キックオフ,上智大学,8,福島　広大,MF,70,先発
2026/04/11(土) 14:30 キックオフ,上智大学,10,塙　　仁成,MF,82,先発
2026/04/11(土) 14:30 キックオフ,上智大学,9,田中　佑樹,FW,90,先発
2026/04/11(土) 14:30 キックオフ,上智大学,4,須藤　智洋,DF,70,控え
2026/04/11(土) 14:30 キックオフ,上智大学,20,川島　晴空,DF,0,控え
2026/04/11(土) 14:30 キックオフ,上智大学,26,宇野　伶,DF,0,控え
2026/04/11(土) 14:30 キックオフ,上智大学,94,安野　一颯,DF,8,控え
2026/04/11(土) 14:30 キックオフ,上智大学,11,笠原　真尋,MF,0,控え
2026/04/11(土) 14:30 キックオフ,上智大学,17,白坂　航大,MF,0,控え
2026/04/11(土) 14:30 キックオフ,上智大学,88,廣恒　龍,MF,20,控え
2026/04/11(土) 14:30 キックオフ,上智大学,35,大西　十和,FW,0,控え
2026/04/11(土) 14:30 キックオフ,上智大学,80,大島　千虎,FW,29,控え
2026/04/11(土) 14:30 キックオフ,東京経済大学,12,中村　裕大,GK,90,先発
2026/04/11(土) 14:30 キックオフ,東京経済大学,4,北林　嶺,DF,90,先発
2026/04/11(土) 14:30 キックオフ,東京経済大学,5,内田　雄真,DF,90,先発
2026/04/11(土) 14:30 キックオフ,東京経済大学,8,河西　透和,MF,90,先発
2026/04/11(土) 14:30 キックオフ,東京経済大学,10,伊崎　耕紀,MF,79,先発
2026/04/11(土) 14:30 キックオフ,東京経済大学,7,大塚　恭生,MF,90,先発
2026/04/11(土) 14:30 キックオフ,東京経済大学,13,宮﨑　悠斗,MF,90,先発
2026/04/11(土) 14:30 キックオフ,東京経済大学,16,村松　晴登,MF,90,先発
2026/04/11(土) 14:30 キックオフ,東京経済大学,21,古垣　大樹,MF,63,先発
2026/04/11(土) 14:30 キックオフ,東京経済大学,28,海老原　寛大,MF,63,先発
2026/04/11(土) 14:30 キックオフ,東京経済大学,18,新井　悠河,FW,72,先発
2026/04/11(土) 14:30 キックオフ,東京経済大学,30,寺内　聡,GK,0,控え
2026/04/11(土) 14:30 キックオフ,東京経済大学,3,古澤　友麻,DF,11,控え
2026/04/11(土) 14:30 キックオフ,東京経済大学,6,松井　一晟,DF,0,控え
2026/04/11(土) 14:30 キックオフ,東京経済大学,14,中島　洋之介,MF,0,控え
2026/04/11(土) 14:30 キックオフ,東京経済大学,15,久保寺　壱晟,MF,0,控え
2026/04/11(土) 14:30 キックオフ,東京経済大学,17,吉儀　大,MF,27,控え
2026/04/11(土) 14:30 キックオフ,東京経済大学,26,田中　大夢,MF,0,控え
2026/04/11(土) 14:30 キックオフ,東京経済大学,29,駒田　晴生,MF,27,控え
2026/04/11(土) 14:30 キックオフ,東京経済大学,9,小尾　丞斗,FW,18,控え
2026/04/11(土) 17:03 キックオフ,玉川大学,3,信賀　有希,DF,90,先発
2026/04/11(土) 17:03 キックオフ,玉川大学,5,松井　琢磨,DF,90,先発
2026/04/11(土) 17:03 キックオフ,玉川大学,7,森岡　大地,MF,85,先発
2026/04/11(土) 17:03 キックオフ,玉川大学,10,内田　凜,MF,90,先発
2026/04/11(土) 17:03 キックオフ,玉川大学,11,中村　隼人,MF,90,先発
2026/04/11(土) 17:03 キックオフ,玉川大学,13,堀野辺　空,MF,74,先発
2026/04/11(土) 17:03 キックオフ,玉川大学,14,林　雄琉,MF,83,先発
2026/04/11(土) 17:03 キックオフ,玉川大学,16,今村　光汰,GK,90,先発
2026/04/11(土) 17:03 キックオフ,玉川大学,19,国谷　康太,FW,63,先発
2026/04/11(土) 17:03 キックオフ,玉川大学,23,國本　純成,MF,90,先発
2026/04/11(土) 17:03 キックオフ,玉川大学,36,上野　湊,DF,90,先発
2026/04/11(土) 17:03 キックオフ,玉川大学,12,松本　里央,FW,0,控え
2026/04/11(土) 17:03 キックオフ,玉川大学,15,丸尾　航琉,DF,0,控え
2026/04/11(土) 17:03 キックオフ,玉川大学,17,上野　兼叶,FW,27,控え
2026/04/11(土) 17:03 キックオフ,玉川大学,18,佐久間　駿喜,FW,7,控え
2026/04/11(土) 17:03 キックオフ,玉川大学,22,歳森　杏介,MF,7,控え
2026/04/11(土) 17:03 キックオフ,玉川大学,26,杉山　和勢,MF,0,控え
2026/04/11(土) 17:03 キックオフ,玉川大学,27,楠山　奈音,DF,5,控え
2026/04/11(土) 17:03 キックオフ,玉川大学,33,荒井　陽大,FW,16,控え
2026/04/11(土) 17:03 キックオフ,玉川大学,34,坂本　佳晴,MF,0,控え
2026/04/11(土) 17:03 キックオフ,武蔵大学,1,重山　武史,GK,90,先発
2026/04/11(土) 17:03 キックオフ,武蔵大学,2,久保田　琳,DF,90,先発
2026/04/11(土) 17:03 キックオフ,武蔵大学,3,中嶋　惇仁,DF,90,先発
2026/04/11(土) 17:03 キックオフ,武蔵大学,8,中里　春輝,DF,90,先発
2026/04/11(土) 17:03 キックオフ,武蔵大学,10,森田　蓮人,FW,90,先発
2026/04/11(土) 17:03 キックオフ,武蔵大学,11,田辺　伊吹,FW,90,先発
2026/04/11(土) 17:03 キックオフ,武蔵大学,13,藤倉　空知,MF,80,先発
2026/04/11(土) 17:03 キックオフ,武蔵大学,19,加藤　大聖,DF,90,先発
2026/04/11(土) 17:03 キックオフ,武蔵大学,22,水越　大心,MF,72,先発
2026/04/11(土) 17:03 キックオフ,武蔵大学,33,宇野　大稀,MF,90,先発
2026/04/11(土) 17:03 キックオフ,武蔵大学,40,泉谷　俊,MF,90,先発
2026/04/11(土) 17:03 キックオフ,武蔵大学,4,小野寺　拓巳,DF,0,控え
2026/04/11(土) 17:03 キックオフ,武蔵大学,14,石塚　優斗,MF,0,控え
2026/04/11(土) 17:03 キックオフ,武蔵大学,15,柳澤　広喜,MF,0,控え
2026/04/11(土) 17:03 キックオフ,武蔵大学,21,神田　謙二郎,GK,0,控え
2026/04/11(土) 17:03 キックオフ,武蔵大学,24,永山　泰希,DF,0,控え
2026/04/11(土) 17:03 キックオフ,武蔵大学,26,池戸　虹成,MF,18,控え
2026/04/11(土) 17:03 キックオフ,武蔵大学,28,藤田　和,MF,0,控え
2026/04/11(土) 17:03 キックオフ,武蔵大学,45,寺田　聡,MF,0,控え
2026/04/11(土) 17:03 キックオフ,武蔵大学,47,廣井　悠真,FW,10,控え
2026/04/12(日) 10:00 キックオフ,朝鮮大学校,1,金 柱相,GK,90,先発
2026/04/12(日) 10:00 キックオフ,朝鮮大学校,2,沈 瑞輝,DF,90,先発
2026/04/12(日) 10:00 キックオフ,朝鮮大学校,4,金 悠宇,DF,90,先発
2026/04/12(日) 10:00 キックオフ,朝鮮大学校,20,金 星希,DF,90,先発
2026/04/12(日) 10:00 キックオフ,朝鮮大学校,8,朴 創嶺,MF,80,先発
2026/04/12(日) 10:00 キックオフ,朝鮮大学校,10,朴 ソラ,MF,72,先発
2026/04/12(日) 10:00 キックオフ,朝鮮大学校,19,金 亨政,MF,90,先発
2026/04/12(日) 10:00 キックオフ,朝鮮大学校,28,崔 廣敏,MF,45,先発
2026/04/12(日) 10:00 キックオフ,朝鮮大学校,29,鄭 誓華,MF,90,先発
2026/04/12(日) 10:00 キックオフ,朝鮮大学校,11,鄭 泰男,FW,90,先発
2026/04/12(日) 10:00 キックオフ,朝鮮大学校,14,金 世諒,FW,89,先発
2026/04/12(日) 10:00 キックオフ,朝鮮大学校,12,金 利優,GK,0,控え
2026/04/12(日) 10:00 キックオフ,朝鮮大学校,5,愼 昌樹,DF,0,控え
2026/04/12(日) 10:00 キックオフ,朝鮮大学校,6,姜 正晃,MF,10,控え
2026/04/12(日) 10:00 キックオフ,朝鮮大学校,17,金 翔栄,MF,18,控え
2026/04/12(日) 10:00 キックオフ,朝鮮大学校,23,チョ ヘフィ,MF,1,控え
2026/04/12(日) 10:00 キックオフ,朝鮮大学校,9,金 翔元,FW,45,控え
2026/04/12(日) 10:00 キックオフ,神奈川工科大学（神奈川県）,30,大久保　陸翔,GK,90,先発
2026/04/12(日) 10:00 キックオフ,神奈川工科大学（神奈川県）,3,五十嵐　晴生,DF,90,先発
2026/04/12(日) 10:00 キックオフ,神奈川工科大学（神奈川県）,11,平田　竜誠,DF,90,先発
2026/04/12(日) 10:00 キックオフ,神奈川工科大学（神奈川県）,15,林　晃希,DF,90,先発
2026/04/12(日) 10:00 キックオフ,神奈川工科大学（神奈川県）,5,橋本　晃進,MF,90,先発
2026/04/12(日) 10:00 キックオフ,神奈川工科大学（神奈川県）,7,小林　優介,MF,90,先発
2026/04/12(日) 10:00 キックオフ,神奈川工科大学（神奈川県）,8,春原　	哲汰,MF,90,先発
2026/04/12(日) 10:00 キックオフ,神奈川工科大学（神奈川県）,10,小林　暢,MF,90,先発
2026/04/12(日) 10:00 キックオフ,神奈川工科大学（神奈川県）,13,齊藤　大翔,MF,77,先発
2026/04/12(日) 10:00 キックオフ,神奈川工科大学（神奈川県）,14,杉本　侑哉,MF,90,先発
2026/04/12(日) 10:00 キックオフ,神奈川工科大学（神奈川県）,9,功刀　崇斗,FW,90,先発
2026/04/12(日) 10:00 キックオフ,神奈川工科大学（神奈川県）,1,古渕　雅喜,GK,0,控え
2026/04/12(日) 10:00 キックオフ,神奈川工科大学（神奈川県）,2,菅原　颯太郎,DF,0,控え
2026/04/12(日) 10:00 キックオフ,神奈川工科大学（神奈川県）,29,常盤　啓太,DF,0,控え
2026/04/12(日) 10:00 キックオフ,神奈川工科大学（神奈川県）,6,石塚　快,MF,0,控え
2026/04/12(日) 10:00 キックオフ,神奈川工科大学（神奈川県）,23,小野　晟和,MF,0,控え
2026/04/12(日) 10:00 キックオフ,神奈川工科大学（神奈川県）,27,宮代　匠,MF,0,控え
2026/04/12(日) 10:00 キックオフ,神奈川工科大学（神奈川県）,12,川瀬　桜介,FW,13,控え
2026/04/12(日) 10:00 キックオフ,神奈川工科大学（神奈川県）,18,前原　海聖,FW,0,控え
2026/04/12(日) 10:00 キックオフ,神奈川工科大学（神奈川県）,19,脇屋　颯人,FW,0,控え
2026/04/12(日) 14:00 キックオフ,日本大学文理学部,1,磯貝 仁斗,GK,90,先発
2026/04/12(日) 14:00 キックオフ,日本大学文理学部,2,横山 聡大,DF,77,先発
2026/04/12(日) 14:00 キックオフ,日本大学文理学部,3,北村 翼,DF,90,先発
2026/04/12(日) 14:00 キックオフ,日本大学文理学部,25,間 琥太朗,DF,90,先発
2026/04/12(日) 14:00 キックオフ,日本大学文理学部,37,清水 佑,DF,90,先発
2026/04/12(日) 14:00 キックオフ,日本大学文理学部,93,小川 寧大,DF,90,先発
2026/04/12(日) 14:00 キックオフ,日本大学文理学部,6,大塚 逢祥,MF,90,先発
2026/04/12(日) 14:00 キックオフ,日本大学文理学部,10,城田 優,MF,90,先発
2026/04/12(日) 14:00 キックオフ,日本大学文理学部,14,葛西 由晏,MF,90,先発
2026/04/12(日) 14:00 キックオフ,日本大学文理学部,24,川口 友作,MF,82,先発
2026/04/12(日) 14:00 キックオフ,日本大学文理学部,9,遠田 凌,FW,73,先発
2026/04/12(日) 14:00 キックオフ,日本大学文理学部,91,嶋﨑 寛大,GK,0,控え
2026/04/12(日) 14:00 キックオフ,日本大学文理学部,77,新門 一晏,DF,0,控え
2026/04/12(日) 14:00 キックオフ,日本大学文理学部,5,星 恒輝,MF,0,控え
2026/04/12(日) 14:00 キックオフ,日本大学文理学部,46,鈴木 堅斗,MF,0,控え
2026/04/12(日) 14:00 キックオフ,日本大学文理学部,98,久場 莉稀,MF,0,控え
2026/04/12(日) 14:00 キックオフ,日本大学文理学部,18,中村 陶冶,FW,13,控え
2026/04/12(日) 14:00 キックオフ,日本大学文理学部,19,有田 海志,FW,0,控え
2026/04/12(日) 14:00 キックオフ,日本大学文理学部,28,谷口 莉都,FW,8,控え
2026/04/12(日) 14:00 キックオフ,日本大学文理学部,29,髙山 周,FW,17,控え
2026/04/12(日) 14:00 キックオフ,大東文化大学,1,清水　天斗,GK,90,先発
2026/04/12(日) 14:00 キックオフ,大東文化大学,6,目黒　嵩人,DF,90,先発
2026/04/12(日) 14:00 キックオフ,大東文化大学,3,雨宮　壮汰,DF,64,先発
2026/04/12(日) 14:00 キックオフ,大東文化大学,5,池羽　航輝,DF,90,先発
2026/04/12(日) 14:00 キックオフ,大東文化大学,27,津田　楓真,DF,90,先発
2026/04/12(日) 14:00 キックオフ,大東文化大学,41,佃　孝太,MF,82,先発
2026/04/12(日) 14:00 キックオフ,大東文化大学,47,渡辺　浩史,MF,90,先発
2026/04/12(日) 14:00 キックオフ,大東文化大学,14,信國　達也,MF,90,先発
2026/04/12(日) 14:00 キックオフ,大東文化大学,10,安藤　稜人,MF,64,先発
2026/04/12(日) 14:00 キックオフ,大東文化大学,29,佐藤　大心,MF,90,先発
2026/04/12(日) 14:00 キックオフ,大東文化大学,16,栗栖　晴己,MF,77,先発
2026/04/12(日) 14:00 キックオフ,大東文化大学,12,妹尾　典,GK,0,控え
2026/04/12(日) 14:00 キックオフ,大東文化大学,4,正木　翠羽,DF,0,控え
2026/04/12(日) 14:00 キックオフ,大東文化大学,22,髙野　広大,DF,0,控え
2026/04/12(日) 14:00 キックオフ,大東文化大学,13,佐久間　勇斗,MF,0,控え
2026/04/12(日) 14:00 キックオフ,大東文化大学,11,舘　颯之介,MF,26,控え
2026/04/12(日) 14:00 キックオフ,大東文化大学,9,熊田　裕,MF,13,控え
2026/04/12(日) 14:00 キックオフ,大東文化大学,96,奥田　大翔,FW,26,控え
2026/04/12(日) 14:00 キックオフ,大東文化大学,43,並木　俊輔,MF,8,控え
2026/04/12(日) 14:00 キックオフ,大東文化大学,7,笠原　壮瑠,FW,0,控え
2026/04/12(日) 15:00 キックオフ,学習院大学,1,若尾　林太朗,GK,90,先発
2026/04/12(日) 15:00 キックオフ,学習院大学,2,松本　隆宏,DF,90,先発
2026/04/12(日) 15:00 キックオフ,学習院大学,3,中川　賢人,DF,90,先発
2026/04/12(日) 15:00 キックオフ,学習院大学,5,小林　恭輔,DF,90,先発
2026/04/12(日) 15:00 キックオフ,学習院大学,6,神山　晃太,MF,64,先発
2026/04/12(日) 15:00 キックオフ,学習院大学,7,児島　巧海,MF,90,先発
2026/04/12(日) 15:00 キックオフ,学習院大学,8,小川　将弥,MF,90,先発
2026/04/12(日) 15:00 キックオフ,学習院大学,10,小林　千紘,MF,90,先発
2026/04/12(日) 15:00 キックオフ,学習院大学,11,渡辺　創士,MF,90,先発
2026/04/12(日) 15:00 キックオフ,学習院大学,13,梶　圭朝,DF,90,先発
2026/04/12(日) 15:00 キックオフ,学習院大学,16,藤井　冬威,MF,90,先発
2026/04/12(日) 15:00 キックオフ,学習院大学,4,木内　温大,DF,0,控え
2026/04/12(日) 15:00 キックオフ,学習院大学,9,佐藤　雄哉,FW,0,控え
2026/04/12(日) 15:00 キックオフ,学習院大学,12,大西　怜真,GK,0,控え
2026/04/12(日) 15:00 キックオフ,学習院大学,14,佐藤　友樹,MF,26,控え
2026/04/12(日) 15:00 キックオフ,学習院大学,15,早稲田　睦,FW,0,控え
2026/04/12(日) 15:00 キックオフ,学習院大学,17,原　壮太,FW,0,控え
2026/04/12(日) 15:00 キックオフ,学習院大学,18,大久保　史温,MF,0,控え
2026/04/12(日) 15:00 キックオフ,学習院大学,24,柳澤　和希,DF,0,控え
2026/04/12(日) 15:00 キックオフ,学習院大学,25,西村　藍斗,DF,0,控え
2026/04/12(日) 15:00 キックオフ,帝京大学,1,佐藤 翔,GK,90,先発
2026/04/12(日) 15:00 キックオフ,帝京大学,2,松本 大地,DF,90,先発
2026/04/12(日) 15:00 キックオフ,帝京大学,3,船木 匡太朗,DF,90,先発
2026/04/12(日) 15:00 キックオフ,帝京大学,4,福平 太一,DF,90,先発
2026/04/12(日) 15:00 キックオフ,帝京大学,5,小林 侑希,DF,90,先発
2026/04/12(日) 15:00 キックオフ,帝京大学,7,内堀 太貴,MF,45,先発
2026/04/12(日) 15:00 キックオフ,帝京大学,8,桒原 一斗,MF,61,先発
2026/04/12(日) 15:00 キックオフ,帝京大学,9,緒方 快青,MF,69,先発
2026/04/12(日) 15:00 キックオフ,帝京大学,13,沢 柊斗,MF,61,先発
2026/04/12(日) 15:00 キックオフ,帝京大学,14,藤田 晴,FW,90,先発
2026/04/12(日) 15:00 キックオフ,帝京大学,26,桾澤 琢太,MF,78,先発
2026/04/12(日) 15:00 キックオフ,帝京大学,6,近江 智哉,MF,29,控え
2026/04/12(日) 15:00 キックオフ,帝京大学,10,細木 創太,FW,21,控え
2026/04/12(日) 15:00 キックオフ,帝京大学,11,渡辺 結心,MF,45,控え
2026/04/12(日) 15:00 キックオフ,帝京大学,12,牧野 長太朗,GK,0,控え
2026/04/12(日) 15:00 キックオフ,帝京大学,15,杉浦 慶樹,FW,12,控え
2026/04/12(日) 15:00 キックオフ,帝京大学,16,池内 優介,DF,29,控え
2026/04/12(日) 15:00 キックオフ,帝京大学,19,佐山 洸士,MF,0,控え
2026/04/12(日) 15:00 キックオフ,帝京大学,27,山下 湊太郎,DF,0,控え
2026/04/18(土) 10:00 キックオフ,神奈川工科大学（神奈川県）,3,五十嵐　晴生,DF,90,先発
2026/04/18(土) 10:00 キックオフ,神奈川工科大学（神奈川県）,5,橋本　晃進,MF,90,先発
2026/04/18(土) 10:00 キックオフ,神奈川工科大学（神奈川県）,7,小林　優介,MF,90,先発
2026/04/18(土) 10:00 キックオフ,神奈川工科大学（神奈川県）,8,春原　	哲汰,MF,81,先発
2026/04/18(土) 10:00 キックオフ,神奈川工科大学（神奈川県）,9,功刀　崇斗,FW,78,先発
2026/04/18(土) 10:00 キックオフ,神奈川工科大学（神奈川県）,10,小林　暢,MF,90,先発
2026/04/18(土) 10:00 キックオフ,神奈川工科大学（神奈川県）,11,平田　竜誠,DF,58,先発
2026/04/18(土) 10:00 キックオフ,神奈川工科大学（神奈川県）,13,齊藤　大翔,MF,78,先発
2026/04/18(土) 10:00 キックオフ,神奈川工科大学（神奈川県）,14,杉本　侑哉,MF,90,先発
2026/04/18(土) 10:00 キックオフ,神奈川工科大学（神奈川県）,15,林　晃希,DF,78,先発
2026/04/18(土) 10:00 キックオフ,神奈川工科大学（神奈川県）,30,大久保　陸翔,GK,90,先発
2026/04/18(土) 10:00 キックオフ,神奈川工科大学（神奈川県）,1,古渕　雅喜,GK,0,控え
2026/04/18(土) 10:00 キックオフ,神奈川工科大学（神奈川県）,2,菅原　颯太郎,DF,0,控え
2026/04/18(土) 10:00 キックオフ,神奈川工科大学（神奈川県）,6,石塚　快,MF,0,控え
2026/04/18(土) 10:00 キックオフ,神奈川工科大学（神奈川県）,12,川瀬　桜介,FW,12,控え
2026/04/18(土) 10:00 キックオフ,神奈川工科大学（神奈川県）,18,前原　海聖,FW,32,控え
2026/04/18(土) 10:00 キックオフ,神奈川工科大学（神奈川県）,23,小野　晟和,MF,9,控え
2026/04/18(土) 10:00 キックオフ,神奈川工科大学（神奈川県）,29,常盤　啓太,DF,12,控え
2026/04/18(土) 10:00 キックオフ,神奈川工科大学（神奈川県）,27,宮代　匠,MF,0,控え
2026/04/18(土) 10:00 キックオフ,神奈川工科大学（神奈川県）,19,脇屋　颯人,FW,12,控え
2026/04/18(土) 10:00 キックオフ,日本大学文理学部,1,磯貝 仁斗,GK,90,先発
2026/04/18(土) 10:00 キックオフ,日本大学文理学部,2,横山 聡大,DF,90,先発
2026/04/18(土) 10:00 キックオフ,日本大学文理学部,3,北村 翼,DF,90,先発
2026/04/18(土) 10:00 キックオフ,日本大学文理学部,6,大塚 逢祥,MF,46,先発
2026/04/18(土) 10:00 キックオフ,日本大学文理学部,9,遠田 凌,FW,85,先発
2026/04/18(土) 10:00 キックオフ,日本大学文理学部,10,城田 優,MF,90,先発
2026/04/18(土) 10:00 キックオフ,日本大学文理学部,14,葛西 由晏,MF,85,先発
2026/04/18(土) 10:00 キックオフ,日本大学文理学部,24,川口 友作,MF,85,先発
2026/04/18(土) 10:00 キックオフ,日本大学文理学部,25,間 琥太朗,DF,78,先発
2026/04/18(土) 10:00 キックオフ,日本大学文理学部,37,清水 佑,DF,90,先発
2026/04/18(土) 10:00 キックオフ,日本大学文理学部,93,小川 寧大,DF,90,先発
2026/04/18(土) 10:00 キックオフ,日本大学文理学部,5,星 恒輝,MF,44,控え
2026/04/18(土) 10:00 キックオフ,日本大学文理学部,18,中村 陶冶,FW,12,控え
2026/04/18(土) 10:00 キックオフ,日本大学文理学部,19,有田 海志,FW,5,控え
2026/04/18(土) 10:00 キックオフ,日本大学文理学部,29,髙山 周,FW,0,控え
2026/04/18(土) 10:00 キックオフ,日本大学文理学部,33,渋谷 竜聖,DF,0,控え
2026/04/18(土) 10:00 キックオフ,日本大学文理学部,46,鈴木 堅斗,MF,5,控え
2026/04/18(土) 10:00 キックオフ,日本大学文理学部,77,新門 一晏,DF,0,控え
2026/04/18(土) 10:00 キックオフ,日本大学文理学部,91,嶋﨑 寛大,GK,0,控え
2026/04/18(土) 10:00 キックオフ,日本大学文理学部,98,久場 莉稀,MF,5,控え
2026/04/18(土) 15:00 キックオフ,上智大学,1,藤田　大輝,GK,90,先発
2026/04/18(土) 15:00 キックオフ,上智大学,33,村田　幸基,DF,86,先発
2026/04/18(土) 15:00 キックオフ,上智大学,3,松本　和輝,DF,82,先発
2026/04/18(土) 15:00 キックオフ,上智大学,2,唐澤　健太,DF,69,先発
2026/04/18(土) 15:00 キックオフ,上智大学,8,福島　広大,MF,88,先発
2026/04/18(土) 15:00 キックオフ,上智大学,6,荒川　哲平,MF,90,先発
2026/04/18(土) 15:00 キックオフ,上智大学,44,山崎　颯介,MF,90,先発
2026/04/18(土) 15:00 キックオフ,上智大学,32,堀江　風雅,MF,61,先発
2026/04/18(土) 15:00 キックオフ,上智大学,88,廣恒　龍,MF,90,先発
2026/04/18(土) 15:00 キックオフ,上智大学,10,塙　　仁成,MF,90,先発
2026/04/18(土) 15:00 キックオフ,上智大学,9,田中　佑樹,FW,90,先発
2026/04/18(土) 15:00 キックオフ,上智大学,4,須藤　智洋,DF,8,控え
2026/04/18(土) 15:00 キックオフ,上智大学,20,川島　晴空,DF,4,控え
2026/04/18(土) 15:00 キックオフ,上智大学,26,宇野　伶,DF,0,控え
2026/04/18(土) 15:00 キックオフ,上智大学,94,安野　一颯,DF,2,控え
2026/04/18(土) 15:00 キックオフ,上智大学,17,白坂　航大,MF,0,控え
2026/04/18(土) 15:00 キックオフ,上智大学,79,杉崎　皐輔,MF,21,控え
2026/04/18(土) 15:00 キックオフ,上智大学,35,大西　十和,FW,0,控え
2026/04/18(土) 15:00 キックオフ,上智大学,48,岩永　悠社,FW,0,控え
2026/04/18(土) 15:00 キックオフ,上智大学,80,大島　千虎,FW,29,控え
2026/04/18(土) 15:00 キックオフ,学習院大学,1,若尾　林太朗,GK,90,先発
2026/04/18(土) 15:00 キックオフ,学習院大学,2,松本　隆宏,DF,90,先発
2026/04/18(土) 15:00 キックオフ,学習院大学,3,中川　賢人,DF,90,先発
2026/04/18(土) 15:00 キックオフ,学習院大学,4,木内　温大,DF,90,先発
2026/04/18(土) 15:00 キックオフ,学習院大学,5,小林　恭輔,DF,90,先発
2026/04/18(土) 15:00 キックオフ,学習院大学,13,梶　圭朝,DF,90,先発
2026/04/18(土) 15:00 キックオフ,学習院大学,6,神山　晃太,MF,61,先発
2026/04/18(土) 15:00 キックオフ,学習院大学,7,児島　巧海,MF,90,先発
2026/04/18(土) 15:00 キックオフ,学習院大学,8,小川　将弥,MF,78,先発
2026/04/18(土) 15:00 キックオフ,学習院大学,10,小林　千紘,MF,90,先発
2026/04/18(土) 15:00 キックオフ,学習院大学,11,渡辺　創士,MF,90,先発
2026/04/18(土) 15:00 キックオフ,学習院大学,12,大西　怜真,GK,0,控え
2026/04/18(土) 15:00 キックオフ,学習院大学,24,柳澤　和希,DF,0,控え
2026/04/18(土) 15:00 キックオフ,学習院大学,25,西村　藍斗,DF,0,控え
2026/04/18(土) 15:00 キックオフ,学習院大学,14,佐藤　友樹,MF,29,控え
2026/04/18(土) 15:00 キックオフ,学習院大学,16,藤井　冬威,MF,0,控え
2026/04/18(土) 15:00 キックオフ,学習院大学,9,佐藤　雄哉,FW,0,控え
2026/04/18(土) 15:00 キックオフ,学習院大学,15,早稲田　睦,FW,0,控え
2026/04/18(土) 15:00 キックオフ,学習院大学,17,原　壮太,FW,12,控え
2026/04/18(土) 15:00 キックオフ,学習院大学,20,北林　星七,FW,0,控え
2026/04/18(土) 15:00 キックオフ,帝京大学,1,佐藤 翔,GK,90,先発
2026/04/18(土) 15:00 キックオフ,帝京大学,2,松本 大地,DF,90,先発
2026/04/18(土) 15:00 キックオフ,帝京大学,3,船木 匡太朗,DF,90,先発
2026/04/18(土) 15:00 キックオフ,帝京大学,4,福平 太一,DF,90,先発
2026/04/18(土) 15:00 キックオフ,帝京大学,5,小林 侑希,DF,90,先発
2026/04/18(土) 15:00 キックオフ,帝京大学,6,近江 智哉,MF,60,先発
2026/04/18(土) 15:00 キックオフ,帝京大学,7,内堀 太貴,MF,50,先発
2026/04/18(土) 15:00 キックオフ,帝京大学,13,沢 柊斗,MF,56,先発
2026/04/18(土) 15:00 キックオフ,帝京大学,26,桾澤 琢太,MF,90,先発
2026/04/18(土) 15:00 キックオフ,帝京大学,10,細木 創太,FW,50,先発
2026/04/18(土) 15:00 キックオフ,帝京大学,14,藤田 晴,FW,90,先発
2026/04/18(土) 15:00 キックオフ,帝京大学,12,牧野 長太朗,GK,0,控え
2026/04/18(土) 15:00 キックオフ,帝京大学,16,池内 優介,DF,34,控え
2026/04/18(土) 15:00 キックオフ,帝京大学,27,山下 湊太郎,DF,0,控え
2026/04/18(土) 15:00 キックオフ,帝京大学,8,桒原 一斗,MF,30,控え
2026/04/18(土) 15:00 キックオフ,帝京大学,15,杉浦 慶樹,MF,0,控え
2026/04/18(土) 15:00 キックオフ,帝京大学,19,佐山 洸士,MF,0,控え
2026/04/18(土) 15:00 キックオフ,帝京大学,11,渡辺 結心,MF,40,控え
2026/04/18(土) 15:00 キックオフ,帝京大学,9,緒方 快青,FW,40,控え
2026/04/18(土) 15:00 キックオフ,帝京大学,23,大塚 樟太,FW,0,控え
2026/04/18(土) 15:00 キックオフ,横浜国立大学（神奈川県）,1,神山　洋輝,GK,90,先発
2026/04/18(土) 15:00 キックオフ,横浜国立大学（神奈川県）,5,大西　遼久,DF,73,先発
2026/04/18(土) 15:00 キックオフ,横浜国立大学（神奈川県）,6,渡邊　元気,MF,90,先発
2026/04/18(土) 15:00 キックオフ,横浜国立大学（神奈川県）,7,立入　光記,MF,90,先発
2026/04/18(土) 15:00 キックオフ,横浜国立大学（神奈川県）,8,小宮　昂大,MF,90,先発
2026/04/18(土) 15:00 キックオフ,横浜国立大学（神奈川県）,9,篠崎　開惺,FW,63,先発
2026/04/18(土) 15:00 キックオフ,横浜国立大学（神奈川県）,10,原子　泰地,FW,90,先発
2026/04/18(土) 15:00 キックオフ,横浜国立大学（神奈川県）,13,竹中　暖喜,DF,90,先発
2026/04/18(土) 15:00 キックオフ,横浜国立大学（神奈川県）,19,森下　優之心,DF,12,先発
2026/04/18(土) 15:00 キックオフ,横浜国立大学（神奈川県）,26,加藤　士門,FW,90,先発
2026/04/18(土) 15:00 キックオフ,横浜国立大学（神奈川県）,36,井上　愛翔,MF,90,先発
2026/04/18(土) 15:00 キックオフ,横浜国立大学（神奈川県）,3,髙木　直,MF,27,控え
2026/04/18(土) 15:00 キックオフ,横浜国立大学（神奈川県）,4,飯島　浩輝,MF,0,控え
2026/04/18(土) 15:00 キックオフ,横浜国立大学（神奈川県）,11,島田　健央,FW,17,控え
2026/04/18(土) 15:00 キックオフ,横浜国立大学（神奈川県）,14,木村　光,MF,0,控え
2026/04/18(土) 15:00 キックオフ,横浜国立大学（神奈川県）,15,櫻井　恵太,MF,78,控え
2026/04/18(土) 15:00 キックオフ,横浜国立大学（神奈川県）,21,川瀬　統己,GK,0,控え
2026/04/18(土) 15:00 キックオフ,横浜国立大学（神奈川県）,25,川口　湊人,MF,0,控え
2026/04/18(土) 15:00 キックオフ,横浜国立大学（神奈川県）,30,中野　楓麻,DF,0,控え
2026/04/18(土) 15:00 キックオフ,横浜国立大学（神奈川県）,40,小島　滉人,DF,0,控え
2026/04/18(土) 17:00 キックオフ,大東文化大学,1,清水　　天斗,GK,90,先発
2026/04/18(土) 17:00 キックオフ,大東文化大学,3,雨宮　　壮汰,DF,90,先発
2026/04/18(土) 17:00 キックオフ,大東文化大学,6,目黒　嵩人,DF,90,先発
2026/04/18(土) 17:00 キックオフ,大東文化大学,5,池羽　　航輝,DF,90,先発
2026/04/18(土) 17:00 キックオフ,大東文化大学,27,津田　　楓真,DF,77,先発
2026/04/18(土) 17:00 キックオフ,大東文化大学,47,渡辺　浩史,MF,70,先発
2026/04/18(土) 17:00 キックオフ,大東文化大学,41,佃　孝太,MF,90,先発
2026/04/18(土) 17:00 キックオフ,大東文化大学,11,舘　颯之介,MF,90,先発
2026/04/18(土) 17:00 キックオフ,大東文化大学,16,栗栖　晴己,MF,62,先発
2026/04/18(土) 17:00 キックオフ,大東文化大学,7,笠原　　壮瑠,FW,62,先発
2026/04/18(土) 17:00 キックオフ,大東文化大学,10,安藤　　稜人,MF,83,先発
2026/04/18(土) 17:00 キックオフ,大東文化大学,12,妹尾　典,GK,0,控え
2026/04/18(土) 17:00 キックオフ,大東文化大学,4,正木　　翠羽,DF,0,控え
2026/04/18(土) 17:00 キックオフ,大東文化大学,22,髙野　　広大,DF,13,控え
2026/04/18(土) 17:00 キックオフ,大東文化大学,18,青　海斗,DF,0,控え
2026/04/18(土) 17:00 キックオフ,大東文化大学,14,信國　達也,MF,0,控え
2026/04/18(土) 17:00 キックオフ,大東文化大学,19,上田　然,FW,7,控え
2026/04/18(土) 17:00 キックオフ,大東文化大学,9,熊田　　裕,MF,28,控え
2026/04/18(土) 17:00 キックオフ,大東文化大学,96,奥田　大翔,FW,28,控え
2026/04/18(土) 17:00 キックオフ,大東文化大学,13,佐久間　勇斗,MF,20,控え
2026/04/18(土) 17:00 キックオフ,玉川大学,16,今村　光汰,GK,90,先発
2026/04/18(土) 17:00 キックオフ,玉川大学,3,信賀　有希,DF,90,先発
2026/04/18(土) 17:00 キックオフ,玉川大学,7,森岡　大地,MF,90,先発
2026/04/18(土) 17:00 キックオフ,玉川大学,5,松井　琢磨,DF,90,先発
2026/04/18(土) 17:00 キックオフ,玉川大学,36,上野　湊,DF,90,先発
2026/04/18(土) 17:00 キックオフ,玉川大学,11,中村　隼人,MF,73,先発
2026/04/18(土) 17:00 キックオフ,玉川大学,14,林　雄琉,MF,84,先発
2026/04/18(土) 17:00 キックオフ,玉川大学,10,内田　凜,MF,90,先発
2026/04/18(土) 17:00 キックオフ,玉川大学,23,國本　純成,MF,90,先発
2026/04/18(土) 17:00 キックオフ,玉川大学,17,上野　兼叶,FW,61,先発
2026/04/18(土) 17:00 キックオフ,玉川大学,19,国谷　康太,FW,84,先発
2026/04/18(土) 17:00 キックオフ,玉川大学,1,大熊　大輔,GK,0,控え
2026/04/18(土) 17:00 キックオフ,玉川大学,13,堀野辺　空,MF,29,控え
2026/04/18(土) 17:00 キックオフ,玉川大学,8,亀田　大空,DF,17,控え
2026/04/18(土) 17:00 キックオフ,玉川大学,26,杉山　和勢,MF,0,控え
2026/04/18(土) 17:00 キックオフ,玉川大学,18,佐久間　駿喜,FW,6,控え
2026/04/18(土) 17:00 キックオフ,玉川大学,22,歳森　杏介,MF,6,控え
2026/04/18(土) 17:00 キックオフ,玉川大学,15,丸尾　航琉,DF,0,控え
2026/04/18(土) 17:00 キックオフ,玉川大学,27,楠山　奈音,DF,0,控え
2026/04/18(土) 17:00 キックオフ,玉川大学,12,松本　里央,FW,0,控え
2026/04/19(日) 10:00 キックオフ,桜美林大学,90,三治　陽空,GK,90,先発
2026/04/19(日) 10:00 キックオフ,桜美林大学,3,岩本　晴,DF,90,先発
2026/04/19(日) 10:00 キックオフ,桜美林大学,5,高井　翔麻,DF,90,先発
2026/04/19(日) 10:00 キックオフ,桜美林大学,22,高橋　陽翔,DF,90,先発
2026/04/19(日) 10:00 キックオフ,桜美林大学,44,堀江　響希,DF,90,先発
2026/04/19(日) 10:00 キックオフ,桜美林大学,6,吉川　遥人,MF,90,先発
2026/04/19(日) 10:00 キックオフ,桜美林大学,7,佐藤　天真,MF,80,先発
2026/04/19(日) 10:00 キックオフ,桜美林大学,21,菊地　琉世,MF,88,先発
2026/04/19(日) 10:00 キックオフ,桜美林大学,9,斎藤　翔太,MF,60,先発
2026/04/19(日) 10:00 キックオフ,桜美林大学,10,石澤　海陽,FW,90,先発
2026/04/19(日) 10:00 キックオフ,桜美林大学,25,大成　春斗,FW,68,先発
2026/04/19(日) 10:00 キックオフ,桜美林大学,80,小野口　怜望,GK,0,控え
2026/04/19(日) 10:00 キックオフ,桜美林大学,15,大崎　陽斗,DF,0,控え
2026/04/19(日) 10:00 キックオフ,桜美林大学,67,細谷　隼生,DF,10,控え
2026/04/19(日) 10:00 キックオフ,桜美林大学,88,山本　陵聖,DF,0,控え
2026/04/19(日) 10:00 キックオフ,桜美林大学,96,木村　恵真,MF,30,控え
2026/04/19(日) 10:00 キックオフ,桜美林大学,17,山田 　結互,MF,0,控え
2026/04/19(日) 10:00 キックオフ,桜美林大学,18,佐藤　璃央,MF,0,控え
2026/04/19(日) 10:00 キックオフ,桜美林大学,36,菊地　勝斗,MF,2,控え
2026/04/19(日) 10:00 キックオフ,桜美林大学,20,倉橋　正吾,FW,22,控え
2026/04/19(日) 10:00 キックオフ,武蔵大学,1,重山　武史,GK,90,先発
2026/04/19(日) 10:00 キックオフ,武蔵大学,2,久保田　琳,DF,90,先発
2026/04/19(日) 10:00 キックオフ,武蔵大学,5,瀧川　穣,DF,90,先発
2026/04/19(日) 10:00 キックオフ,武蔵大学,24,永山　泰希,DF,90,先発
2026/04/19(日) 10:00 キックオフ,武蔵大学,19,加藤　大聖,DF,90,先発
2026/04/19(日) 10:00 キックオフ,武蔵大学,33,宇野　大稀,MF,90,先発
2026/04/19(日) 10:00 キックオフ,武蔵大学,8,中里　春輝,DF,74,先発
2026/04/19(日) 10:00 キックオフ,武蔵大学,11,田辺　伊吹,FW,90,先発
2026/04/19(日) 10:00 キックオフ,武蔵大学,13,藤倉　空知,MF,82,先発
2026/04/19(日) 10:00 キックオフ,武蔵大学,26,池戸　虹成,MF,90,先発
2026/04/19(日) 10:00 キックオフ,武蔵大学,10,森田　蓮人,FW,74,先発
2026/04/19(日) 10:00 キックオフ,武蔵大学,21,神田　謙二郎,GK,0,控え
2026/04/19(日) 10:00 キックオフ,武蔵大学,4,小野寺　拓巳,DF,0,控え
2026/04/19(日) 10:00 キックオフ,武蔵大学,34,島田　康誠,DF,0,控え
2026/04/19(日) 10:00 キックオフ,武蔵大学,28,藤田　和,MF,0,控え
2026/04/19(日) 10:00 キックオフ,武蔵大学,15,柳澤　広喜,MF,16,控え
2026/04/19(日) 10:00 キックオフ,武蔵大学,45,寺田　聡,MF,0,控え
2026/04/19(日) 10:00 キックオフ,武蔵大学,37,関口　陽大,MF,0,控え
2026/04/19(日) 10:00 キックオフ,武蔵大学,50,甲斐田　裕大,MF,8,控え
2026/04/19(日) 10:00 キックオフ,武蔵大学,47,廣井　悠真,FW,16,控え
2026/04/19(日) 13:30 キックオフ,東京経済大学,12,中村　裕大,GK,90,先発
2026/04/19(日) 13:30 キックオフ,東京経済大学,4,北林　嶺,DF,90,先発
2026/04/19(日) 13:30 キックオフ,東京経済大学,5,内田　雄真,DF,90,先発
2026/04/19(日) 13:30 キックオフ,東京経済大学,7,大塚　恭生,MF,87,先発
2026/04/19(日) 13:30 キックオフ,東京経済大学,8,河西　透和,MF,90,先発
2026/04/19(日) 13:30 キックオフ,東京経済大学,10,伊崎　耕紀,MF,90,先発
2026/04/19(日) 13:30 キックオフ,東京経済大学,13,宮﨑　悠斗,MF,90,先発
2026/04/19(日) 13:30 キックオフ,東京経済大学,16,村松　晴登,MF,90,先発
2026/04/19(日) 13:30 キックオフ,東京経済大学,21,古垣　大樹,MF,68,先発
2026/04/19(日) 13:30 キックオフ,東京経済大学,18,新井　悠河,FW,77,先発
2026/04/19(日) 13:30 キックオフ,東京経済大学,28,海老原　寛大,MF,68,先発
2026/04/19(日) 13:30 キックオフ,東京経済大学,30,寺内　聡,GK,0,控え
2026/04/19(日) 13:30 キックオフ,東京経済大学,6,松井　一晟,DF,3,控え
2026/04/19(日) 13:30 キックオフ,東京経済大学,24,川村　大樹,DF,0,控え
2026/04/19(日) 13:30 キックオフ,東京経済大学,26,田中　大夢,DF,0,控え
2026/04/19(日) 13:30 キックオフ,東京経済大学,14,中島　洋之介,FW,0,控え
2026/04/19(日) 13:30 キックオフ,東京経済大学,9,小尾　丞斗,FW,0,控え
2026/04/19(日) 13:30 キックオフ,東京経済大学,17,吉儀　大,MF,22,控え
2026/04/19(日) 13:30 キックオフ,東京経済大学,29,駒田　晴生,MF,22,控え
2026/04/19(日) 13:30 キックオフ,東京経済大学,15,久保寺　壱晟,FW,13,控え
2026/04/19(日) 13:30 キックオフ,朝鮮大学校,1,金 柱相,GK,90,先発
2026/04/19(日) 13:30 キックオフ,朝鮮大学校,2,沈 瑞輝,DF,90,先発
2026/04/19(日) 13:30 キックオフ,朝鮮大学校,4,金 悠宇,DF,90,先発
2026/04/19(日) 13:30 キックオフ,朝鮮大学校,5,愼 昌樹,DF,53,先発
2026/04/19(日) 13:30 キックオフ,朝鮮大学校,6,姜 正晃,MF,53,先発
2026/04/19(日) 13:30 キックオフ,朝鮮大学校,8,朴 創嶺,MF,90,先発
2026/04/19(日) 13:30 キックオフ,朝鮮大学校,11,鄭 泰男,MF,90,先発
2026/04/19(日) 13:30 キックオフ,朝鮮大学校,29,鄭 誓華,MF,75,先発
2026/04/19(日) 13:30 キックオフ,朝鮮大学校,19,金 亨政,MF,87,先発
2026/04/19(日) 13:30 キックオフ,朝鮮大学校,14,金 世諒,MF,90,先発
2026/04/19(日) 13:30 キックオフ,朝鮮大学校,13,李　京樹,MF,87,先発
2026/04/19(日) 13:30 キックオフ,朝鮮大学校,9,金 翔元,MF,3,控え
2026/04/19(日) 13:30 キックオフ,朝鮮大学校,10,朴 ソラ,MF,37,控え
2026/04/19(日) 13:30 キックオフ,朝鮮大学校,12,金 利優,GK,0,控え
2026/04/19(日) 13:30 キックオフ,朝鮮大学校,18,ソン スンイ,MF,15,控え
2026/04/19(日) 13:30 キックオフ,朝鮮大学校,20,金 星希,MF,37,控え
2026/04/19(日) 13:30 キックオフ,朝鮮大学校,27,金　毅昂,MF,3,控え
2026/04/25(土) 10:00 キックオフ,玉川大学,16,今村　光汰,GK,90,先発
2026/04/25(土) 10:00 キックオフ,玉川大学,3,信賀　有希,DF,90,先発
2026/04/25(土) 10:00 キックオフ,玉川大学,7,森岡　大地,MF,90,先発
2026/04/25(土) 10:00 キックオフ,玉川大学,5,松井　琢磨,DF,90,先発
2026/04/25(土) 10:00 キックオフ,玉川大学,36,上野　湊,DF,90,先発
2026/04/25(土) 10:00 キックオフ,玉川大学,11,中村　隼人,MF,90,先発
2026/04/25(土) 10:00 キックオフ,玉川大学,14,林　雄琉,MF,82,先発
2026/04/25(土) 10:00 キックオフ,玉川大学,10,内田　凜,MF,90,先発
2026/04/25(土) 10:00 キックオフ,玉川大学,23,國本　純成,MF,90,先発
2026/04/25(土) 10:00 キックオフ,玉川大学,17,上野　兼叶,FW,86,先発
2026/04/25(土) 10:00 キックオフ,玉川大学,13,堀野辺　空,MF,74,先発
2026/04/25(土) 10:00 キックオフ,玉川大学,1,大熊　大輔,GK,0,控え
2026/04/25(土) 10:00 キックオフ,玉川大学,19,国谷　康太,FW,0,控え
2026/04/25(土) 10:00 キックオフ,玉川大学,34,坂本　佳晴,MF,0,控え
2026/04/25(土) 10:00 キックオフ,玉川大学,26,杉山　和勢,MF,4,控え
2026/04/25(土) 10:00 キックオフ,玉川大学,18,佐久間　駿喜,FW,8,控え
2026/04/25(土) 10:00 キックオフ,玉川大学,22,歳森　杏介,MF,16,控え
2026/04/25(土) 10:00 キックオフ,玉川大学,15,丸尾　航琉,DF,0,控え
2026/04/25(土) 10:00 キックオフ,玉川大学,27,楠山　奈音,DF,0,控え
2026/04/25(土) 10:00 キックオフ,玉川大学,12,松本　里央,FW,0,控え
2026/04/25(土) 10:00 キックオフ,神奈川工科大学（神奈川県）,30,大久保　陸翔,GK,90,先発
2026/04/25(土) 10:00 キックオフ,神奈川工科大学（神奈川県）,4,吉田　太陽,DF,86,先発
2026/04/25(土) 10:00 キックオフ,神奈川工科大学（神奈川県）,11,平田　竜誠,DF,79,先発
2026/04/25(土) 10:00 キックオフ,神奈川工科大学（神奈川県）,15,林　晃希,DF,45,先発
2026/04/25(土) 10:00 キックオフ,神奈川工科大学（神奈川県）,5,橋本　晃進,MF,90,先発
2026/04/25(土) 10:00 キックオフ,神奈川工科大学（神奈川県）,7,小林　優介,MF,90,先発
2026/04/25(土) 10:00 キックオフ,神奈川工科大学（神奈川県）,8,春原　	哲汰,MF,90,先発
2026/04/25(土) 10:00 キックオフ,神奈川工科大学（神奈川県）,10,小林　暢,MF,90,先発
2026/04/25(土) 10:00 キックオフ,神奈川工科大学（神奈川県）,13,齊藤　大翔,MF,90,先発
2026/04/25(土) 10:00 キックオフ,神奈川工科大学（神奈川県）,14,杉本　侑哉,MF,90,先発
2026/04/25(土) 10:00 キックオフ,神奈川工科大学（神奈川県）,9,功刀　崇斗,FW,90,先発
2026/04/25(土) 10:00 キックオフ,神奈川工科大学（神奈川県）,1,古渕　雅喜,GK,0,控え
2026/04/25(土) 10:00 キックオフ,神奈川工科大学（神奈川県）,3,五十嵐　晴生,DF,4,控え
2026/04/25(土) 10:00 キックオフ,神奈川工科大学（神奈川県）,26,平野　龍斗,DF,0,控え
2026/04/25(土) 10:00 キックオフ,神奈川工科大学（神奈川県）,29,常盤　啓太,DF,45,控え
2026/04/25(土) 10:00 キックオフ,神奈川工科大学（神奈川県）,6,石塚　快,MF,0,控え
2026/04/25(土) 10:00 キックオフ,神奈川工科大学（神奈川県）,17,大山　和真,MF,0,控え
2026/04/25(土) 10:00 キックオフ,神奈川工科大学（神奈川県）,12,川瀬　桜介,FW,0,控え
2026/04/25(土) 10:00 キックオフ,神奈川工科大学（神奈川県）,18,前原　海聖,FW,0,控え
2026/04/25(土) 10:00 キックオフ,神奈川工科大学（神奈川県）,19,脇屋　颯人,FW,11,控え
2026/04/25(土) 12:45 キックオフ,横浜国立大学（神奈川県）,1,神山　洋輝,GK,90,先発
2026/04/25(土) 12:45 キックオフ,横浜国立大学（神奈川県）,5,大西　遼久,DF,90,先発
2026/04/25(土) 12:45 キックオフ,横浜国立大学（神奈川県）,6,渡邊　元気,MF,80,先発
2026/04/25(土) 12:45 キックオフ,横浜国立大学（神奈川県）,7,立入　光記,MF,90,先発
2026/04/25(土) 12:45 キックオフ,横浜国立大学（神奈川県）,8,小宮　昂大,MF,90,先発
2026/04/25(土) 12:45 キックオフ,横浜国立大学（神奈川県）,9,篠崎　開惺,FW,45,先発
2026/04/25(土) 12:45 キックオフ,横浜国立大学（神奈川県）,10,原子　泰地,FW,90,先発
2026/04/25(土) 12:45 キックオフ,横浜国立大学（神奈川県）,13,竹中　暖喜,DF,90,先発
2026/04/25(土) 12:45 キックオフ,横浜国立大学（神奈川県）,26,加藤　士門,FW,90,先発
2026/04/25(土) 12:45 キックオフ,横浜国立大学（神奈川県）,33,中村　朗莞,FW,90,先発
2026/04/25(土) 12:45 キックオフ,横浜国立大学（神奈川県）,36,井上　愛翔,MF,90,先発
2026/04/25(土) 12:45 キックオフ,横浜国立大学（神奈川県）,3,髙木　直,MF,45,控え
2026/04/25(土) 12:45 キックオフ,横浜国立大学（神奈川県）,4,飯島　浩輝,MF,0,控え
2026/04/25(土) 12:45 キックオフ,横浜国立大学（神奈川県）,11,島田　健央,FW,10,控え
2026/04/25(土) 12:45 キックオフ,横浜国立大学（神奈川県）,14,木村　光,MF,0,控え
2026/04/25(土) 12:45 キックオフ,横浜国立大学（神奈川県）,15,櫻井　恵太,MF,0,控え
2026/04/25(土) 12:45 キックオフ,横浜国立大学（神奈川県）,19,森下　優之心,DF,0,控え
2026/04/25(土) 12:45 キックオフ,横浜国立大学（神奈川県）,21,川瀬　統己,GK,0,控え
2026/04/25(土) 12:45 キックオフ,横浜国立大学（神奈川県）,25,川口　湊人,MF,0,控え
2026/04/25(土) 12:45 キックオフ,横浜国立大学（神奈川県）,40,小島　滉人,DF,0,控え
2026/04/25(土) 12:45 キックオフ,上智大学,1,藤田　大輝,GK,90,先発
2026/04/25(土) 12:45 キックオフ,上智大学,3,松本　和輝,DF,90,先発
2026/04/25(土) 12:45 キックオフ,上智大学,6,荒川　哲平,MF,90,先発
2026/04/25(土) 12:45 キックオフ,上智大学,8,福島　広大,MF,70,先発
2026/04/25(土) 12:45 キックオフ,上智大学,9,田中　佑樹,FW,90,先発
2026/04/25(土) 12:45 キックオフ,上智大学,10,塙　　仁成,MF,88,先発
2026/04/25(土) 12:45 キックオフ,上智大学,32,堀江　風雅,MF,61,先発
2026/04/25(土) 12:45 キックオフ,上智大学,33,村田　幸基,DF,90,先発
2026/04/25(土) 12:45 キックオフ,上智大学,44,山崎　颯介,MF,90,先発
2026/04/25(土) 12:45 キックオフ,上智大学,88,廣恒　龍,MF,81,先発
2026/04/25(土) 12:45 キックオフ,上智大学,97,須田　悠斗,DF,90,先発
2026/04/25(土) 12:45 キックオフ,上智大学,2,唐澤　健太,DF,0,控え
2026/04/25(土) 12:45 キックオフ,上智大学,4,須藤　智洋,DF,0,控え
2026/04/25(土) 12:45 キックオフ,上智大学,14,関口　雄士,MF,29,控え
2026/04/25(土) 12:45 キックオフ,上智大学,17,白坂　航大,MF,2,控え
2026/04/25(土) 12:45 キックオフ,上智大学,20,川島　晴空,DF,0,控え
2026/04/25(土) 12:45 キックオフ,上智大学,35,大西　十和,FW,0,控え
2026/04/25(土) 12:45 キックオフ,上智大学,80,大島　千虎,FW,0,控え
2026/04/25(土) 12:45 キックオフ,上智大学,81,福尾　涼太,MF,9,控え
2026/04/25(土) 12:45 キックオフ,上智大学,94,安野　一颯,DF,20,控え
2026/04/25(土) 14:00 キックオフ,桜美林大学,90,三治　陽空,GK,90,先発
2026/04/25(土) 14:00 キックオフ,桜美林大学,5,高井　翔麻,DF,90,先発
2026/04/25(土) 14:00 キックオフ,桜美林大学,44,堀江　響希,DF,90,先発
2026/04/25(土) 14:00 キックオフ,桜美林大学,3,岩本　晴,DF,90,先発
2026/04/25(土) 14:00 キックオフ,桜美林大学,22,高橋　陽翔,DF,90,先発
2026/04/25(土) 14:00 キックオフ,桜美林大学,6,吉川　遥人,MF,90,先発
2026/04/25(土) 14:00 キックオフ,桜美林大学,9,斎藤　翔太,MF,90,先発
2026/04/25(土) 14:00 キックオフ,桜美林大学,7,佐藤　天真,MF,72,先発
2026/04/25(土) 14:00 キックオフ,桜美林大学,21,菊地　琉世,MF,86,先発
2026/04/25(土) 14:00 キックオフ,桜美林大学,10,石澤　海陽,FW,67,先発
2026/04/25(土) 14:00 キックオフ,桜美林大学,25,大成　春斗,FW,75,先発
2026/04/25(土) 14:00 キックオフ,桜美林大学,80,小野口　怜望,GK,0,控え
2026/04/25(土) 14:00 キックオフ,桜美林大学,88,山本　陵聖,DF,0,控え
2026/04/25(土) 14:00 キックオフ,桜美林大学,15,大崎　陽斗,DF,23,控え
2026/04/25(土) 14:00 キックオフ,桜美林大学,96,木村　恵真,MF,18,控え
2026/04/25(土) 14:00 キックオフ,桜美林大学,2,小野　文也,MF,0,控え
2026/04/25(土) 14:00 キックオフ,桜美林大学,68,三浦　瑠恩,MF,4,控え
2026/04/25(土) 14:00 キックオフ,桜美林大学,23,和田　倖輔,MF,0,控え
2026/04/25(土) 14:00 キックオフ,桜美林大学,50,丸田　楽空,MF,0,控え
2026/04/25(土) 14:00 キックオフ,桜美林大学,20,倉橋　正吾,FW,15,控え
2026/04/25(土) 14:00 キックオフ,大東文化大学,1,清水　　天斗,GK,90,先発
2026/04/25(土) 14:00 キックオフ,大東文化大学,6,目黒　嵩人,DF,72,先発
2026/04/25(土) 14:00 キックオフ,大東文化大学,3,雨宮　　壮汰,DF,90,先発
2026/04/25(土) 14:00 キックオフ,大東文化大学,5,池羽　　航輝,DF,90,先発
2026/04/25(土) 14:00 キックオフ,大東文化大学,27,津田　　楓真,DF,90,先発
2026/04/25(土) 14:00 キックオフ,大東文化大学,47,渡辺　浩史,MF,90,先発
2026/04/25(土) 14:00 キックオフ,大東文化大学,9,熊田　　裕,MF,60,先発
2026/04/25(土) 14:00 キックオフ,大東文化大学,11,舘　颯之介,MF,86,先発
2026/04/25(土) 14:00 キックオフ,大東文化大学,10,安藤　　稜人,MF,90,先発
2026/04/25(土) 14:00 キックオフ,大東文化大学,96,奥田　大翔,FW,65,先発
2026/04/25(土) 14:00 キックオフ,大東文化大学,16,栗栖　晴己,MF,79,先発
2026/04/25(土) 14:00 キックオフ,大東文化大学,12,妹尾　典,GK,0,控え
2026/04/25(土) 14:00 キックオフ,大東文化大学,18,青　海斗,DF,18,控え
2026/04/25(土) 14:00 キックオフ,大東文化大学,4,正木　　翠羽,DF,0,控え
2026/04/25(土) 14:00 キックオフ,大東文化大学,22,髙野　　広大,DF,0,控え
2026/04/25(土) 14:00 キックオフ,大東文化大学,41,佃　孝太,MF,0,控え
2026/04/25(土) 14:00 キックオフ,大東文化大学,14,信國　達也,MF,4,控え
2026/04/25(土) 14:00 キックオフ,大東文化大学,13,佐久間　勇斗,MF,11,控え
2026/04/25(土) 14:00 キックオフ,大東文化大学,43,並木　俊輔,MF,25,控え
2026/04/25(土) 14:00 キックオフ,大東文化大学,7,笠原　　壮瑠,FW,30,控え
2026/04/25(土) 16:00 キックオフ,日本大学文理学部,1,磯貝 仁斗,GK,90,先発
2026/04/25(土) 16:00 キックオフ,日本大学文理学部,2,横山 聡大,DF,90,先発
2026/04/25(土) 16:00 キックオフ,日本大学文理学部,3,北村 翼,DF,90,先発
2026/04/25(土) 16:00 キックオフ,日本大学文理学部,25,間 琥太朗,DF,90,先発
2026/04/25(土) 16:00 キックオフ,日本大学文理学部,37,清水 佑,DF,90,先発
2026/04/25(土) 16:00 キックオフ,日本大学文理学部,93,小川 寧大,DF,90,先発
2026/04/25(土) 16:00 キックオフ,日本大学文理学部,65,千葉　海斗,MF,90,先発
2026/04/25(土) 16:00 キックオフ,日本大学文理学部,10,城田 優,MF,90,先発
2026/04/25(土) 16:00 キックオフ,日本大学文理学部,14,葛西 由晏,MF,90,先発
2026/04/25(土) 16:00 キックオフ,日本大学文理学部,24,川口 友作,MF,77,先発
2026/04/25(土) 16:00 キックオフ,日本大学文理学部,9,遠田 凌,FW,89,先発
2026/04/25(土) 16:00 キックオフ,日本大学文理学部,91,嶋﨑 寛大,GK,0,控え
2026/04/25(土) 16:00 キックオフ,日本大学文理学部,33,渋谷 竜聖,DF,0,控え
2026/04/25(土) 16:00 キックオフ,日本大学文理学部,77,新門 一晏,DF,0,控え
2026/04/25(土) 16:00 キックオフ,日本大学文理学部,5,星 恒輝,MF,13,控え
2026/04/25(土) 16:00 キックオフ,日本大学文理学部,46,鈴木 堅斗,MF,0,控え
2026/04/25(土) 16:00 キックオフ,日本大学文理学部,98,久場 莉稀,MF,0,控え
2026/04/25(土) 16:00 キックオフ,日本大学文理学部,18,中村 陶冶,FW,0,控え
2026/04/25(土) 16:00 キックオフ,日本大学文理学部,19,有田 海志,FW,0,控え
2026/04/25(土) 16:00 キックオフ,日本大学文理学部,29,髙山 周,FW,1,控え
2026/04/25(土) 16:00 キックオフ,朝鮮大学校,1,金 柱相,GK,90,先発
2026/04/25(土) 16:00 キックオフ,朝鮮大学校,2,沈 瑞輝,DF,90,先発
2026/04/25(土) 16:00 キックオフ,朝鮮大学校,4,金 悠宇,DF,90,先発
2026/04/25(土) 16:00 キックオフ,朝鮮大学校,5,愼 昌樹,DF,90,先発
2026/04/25(土) 16:00 キックオフ,朝鮮大学校,10,朴 ソラ,MF,45,先発
2026/04/25(土) 16:00 キックオフ,朝鮮大学校,8,朴 創嶺,MF,90,先発
2026/04/25(土) 16:00 キックオフ,朝鮮大学校,14,金 世諒,MF,90,先発
2026/04/25(土) 16:00 キックオフ,朝鮮大学校,19,金 亨政,MF,90,先発
2026/04/25(土) 16:00 キックオフ,朝鮮大学校,9,金 翔元,MF,77,先発
2026/04/25(土) 16:00 キックオフ,朝鮮大学校,11,鄭 泰男,MF,89,先発
2026/04/25(土) 16:00 キックオフ,朝鮮大学校,13,李　京樹,MF,84,先発
2026/04/25(土) 16:00 キックオフ,朝鮮大学校,12,金 利優,GK,0,控え
2026/04/25(土) 16:00 キックオフ,朝鮮大学校,6,姜 正晃,MF,0,控え
2026/04/25(土) 16:00 キックオフ,朝鮮大学校,20,金 星希,MF,13,控え
2026/04/25(土) 16:00 キックオフ,朝鮮大学校,23,チョ ヘフィ,MF,6,控え
2026/04/25(土) 16:00 キックオフ,朝鮮大学校,28,崔 廣敏,MF,1,控え
2026/04/25(土) 16:00 キックオフ,朝鮮大学校,29,鄭 誓華,MF,45,控え
2026/04/26(日) 10:00 キックオフ,武蔵大学,5,瀧川　穣,DF,90,先発
2026/04/26(日) 10:00 キックオフ,武蔵大学,8,中里　春輝,DF,90,先発
2026/04/26(日) 10:00 キックオフ,武蔵大学,10,森田　蓮人,FW,86,先発
2026/04/26(日) 10:00 キックオフ,武蔵大学,11,田辺　伊吹,FW,90,先発
2026/04/26(日) 10:00 キックオフ,武蔵大学,19,加藤　大聖,DF,90,先発
2026/04/26(日) 10:00 キックオフ,武蔵大学,22,水越　大心,MF,90,先発
2026/04/26(日) 10:00 キックオフ,武蔵大学,31,湯浅　世琉亜,GK,90,先発
2026/04/26(日) 10:00 キックオフ,武蔵大学,33,宇野　大稀,MF,79,先発
2026/04/26(日) 10:00 キックオフ,武蔵大学,34,島田　康誠,DF,75,先発
2026/04/26(日) 10:00 キックオフ,武蔵大学,43,高橋　慶,DF,56,先発
2026/04/26(日) 10:00 キックオフ,武蔵大学,47,廣井　悠真,FW,66,先発
2026/04/26(日) 10:00 キックオフ,武蔵大学,1,重山　武史,GK,0,控え
2026/04/26(日) 10:00 キックオフ,武蔵大学,40,泉谷　俊,MF,15,控え
2026/04/26(日) 10:00 キックオフ,武蔵大学,28,藤田　和,MF,0,控え
2026/04/26(日) 10:00 キックオフ,武蔵大学,15,柳澤　広喜,MF,0,控え
2026/04/26(日) 10:00 キックオフ,武蔵大学,45,寺田　聡,MF,11,控え
2026/04/26(日) 10:00 キックオフ,武蔵大学,50,甲斐田　裕大,MF,0,控え
2026/04/26(日) 10:00 キックオフ,武蔵大学,13,藤倉　空知,MF,24,控え
2026/04/26(日) 10:00 キックオフ,武蔵大学,9,及川　紘輝,FW,4,控え
2026/04/26(日) 10:00 キックオフ,武蔵大学,2,久保田　琳,DF,34,控え
2026/04/26(日) 10:00 キックオフ,帝京大学,1,佐藤 翔,GK,90,先発
2026/04/26(日) 10:00 キックオフ,帝京大学,2,松本 大地,DF,90,先発
2026/04/26(日) 10:00 キックオフ,帝京大学,3,船木 匡太朗,DF,90,先発
2026/04/26(日) 10:00 キックオフ,帝京大学,4,福平 太一,DF,90,先発
2026/04/26(日) 10:00 キックオフ,帝京大学,6,近江 智哉,MF,65,先発
2026/04/26(日) 10:00 キックオフ,帝京大学,9,緒方 快青,MF,65,先発
2026/04/26(日) 10:00 キックオフ,帝京大学,13,沢 柊斗,MF,84,先発
2026/04/26(日) 10:00 キックオフ,帝京大学,14,藤田 晴,FW,90,先発
2026/04/26(日) 10:00 キックオフ,帝京大学,16,池内 優介,DF,90,先発
2026/04/26(日) 10:00 キックオフ,帝京大学,19,佐山 洸士,MF,51,先発
2026/04/26(日) 10:00 キックオフ,帝京大学,26,桾澤 琢太,MF,77,先発
2026/04/26(日) 10:00 キックオフ,帝京大学,31,飯島　悠翔,GK,0,控え
2026/04/26(日) 10:00 キックオフ,帝京大学,7,内堀 太貴,MF,39,控え
2026/04/26(日) 10:00 キックオフ,帝京大学,8,桒原 一斗,MF,25,控え
2026/04/26(日) 10:00 キックオフ,帝京大学,10,細木 創太,FW,25,控え
2026/04/26(日) 10:00 キックオフ,帝京大学,15,杉浦 慶樹,FW,13,控え
2026/04/26(日) 10:00 キックオフ,帝京大学,27,山下 湊太郎,DF,6,控え
2026/04/26(日) 10:00 キックオフ,帝京大学,28,田中 奏匠,DF,0,控え
2026/04/26(日) 11:00 キックオフ,学習院大学,1,若尾　林太朗,GK,90,先発
2026/04/26(日) 11:00 キックオフ,学習院大学,2,松本　隆宏,DF,90,先発
2026/04/26(日) 11:00 キックオフ,学習院大学,3,中川　賢人,DF,90,先発
2026/04/26(日) 11:00 キックオフ,学習院大学,5,小林　恭輔,DF,90,先発
2026/04/26(日) 11:00 キックオフ,学習院大学,6,神山　晃太,MF,90,先発
2026/04/26(日) 11:00 キックオフ,学習院大学,7,児島　巧海,MF,90,先発
2026/04/26(日) 11:00 キックオフ,学習院大学,8,小川　将弥,MF,72,先発
2026/04/26(日) 11:00 キックオフ,学習院大学,10,小林　千紘,MF,90,先発
2026/04/26(日) 11:00 キックオフ,学習院大学,11,渡辺　創士,MF,90,先発
2026/04/26(日) 11:00 キックオフ,学習院大学,13,梶　圭朝,DF,90,先発
2026/04/26(日) 11:00 キックオフ,学習院大学,16,藤井　冬威,MF,90,先発
2026/04/26(日) 11:00 キックオフ,学習院大学,9,佐藤　雄哉,FW,0,控え
2026/04/26(日) 11:00 キックオフ,学習院大学,12,加藤   俐功,GK,0,控え
2026/04/26(日) 11:00 キックオフ,学習院大学,15,早稲田　睦,FW,0,控え
2026/04/26(日) 11:00 キックオフ,学習院大学,17,原　壮太,FW,18,控え
2026/04/26(日) 11:00 キックオフ,学習院大学,18,大久保　史温,MF,0,控え
2026/04/26(日) 11:00 キックオフ,学習院大学,20,北林　星七,FW,0,控え
2026/04/26(日) 11:00 キックオフ,学習院大学,22,柴田　佳輝,MF,0,控え
2026/04/26(日) 11:00 キックオフ,学習院大学,24,柳澤　和希,DF,0,控え
2026/04/26(日) 11:00 キックオフ,学習院大学,28,加藤   大毅,MF,0,控え
2026/04/26(日) 11:00 キックオフ,東京経済大学,5,内田　雄真,DF,90,先発
2026/04/26(日) 11:00 キックオフ,東京経済大学,6,松井　一晟,DF,90,先発
2026/04/26(日) 11:00 キックオフ,東京経済大学,7,大塚　恭生,MF,90,先発
2026/04/26(日) 11:00 キックオフ,東京経済大学,10,伊崎　耕紀,MF,90,先発
2026/04/26(日) 11:00 キックオフ,東京経済大学,12,中村　裕大,GK,90,先発
2026/04/26(日) 11:00 キックオフ,東京経済大学,13,宮﨑　悠斗,MF,90,先発
2026/04/26(日) 11:00 キックオフ,東京経済大学,17,吉儀　大,MF,90,先発
2026/04/26(日) 11:00 キックオフ,東京経済大学,18,新井　悠河,FW,77,先発
2026/04/26(日) 11:00 キックオフ,東京経済大学,21,古垣　大樹,MF,58,先発
2026/04/26(日) 11:00 キックオフ,東京経済大学,24,川村　大樹,DF,90,先発
2026/04/26(日) 11:00 キックオフ,東京経済大学,28,海老原　寛大,MF,64,先発
2026/04/26(日) 11:00 キックオフ,東京経済大学,4,北林　嶺,DF,0,控え
2026/04/26(日) 11:00 キックオフ,東京経済大学,8,河西　透和,MF,0,控え
2026/04/26(日) 11:00 キックオフ,東京経済大学,9,小尾　丞斗,FW,0,控え
2026/04/26(日) 11:00 キックオフ,東京経済大学,15,久保寺　壱晟,FW,13,控え
2026/04/26(日) 11:00 キックオフ,東京経済大学,16,村松　晴登,MF,32,控え
2026/04/26(日) 11:00 キックオフ,東京経済大学,26,田中　大夢,DF,0,控え
2026/04/26(日) 11:00 キックオフ,東京経済大学,27,川畑　宇輝,DF,0,控え
2026/04/26(日) 11:00 キックオフ,東京経済大学,29,駒田　晴生,MF,26,控え
2026/04/26(日) 11:00 キックオフ,東京経済大学,30,寺内　聡,GK,0,控え
2026/05/02(土) 10:00 キックオフ,神奈川工科大学（神奈川県）,4,吉田　太陽,DF,90,先発
2026/05/02(土) 10:00 キックオフ,神奈川工科大学（神奈川県）,5,橋本　晃進,MF,64,先発
2026/05/02(土) 10:00 キックオフ,神奈川工科大学（神奈川県）,7,小林　優介,MF,90,先発
2026/05/02(土) 10:00 キックオフ,神奈川工科大学（神奈川県）,8,春原　	哲汰,MF,90,先発
2026/05/02(土) 10:00 キックオフ,神奈川工科大学（神奈川県）,9,功刀　崇斗,FW,69,先発
2026/05/02(土) 10:00 キックオフ,神奈川工科大学（神奈川県）,11,平田　竜誠,DF,77,先発
2026/05/02(土) 10:00 キックオフ,神奈川工科大学（神奈川県）,13,齊藤　大翔,MF,81,先発
2026/05/02(土) 10:00 キックオフ,神奈川工科大学（神奈川県）,15,林　晃希,DF,90,先発
2026/05/02(土) 10:00 キックオフ,神奈川工科大学（神奈川県）,30,大久保　陸翔,GK,90,先発
2026/05/02(土) 10:00 キックオフ,神奈川工科大学（神奈川県）,14,杉本　侑哉,MF,90,先発
2026/05/02(土) 10:00 キックオフ,神奈川工科大学（神奈川県）,10,小林　暢,MF,90,先発
2026/05/02(土) 10:00 キックオフ,神奈川工科大学（神奈川県）,6,石塚　快,MF,0,控え
2026/05/02(土) 10:00 キックオフ,神奈川工科大学（神奈川県）,17,大山　和真,MF,13,控え
2026/05/02(土) 10:00 キックオフ,神奈川工科大学（神奈川県）,18,前原　海聖,FW,0,控え
2026/05/02(土) 10:00 キックオフ,神奈川工科大学（神奈川県）,19,脇屋　颯人,FW,0,控え
2026/05/02(土) 10:00 キックオフ,神奈川工科大学（神奈川県）,28,八島　渉太,FW,21,控え
2026/05/02(土) 10:00 キックオフ,神奈川工科大学（神奈川県）,29,常盤　啓太,DF,26,控え
2026/05/02(土) 10:00 キックオフ,神奈川工科大学（神奈川県）,1,古渕　雅喜,GK,0,控え
2026/05/02(土) 10:00 キックオフ,神奈川工科大学（神奈川県）,3,五十嵐　晴生,DF,0,控え
2026/05/02(土) 10:00 キックオフ,神奈川工科大学（神奈川県）,12,川瀬　桜介,FW,9,控え
2026/05/02(土) 10:00 キックオフ,桜美林大学,3,岩本　晴,DF,90,先発
2026/05/02(土) 10:00 キックオフ,桜美林大学,5,高井　翔麻,DF,90,先発
2026/05/02(土) 10:00 キックオフ,桜美林大学,6,吉川　遥人,MF,90,先発
2026/05/02(土) 10:00 キックオフ,桜美林大学,15,大崎　陽斗,DF,90,先発
2026/05/02(土) 10:00 キックオフ,桜美林大学,20,倉橋　正吾,FW,77,先発
2026/05/02(土) 10:00 キックオフ,桜美林大学,21,菊地　琉世,MF,64,先発
2026/05/02(土) 10:00 キックオフ,桜美林大学,44,堀江　響希,DF,72,先発
2026/05/02(土) 10:00 キックオフ,桜美林大学,88,山本　陵聖,DF,69,先発
2026/05/02(土) 10:00 キックオフ,桜美林大学,90,三治　陽空,GK,90,先発
2026/05/02(土) 10:00 キックオフ,桜美林大学,96,木村　恵真,MF,64,先発
2026/05/02(土) 10:00 キックオフ,桜美林大学,7,佐藤　天真,MF,90,先発
2026/05/02(土) 10:00 キックオフ,桜美林大学,2,小野　文也,MF,21,控え
2026/05/02(土) 10:00 キックオフ,桜美林大学,9,斎藤　翔太,MF,0,控え
2026/05/02(土) 10:00 キックオフ,桜美林大学,17,山田 　結互,MF,26,控え
2026/05/02(土) 10:00 キックオフ,桜美林大学,25,大成　春斗,FW,13,控え
2026/05/02(土) 10:00 キックオフ,桜美林大学,31,牧野　歩,DF,18,控え
2026/05/02(土) 10:00 キックオフ,桜美林大学,36,菊地　勝斗,MF,26,控え
2026/05/02(土) 10:00 キックオフ,桜美林大学,50,丸田　楽空,MF,0,控え
2026/05/02(土) 10:00 キックオフ,桜美林大学,68,三浦　瑠恩,MF,0,控え
2026/05/02(土) 10:00 キックオフ,桜美林大学,80,小野口　怜望,GK,0,控え
2026/05/02(土) 14:30 キックオフ,東京経済大学,12,中村　裕大,GK,90,先発
2026/05/02(土) 14:30 キックオフ,東京経済大学,5,内田　雄真,DF,90,先発
2026/05/02(土) 14:30 キックオフ,東京経済大学,6,松井　一晟,DF,90,先発
2026/05/02(土) 14:30 キックオフ,東京経済大学,7,大塚　恭生,MF,90,先発
2026/05/02(土) 14:30 キックオフ,東京経済大学,10,伊崎　耕紀,MF,90,先発
2026/05/02(土) 14:30 キックオフ,東京経済大学,13,宮﨑　悠斗,MF,90,先発
2026/05/02(土) 14:30 キックオフ,東京経済大学,16,村松　晴登,MF,90,先発
2026/05/02(土) 14:30 キックオフ,東京経済大学,17,吉儀　大,MF,75,先発
2026/05/02(土) 14:30 キックオフ,東京経済大学,19,山田　士雄,MF,90,先発
2026/05/02(土) 14:30 キックオフ,東京経済大学,28,海老原　寛大,MF,61,先発
2026/05/02(土) 14:30 キックオフ,東京経済大学,29,駒田　晴生,MF,75,先発
2026/05/02(土) 14:30 キックオフ,東京経済大学,30,寺内　聡,GK,0,控え
2026/05/02(土) 14:30 キックオフ,東京経済大学,4,北林　嶺,DF,0,控え
2026/05/02(土) 14:30 キックオフ,東京経済大学,26,田中　大夢,DF,0,控え
2026/05/02(土) 14:30 キックオフ,東京経済大学,24,川村　大樹,DF,0,控え
2026/05/02(土) 14:30 キックオフ,東京経済大学,8,河西　透和,MF,29,控え
2026/05/02(土) 14:30 キックオフ,東京経済大学,21,古垣　大樹,MF,15,控え
2026/05/02(土) 14:30 キックオフ,東京経済大学,9,小尾　丞斗,FW,15,控え
2026/05/02(土) 14:30 キックオフ,東京経済大学,14,中島　洋之介,FW,0,控え
2026/05/02(土) 14:30 キックオフ,東京経済大学,15,久保寺　壱晟,FW,0,控え
2026/05/02(土) 14:30 キックオフ,日本大学文理学部,1,磯貝 仁斗,GK,90,先発
2026/05/02(土) 14:30 キックオフ,日本大学文理学部,2,横山 聡大,DF,85,先発
2026/05/02(土) 14:30 キックオフ,日本大学文理学部,3,北村 翼,DF,90,先発
2026/05/02(土) 14:30 キックオフ,日本大学文理学部,25,間 琥太朗,DF,90,先発
2026/05/02(土) 14:30 キックオフ,日本大学文理学部,37,清水 佑,DF,90,先発
2026/05/02(土) 14:30 キックオフ,日本大学文理学部,93,小川 寧大,DF,90,先発
2026/05/02(土) 14:30 キックオフ,日本大学文理学部,10,城田 優,MF,90,先発
2026/05/02(土) 14:30 キックオフ,日本大学文理学部,14,葛西 由晏,MF,90,先発
2026/05/02(土) 14:30 キックオフ,日本大学文理学部,24,川口 友作,MF,75,先発
2026/05/02(土) 14:30 キックオフ,日本大学文理学部,65,千葉　海斗,MF,90,先発
2026/05/02(土) 14:30 キックオフ,日本大学文理学部,19,有田 海志,FW,75,先発
2026/05/02(土) 14:30 キックオフ,日本大学文理学部,91,嶋﨑 寛大,GK,0,控え
2026/05/02(土) 14:30 キックオフ,日本大学文理学部,33,渋谷 竜聖,DF,0,控え
2026/05/02(土) 14:30 キックオフ,日本大学文理学部,77,新門 一晏,DF,0,控え
2026/05/02(土) 14:30 キックオフ,日本大学文理学部,5,星 恒輝,MF,0,控え
2026/05/02(土) 14:30 キックオフ,日本大学文理学部,8,石川　雄大,MF,0,控え
2026/05/02(土) 14:30 キックオフ,日本大学文理学部,46,鈴木 堅斗,MF,5,控え
2026/05/02(土) 14:30 キックオフ,日本大学文理学部,98,久場 莉稀,MF,15,控え
2026/05/02(土) 14:30 キックオフ,日本大学文理学部,18,中村 陶冶,FW,0,控え
2026/05/02(土) 14:30 キックオフ,日本大学文理学部,29,髙山 周,FW,15,控え
2026/05/02(土) 15:00 キックオフ,学習院大学,1,若尾　林太朗,GK,90,先発
2026/05/02(土) 15:00 キックオフ,学習院大学,2,松本　隆宏,DF,74,先発
2026/05/02(土) 15:00 キックオフ,学習院大学,3,中川　賢人,DF,90,先発
2026/05/02(土) 15:00 キックオフ,学習院大学,4,木内　温大,DF,90,先発
2026/05/02(土) 15:00 キックオフ,学習院大学,5,小林　恭輔,DF,90,先発
2026/05/02(土) 15:00 キックオフ,学習院大学,6,神山　晃太,MF,72,先発
2026/05/02(土) 15:00 キックオフ,学習院大学,7,児島　巧海,MF,90,先発
2026/05/02(土) 15:00 キックオフ,学習院大学,8,小川　将弥,MF,80,先発
2026/05/02(土) 15:00 キックオフ,学習院大学,10,小林　千紘,MF,90,先発
2026/05/02(土) 15:00 キックオフ,学習院大学,11,渡辺　創士,MF,90,先発
2026/05/02(土) 15:00 キックオフ,学習院大学,13,梶　圭朝,DF,90,先発
2026/05/02(土) 15:00 キックオフ,学習院大学,12,加藤   俐功,GK,0,控え
2026/05/02(土) 15:00 キックオフ,学習院大学,14,佐藤　友樹,MF,0,控え
2026/05/02(土) 15:00 キックオフ,学習院大学,15,早稲田　睦,FW,0,控え
2026/05/02(土) 15:00 キックオフ,学習院大学,16,藤井　冬威,MF,0,控え
2026/05/02(土) 15:00 キックオフ,学習院大学,17,原　壮太,FW,10,控え
2026/05/02(土) 15:00 キックオフ,学習院大学,18,大久保　史温,MF,0,控え
2026/05/02(土) 15:00 キックオフ,学習院大学,20,北林　星七,FW,18,控え
2026/05/02(土) 15:00 キックオフ,学習院大学,22,柴田　佳輝,MF,0,控え
2026/05/02(土) 15:00 キックオフ,学習院大学,28,加藤   大毅,MF,16,控え
2026/05/02(土) 15:00 キックオフ,横浜国立大学（神奈川県）,1,神山　洋輝,GK,90,先発
2026/05/02(土) 15:00 キックオフ,横浜国立大学（神奈川県）,3,髙木　直,MF,83,先発
2026/05/02(土) 15:00 キックオフ,横浜国立大学（神奈川県）,5,大西　遼久,DF,90,先発
2026/05/02(土) 15:00 キックオフ,横浜国立大学（神奈川県）,6,渡邊　元気,MF,45,先発
2026/05/02(土) 15:00 キックオフ,横浜国立大学（神奈川県）,7,立入　光記,MF,90,先発
2026/05/02(土) 15:00 キックオフ,横浜国立大学（神奈川県）,8,小宮　昂大,MF,90,先発
2026/05/02(土) 15:00 キックオフ,横浜国立大学（神奈川県）,10,原子　泰地,FW,87,先発
2026/05/02(土) 15:00 キックオフ,横浜国立大学（神奈川県）,13,竹中　暖喜,DF,90,先発
2026/05/02(土) 15:00 キックオフ,横浜国立大学（神奈川県）,26,加藤　士門,FW,77,先発
2026/05/02(土) 15:00 キックオフ,横浜国立大学（神奈川県）,33,中村　朗莞,FW,90,先発
2026/05/02(土) 15:00 キックオフ,横浜国立大学（神奈川県）,36,井上　愛翔,MF,90,先発
2026/05/02(土) 15:00 キックオフ,横浜国立大学（神奈川県）,9,篠崎　開惺,FW,3,控え
2026/05/02(土) 15:00 キックオフ,横浜国立大学（神奈川県）,11,島田　健央,FW,0,控え
2026/05/02(土) 15:00 キックオフ,横浜国立大学（神奈川県）,14,木村　光,MF,0,控え
2026/05/02(土) 15:00 キックオフ,横浜国立大学（神奈川県）,15,櫻井　恵太,MF,45,控え
2026/05/02(土) 15:00 キックオフ,横浜国立大学（神奈川県）,16,井上　哲志,GK,0,控え
2026/05/02(土) 15:00 キックオフ,横浜国立大学（神奈川県）,19,森下　優之心,DF,0,控え
2026/05/02(土) 15:00 キックオフ,横浜国立大学（神奈川県）,25,川口　湊人,MF,0,控え
2026/05/02(土) 15:00 キックオフ,横浜国立大学（神奈川県）,27,菊地　海凪,MF,7,控え
2026/05/02(土) 15:00 キックオフ,横浜国立大学（神奈川県）,28,田邉　快斗,DF,13,控え
2026/05/02(土) 15:00 キックオフ,帝京大学,1,佐藤 翔,GK,90,先発
2026/05/02(土) 15:00 キックオフ,帝京大学,2,松本 大地,DF,90,先発
2026/05/02(土) 15:00 キックオフ,帝京大学,3,船木 匡太朗,DF,90,先発
2026/05/02(土) 15:00 キックオフ,帝京大学,4,福平 太一,DF,90,先発
2026/05/02(土) 15:00 キックオフ,帝京大学,6,近江 智哉,MF,88,先発
2026/05/02(土) 15:00 キックオフ,帝京大学,7,内堀 太貴,MF,50,先発
2026/05/02(土) 15:00 キックオフ,帝京大学,10,細木 創太,FW,50,先発
2026/05/02(土) 15:00 キックオフ,帝京大学,13,沢 柊斗,MF,65,先発
2026/05/02(土) 15:00 キックオフ,帝京大学,14,藤田 晴,FW,90,先発
2026/05/02(土) 15:00 キックオフ,帝京大学,26,桾澤 琢太,MF,65,先発
2026/05/02(土) 15:00 キックオフ,帝京大学,32,矢野　琉瑚,DF,90,先発
2026/05/02(土) 15:00 キックオフ,帝京大学,5,小林 侑希,DF,0,控え
2026/05/02(土) 15:00 キックオフ,帝京大学,8,桒原 一斗,MF,25,控え
2026/05/02(土) 15:00 キックオフ,帝京大学,9,緒方 快青,MF,40,控え
2026/05/02(土) 15:00 キックオフ,帝京大学,11,渡辺 結心,MF,40,控え
2026/05/02(土) 15:00 キックオフ,帝京大学,16,池内 優介,DF,25,控え
2026/05/02(土) 15:00 キックオフ,帝京大学,21,吉村 晴喜,GK,0,控え
2026/05/02(土) 15:00 キックオフ,帝京大学,25,山下 翔世,DF,2,控え
2026/05/02(土) 15:00 キックオフ,帝京大学,35,古村　大和,DF,0,控え
2026/05/02(土) 15:00 キックオフ,大東文化大学,1,清水　　天斗,GK,90,先発
2026/05/02(土) 15:00 キックオフ,大東文化大学,3,雨宮　　壮汰,DF,50,先発
2026/05/02(土) 15:00 キックオフ,大東文化大学,5,池羽　　航輝,DF,90,先発
2026/05/02(土) 15:00 キックオフ,大東文化大学,10,安藤　　稜人,MF,90,先発
2026/05/02(土) 15:00 キックオフ,大東文化大学,11,舘　颯之介,MF,67,先発
2026/05/02(土) 15:00 キックオフ,大東文化大学,14,信國　達也,MF,90,先発
2026/05/02(土) 15:00 キックオフ,大東文化大学,18,青　海斗,DF,90,先発
2026/05/02(土) 15:00 キックオフ,大東文化大学,27,津田　　楓真,DF,90,先発
2026/05/02(土) 15:00 キックオフ,大東文化大学,43,並木　俊輔,MF,67,先発
2026/05/02(土) 15:00 キックオフ,大東文化大学,47,渡辺　浩史,MF,83,先発
2026/05/02(土) 15:00 キックオフ,大東文化大学,96,奥田　大翔,FW,67,先発
2026/05/02(土) 15:00 キックオフ,大東文化大学,4,正木　　翠羽,DF,40,控え
2026/05/02(土) 15:00 キックオフ,大東文化大学,7,笠原　　壮瑠,FW,23,控え
2026/05/02(土) 15:00 キックオフ,大東文化大学,9,熊田　　裕,MF,0,控え
2026/05/02(土) 15:00 キックオフ,大東文化大学,12,妹尾　典,GK,0,控え
2026/05/02(土) 15:00 キックオフ,大東文化大学,13,佐久間　勇斗,MF,23,控え
2026/05/02(土) 15:00 キックオフ,大東文化大学,19,上田　然,FW,23,控え
2026/05/02(土) 15:00 キックオフ,大東文化大学,41,佃　孝太,MF,0,控え
2026/05/02(土) 15:00 キックオフ,大東文化大学,44,宮坂　哲之真,MF,7,控え
2026/05/02(土) 15:00 キックオフ,大東文化大学,46,金子　潤,DF,0,控え
2026/05/03(日) 10:00 キックオフ,朝鮮大学校,12,金 利優,GK,90,先発
2026/05/03(日) 10:00 キックオフ,朝鮮大学校,2,沈 瑞輝,DF,90,先発
2026/05/03(日) 10:00 キックオフ,朝鮮大学校,4,金 悠宇,DF,90,先発
2026/05/03(日) 10:00 キックオフ,朝鮮大学校,20,金 星希,MF,21,先発
2026/05/03(日) 10:00 キックオフ,朝鮮大学校,10,朴 ソラ,MF,90,先発
2026/05/03(日) 10:00 キックオフ,朝鮮大学校,13,李　京樹,MF,11,先発
2026/05/03(日) 10:00 キックオフ,朝鮮大学校,19,金 亨政,MF,90,先発
2026/05/03(日) 10:00 キックオフ,朝鮮大学校,21,朴　創嶺,MF,90,先発
2026/05/03(日) 10:00 キックオフ,朝鮮大学校,29,鄭 誓華,MF,90,先発
2026/05/03(日) 10:00 キックオフ,朝鮮大学校,11,鄭 泰男,MF,90,先発
2026/05/03(日) 10:00 キックオフ,朝鮮大学校,14,金 世諒,MF,21,先発
2026/05/03(日) 10:00 キックオフ,朝鮮大学校,30,李 燦喜,GK,0,控え
2026/05/03(日) 10:00 キックオフ,朝鮮大学校,15,高 茂邦,DF,0,控え
2026/05/03(日) 10:00 キックオフ,朝鮮大学校,16,高　悠邦,DF,69,控え
2026/05/03(日) 10:00 キックオフ,朝鮮大学校,9,金 翔元,MF,69,控え
2026/05/03(日) 10:00 キックオフ,朝鮮大学校,23,チョ ヘフィ,MF,0,控え
2026/05/03(日) 10:00 キックオフ,朝鮮大学校,27,金　毅昂,MF,79,控え
2026/05/03(日) 10:00 キックオフ,朝鮮大学校,7,金 民学,FW,0,控え
2026/05/03(日) 10:00 キックオフ,玉川大学,16,今村　光汰,GK,90,先発
2026/05/03(日) 10:00 キックオフ,玉川大学,3,信賀　有希,DF,90,先発
2026/05/03(日) 10:00 キックオフ,玉川大学,7,森岡　大地,MF,90,先発
2026/05/03(日) 10:00 キックオフ,玉川大学,5,松井　琢磨,DF,90,先発
2026/05/03(日) 10:00 キックオフ,玉川大学,36,上野　湊,DF,32,先発
2026/05/03(日) 10:00 キックオフ,玉川大学,11,中村　隼人,MF,25,先発
2026/05/03(日) 10:00 キックオフ,玉川大学,14,林　雄琉,MF,90,先発
2026/05/03(日) 10:00 キックオフ,玉川大学,10,内田　凜,MF,35,先発
2026/05/03(日) 10:00 キックオフ,玉川大学,26,杉山　和勢,MF,90,先発
2026/05/03(日) 10:00 キックオフ,玉川大学,19,国谷　康太,FW,25,先発
2026/05/03(日) 10:00 キックオフ,玉川大学,13,堀野辺　空,MF,11,先発
2026/05/03(日) 10:00 キックオフ,玉川大学,1,大熊　大輔,GK,0,控え
2026/05/03(日) 10:00 キックオフ,玉川大学,27,楠山　奈音,DF,65,控え
2026/05/03(日) 10:00 キックオフ,玉川大学,15,丸尾　航琉,DF,58,控え
2026/05/03(日) 10:00 キックオフ,玉川大学,34,坂本　佳晴,MF,0,控え
2026/05/03(日) 10:00 キックオフ,玉川大学,23,國本　純成,MF,55,控え
2026/05/03(日) 10:00 キックオフ,玉川大学,22,歳森　杏介,MF,65,控え
2026/05/03(日) 10:00 キックオフ,玉川大学,18,佐久間　駿喜,FW,79,控え
2026/05/03(日) 10:00 キックオフ,上智大学,1,藤田　大輝,GK,90,先発
2026/05/03(日) 10:00 キックオフ,上智大学,97,須田　悠斗,DF,90,先発
2026/05/03(日) 10:00 キックオフ,上智大学,3,松本　和輝,DF,90,先発
2026/05/03(日) 10:00 キックオフ,上智大学,33,村田　幸基,DF,90,先発
2026/05/03(日) 10:00 キックオフ,上智大学,44,山崎　颯介,MF,90,先発
2026/05/03(日) 10:00 キックオフ,上智大学,6,荒川　哲平,MF,90,先発
2026/05/03(日) 10:00 キックオフ,上智大学,14,関口　雄士,MF,83,先発
2026/05/03(日) 10:00 キックオフ,上智大学,88,廣恒　龍,MF,89,先発
2026/05/03(日) 10:00 キックオフ,上智大学,8,福島　広大,MF,69,先発
2026/05/03(日) 10:00 キックオフ,上智大学,10,塙　　仁成,MF,80,先発
2026/05/03(日) 10:00 キックオフ,上智大学,9,田中　佑樹,FW,90,先発
2026/05/03(日) 10:00 キックオフ,上智大学,20,川島　晴空,GK,0,控え
2026/05/03(日) 10:00 キックオフ,上智大学,2,唐澤　健太,DF,0,控え
2026/05/03(日) 10:00 キックオフ,上智大学,4,須藤　智洋,DF,0,控え
2026/05/03(日) 10:00 キックオフ,上智大学,94,安野　一颯,DF,1,控え
2026/05/03(日) 10:00 キックオフ,上智大学,17,白坂　航大,MF,7,控え
2026/05/03(日) 10:00 キックオフ,上智大学,21,橋本　斗雅,MF,0,控え
2026/05/03(日) 10:00 キックオフ,上智大学,32,堀江　風雅,MF,21,控え
2026/05/03(日) 10:00 キックオフ,上智大学,35,大西　十和,FW,0,控え
2026/05/03(日) 10:00 キックオフ,上智大学,80,大島　千虎,FW,10,控え
2026/05/03(日) 10:00 キックオフ,武蔵大学,31,湯浅　世琉亜,GK,90,先発
2026/05/03(日) 10:00 キックオフ,武蔵大学,5,瀧川　穣,DF,90,先発
2026/05/03(日) 10:00 キックオフ,武蔵大学,19,加藤　大聖,DF,90,先発
2026/05/03(日) 10:00 キックオフ,武蔵大学,34,島田　康誠,DF,90,先発
2026/05/03(日) 10:00 キックオフ,武蔵大学,43,高橋　慶,DF,69,先発
2026/05/03(日) 10:00 キックオフ,武蔵大学,8,中里　春輝,DF,55,先発
2026/05/03(日) 10:00 キックオフ,武蔵大学,11,田辺　伊吹,FW,90,先発
2026/05/03(日) 10:00 キックオフ,武蔵大学,22,水越　大心,MF,45,先発
2026/05/03(日) 10:00 キックオフ,武蔵大学,33,宇野　大稀,MF,79,先発
2026/05/03(日) 10:00 キックオフ,武蔵大学,45,寺田　聡,MF,69,先発
2026/05/03(日) 10:00 キックオフ,武蔵大学,47,廣井　悠真,FW,90,先発
2026/05/03(日) 10:00 キックオフ,武蔵大学,1,重山　武史,GK,0,控え
2026/05/03(日) 10:00 キックオフ,武蔵大学,24,永山　泰希,DF,0,控え
2026/05/03(日) 10:00 キックオフ,武蔵大学,14,石塚　優斗,MF,45,控え
2026/05/03(日) 10:00 キックオフ,武蔵大学,15,柳澤　広喜,MF,21,控え
2026/05/03(日) 10:00 キックオフ,武蔵大学,28,藤田　和,MF,21,控え
2026/05/03(日) 10:00 キックオフ,武蔵大学,4,小野寺　拓巳,DF,11,控え
2026/05/03(日) 10:00 キックオフ,武蔵大学,50,甲斐田　裕大,MF,35,控え
2026/05/03(日) 10:00 キックオフ,武蔵大学,7,二杉　茶利,FW,0,控え
2026/05/03(日) 10:00 キックオフ,武蔵大学,9,及川　紘輝,FW,0,控え
2026/05/09(土) 10:00 キックオフ,神奈川工科大学（神奈川県）,30,大久保　陸翔,GK,90,先発
2026/05/09(土) 10:00 キックオフ,神奈川工科大学（神奈川県）,3,五十嵐　晴生,DF,90,先発
2026/05/09(土) 10:00 キックオフ,神奈川工科大学（神奈川県）,4,吉田　太陽,DF,90,先発
2026/05/09(土) 10:00 キックオフ,神奈川工科大学（神奈川県）,15,林　晃希,DF,79,先発
2026/05/09(土) 10:00 キックオフ,神奈川工科大学（神奈川県）,29,常盤　啓太,DF,90,先発
2026/05/09(土) 10:00 キックオフ,神奈川工科大学（神奈川県）,7,小林　優介,MF,90,先発
2026/05/09(土) 10:00 キックオフ,神奈川工科大学（神奈川県）,11,平田　竜誠,MF,73,先発
2026/05/09(土) 10:00 キックオフ,神奈川工科大学（神奈川県）,8,春原　	哲汰,MF,90,先発
2026/05/09(土) 10:00 キックオフ,神奈川工科大学（神奈川県）,14,杉本　侑哉,MF,90,先発
2026/05/09(土) 10:00 キックオフ,神奈川工科大学（神奈川県）,9,功刀　崇斗,FW,90,先発
2026/05/09(土) 10:00 キックオフ,神奈川工科大学（神奈川県）,12,川瀬　桜介,FW,63,先発
2026/05/09(土) 10:00 キックオフ,神奈川工科大学（神奈川県）,1,古渕　雅喜,GK,0,控え
2026/05/09(土) 10:00 キックオフ,神奈川工科大学（神奈川県）,2,菅原　颯太郎,DF,11,控え
2026/05/09(土) 10:00 キックオフ,神奈川工科大学（神奈川県）,5,橋本　晃進,MF,0,控え
2026/05/09(土) 10:00 キックオフ,神奈川工科大学（神奈川県）,13,齊藤　大翔,MF,27,控え
2026/05/09(土) 10:00 キックオフ,神奈川工科大学（神奈川県）,19,脇屋　颯人,FW,0,控え
2026/05/09(土) 10:00 キックオフ,神奈川工科大学（神奈川県）,22,吉谷　颯,DF,0,控え
2026/05/09(土) 10:00 キックオフ,神奈川工科大学（神奈川県）,23,小野　晟和,MF,0,控え
2026/05/09(土) 10:00 キックオフ,神奈川工科大学（神奈川県）,25,和田　岳空,MF,17,控え
2026/05/09(土) 10:00 キックオフ,神奈川工科大学（神奈川県）,28,八島　渉太,FW,0,控え
2026/05/09(土) 10:00 キックオフ,帝京大学,1,佐藤 翔,GK,90,先発
2026/05/09(土) 10:00 キックオフ,帝京大学,3,船木 匡太朗,DF,90,先発
2026/05/09(土) 10:00 キックオフ,帝京大学,5,小林 侑希,DF,90,先発
2026/05/09(土) 10:00 キックオフ,帝京大学,6,近江 智哉,DF,63,先発
2026/05/09(土) 10:00 キックオフ,帝京大学,8,桒原 一斗,DF,90,先発
2026/05/09(土) 10:00 キックオフ,帝京大学,11,渡辺 結心,MF,79,先発
2026/05/09(土) 10:00 キックオフ,帝京大学,13,沢 柊斗,MF,71,先発
2026/05/09(土) 10:00 キックオフ,帝京大学,14,藤田 晴,MF,79,先発
2026/05/09(土) 10:00 キックオフ,帝京大学,16,池内 優介,MF,90,先発
2026/05/09(土) 10:00 キックオフ,帝京大学,32,矢野　琉瑚,FW,90,先発
2026/05/09(土) 10:00 キックオフ,帝京大学,35,古村　大和,FW,45,先発
2026/05/09(土) 10:00 キックオフ,帝京大学,4,福平 太一,DF,0,控え
2026/05/09(土) 10:00 キックオフ,帝京大学,7,内堀 太貴,DF,19,控え
2026/05/09(土) 10:00 キックオフ,帝京大学,9,緒方 快青,MF,45,控え
2026/05/09(土) 10:00 キックオフ,帝京大学,10,細木 創太,MF,11,控え
2026/05/09(土) 10:00 キックオフ,帝京大学,17,當間 晴琉,MF,11,控え
2026/05/09(土) 10:00 キックオフ,帝京大学,18,野田 侑聖,MF,0,控え
2026/05/09(土) 10:00 キックオフ,帝京大学,21,吉村 晴喜,GK,0,控え
2026/05/09(土) 10:00 キックオフ,帝京大学,25,山下 翔世,FW,0,控え
2026/05/09(土) 10:00 キックオフ,帝京大学,26,桾澤 琢太,FW,27,控え
2026/05/09(土) 10:30 キックオフ,桜美林大学,90,三治　陽空,GK,90,先発
2026/05/09(土) 10:30 キックオフ,桜美林大学,5,高井　翔麻,DF,90,先発
2026/05/09(土) 10:30 キックオフ,桜美林大学,44,堀江　響希,DF,90,先発
2026/05/09(土) 10:30 キックオフ,桜美林大学,3,岩本　晴,DF,90,先発
2026/05/09(土) 10:30 キックオフ,桜美林大学,22,高橋　陽翔,DF,90,先発
2026/05/09(土) 10:30 キックオフ,桜美林大学,67,細谷　隼生,DF,63,先発
2026/05/09(土) 10:30 キックオフ,桜美林大学,6,吉川　遥人,MF,90,先発
2026/05/09(土) 10:30 キックオフ,桜美林大学,7,佐藤　天真,MF,70,先発
2026/05/09(土) 10:30 キックオフ,桜美林大学,21,菊地　琉世,MF,77,先発
2026/05/09(土) 10:30 キックオフ,桜美林大学,10,石澤　海陽,FW,75,先発
2026/05/09(土) 10:30 キックオフ,桜美林大学,25,大成　春斗,FW,66,先発
2026/05/09(土) 10:30 キックオフ,桜美林大学,80,小野口　怜望,GK,0,控え
2026/05/09(土) 10:30 キックオフ,桜美林大学,88,山本　陵聖,DF,0,控え
2026/05/09(土) 10:30 キックオフ,桜美林大学,15,大崎　陽斗,DF,0,控え
2026/05/09(土) 10:30 キックオフ,桜美林大学,96,木村　恵真,MF,20,控え
2026/05/09(土) 10:30 キックオフ,桜美林大学,2,小野　文也,MF,13,控え
2026/05/09(土) 10:30 キックオフ,桜美林大学,68,三浦　瑠恩,MF,15,控え
2026/05/09(土) 10:30 キックオフ,桜美林大学,23,和田　倖輔,MF,27,控え
2026/05/09(土) 10:30 キックオフ,桜美林大学,9,斎藤　翔太,MF,0,控え
2026/05/09(土) 10:30 キックオフ,桜美林大学,20,倉橋　正吾,FW,24,控え
2026/05/09(土) 10:30 キックオフ,朝鮮大学校,1,金 柱相,GK,90,先発
2026/05/09(土) 10:30 キックオフ,朝鮮大学校,2,沈 瑞輝,DF,90,先発
2026/05/09(土) 10:30 キックオフ,朝鮮大学校,4,金 悠宇,DF,90,先発
2026/05/09(土) 10:30 キックオフ,朝鮮大学校,16,高　悠邦,DF,42,先発
2026/05/09(土) 10:30 キックオフ,朝鮮大学校,11,鄭 泰男,MF,90,先発
2026/05/09(土) 10:30 キックオフ,朝鮮大学校,13,李　京樹,MF,90,先発
2026/05/09(土) 10:30 キックオフ,朝鮮大学校,19,金 亨政,MF,90,先発
2026/05/09(土) 10:30 キックオフ,朝鮮大学校,21,朴　創嶺,MF,90,先発
2026/05/09(土) 10:30 キックオフ,朝鮮大学校,23,チョ ヘフィ,MF,45,先発
2026/05/09(土) 10:30 キックオフ,朝鮮大学校,29,鄭 誓華,MF,90,先発
2026/05/09(土) 10:30 キックオフ,朝鮮大学校,14,金 世諒,MF,77,先発
2026/05/09(土) 10:30 キックオフ,朝鮮大学校,12,金 利優,GK,0,控え
2026/05/09(土) 10:30 キックオフ,朝鮮大学校,15,高 茂邦,DF,0,控え
2026/05/09(土) 10:30 キックオフ,朝鮮大学校,20,金 星希,MF,48,控え
2026/05/09(土) 10:30 キックオフ,朝鮮大学校,10,朴 ソラ,MF,45,控え
2026/05/09(土) 10:30 キックオフ,朝鮮大学校,7,金 民学,FW,0,控え
2026/05/09(土) 10:30 キックオフ,朝鮮大学校,27,金　毅昂,MF,13,控え
2026/05/09(土) 12:45 キックオフ,横浜国立大学（神奈川県）,1,神山　洋輝,GK,83,先発
2026/05/09(土) 12:45 キックオフ,横浜国立大学（神奈川県）,3,髙木　直,MF,90,先発
2026/05/09(土) 12:45 キックオフ,横浜国立大学（神奈川県）,7,立入　光記,MF,90,先発
2026/05/09(土) 12:45 キックオフ,横浜国立大学（神奈川県）,8,小宮　昂大,MF,61,先発
2026/05/09(土) 12:45 キックオフ,横浜国立大学（神奈川県）,10,原子　泰地,FW,90,先発
2026/05/09(土) 12:45 キックオフ,横浜国立大学（神奈川県）,13,竹中　暖喜,DF,90,先発
2026/05/09(土) 12:45 キックオフ,横浜国立大学（神奈川県）,15,櫻井　恵太,MF,24,先発
2026/05/09(土) 12:45 キックオフ,横浜国立大学（神奈川県）,26,加藤　士門,FW,90,先発
2026/05/09(土) 12:45 キックオフ,横浜国立大学（神奈川県）,28,田邉　快斗,DF,90,先発
2026/05/09(土) 12:45 キックオフ,横浜国立大学（神奈川県）,33,中村　朗莞,FW,90,先発
2026/05/09(土) 12:45 キックオフ,横浜国立大学（神奈川県）,36,井上　愛翔,MF,90,先発
2026/05/09(土) 12:45 キックオフ,横浜国立大学（神奈川県）,6,渡邊　元気,MF,66,控え
2026/05/09(土) 12:45 キックオフ,横浜国立大学（神奈川県）,9,篠崎　開惺,FW,29,控え
2026/05/09(土) 12:45 キックオフ,横浜国立大学（神奈川県）,11,島田　健央,FW,0,控え
2026/05/09(土) 12:45 キックオフ,横浜国立大学（神奈川県）,16,井上　哲志,GK,7,控え
2026/05/09(土) 12:45 キックオフ,横浜国立大学（神奈川県）,17,小川　和真,FW,10,控え
2026/05/09(土) 12:45 キックオフ,横浜国立大学（神奈川県）,19,森下　優之心,DF,0,控え
2026/05/09(土) 12:45 キックオフ,横浜国立大学（神奈川県）,27,菊地　海凪,MF,0,控え
2026/05/09(土) 12:45 キックオフ,横浜国立大学（神奈川県）,35,三宅　匡瑛,MF,0,控え
2026/05/09(土) 12:45 キックオフ,横浜国立大学（神奈川県）,37,佐々木　統羽,MF,0,控え
2026/05/09(土) 12:45 キックオフ,東京経済大学,5,内田　雄真,DF,90,先発
2026/05/09(土) 12:45 キックオフ,東京経済大学,6,松井　一晟,DF,90,先発
2026/05/09(土) 12:45 キックオフ,東京経済大学,7,大塚　恭生,MF,90,先発
2026/05/09(土) 12:45 キックオフ,東京経済大学,8,河西　透和,MF,90,先発
2026/05/09(土) 12:45 キックオフ,東京経済大学,10,伊崎　耕紀,MF,90,先発
2026/05/09(土) 12:45 キックオフ,東京経済大学,12,中村　裕大,GK,90,先発
2026/05/09(土) 12:45 キックオフ,東京経済大学,13,宮﨑　悠斗,MF,90,先発
2026/05/09(土) 12:45 キックオフ,東京経済大学,16,村松　晴登,MF,75,先発
2026/05/09(土) 12:45 キックオフ,東京経済大学,17,吉儀　大,MF,70,先発
2026/05/09(土) 12:45 キックオフ,東京経済大学,19,山田　士雄,MF,90,先発
2026/05/09(土) 12:45 キックオフ,東京経済大学,29,駒田　晴生,MF,77,先発
2026/05/09(土) 12:45 キックオフ,東京経済大学,4,北林　嶺,DF,0,控え
2026/05/09(土) 12:45 キックオフ,東京経済大学,9,小尾　丞斗,FW,0,控え
2026/05/09(土) 12:45 キックオフ,東京経済大学,14,中島　洋之介,FW,15,控え
2026/05/09(土) 12:45 キックオフ,東京経済大学,15,久保寺　壱晟,FW,13,控え
2026/05/09(土) 12:45 キックオフ,東京経済大学,21,古垣　大樹,MF,20,控え
2026/05/09(土) 12:45 キックオフ,東京経済大学,22,長田　崇志,GK,0,控え
2026/05/09(土) 12:45 キックオフ,東京経済大学,24,川村　大樹,DF,0,控え
2026/05/09(土) 12:45 キックオフ,東京経済大学,26,田中　大夢,DF,0,控え
2026/05/09(土) 12:45 キックオフ,東京経済大学,28,海老原　寛大,MF,0,控え
2026/05/09(土) 12:45 キックオフ,日本大学文理学部,1,磯貝 仁斗,GK,90,先発
2026/05/09(土) 12:45 キックオフ,日本大学文理学部,2,横山 聡大,DF,90,先発
2026/05/09(土) 12:45 キックオフ,日本大学文理学部,3,北村 翼,DF,90,先発
2026/05/09(土) 12:45 キックオフ,日本大学文理学部,25,間 琥太朗,DF,90,先発
2026/05/09(土) 12:45 キックオフ,日本大学文理学部,37,清水 佑,DF,90,先発
2026/05/09(土) 12:45 キックオフ,日本大学文理学部,93,小川 寧大,DF,90,先発
2026/05/09(土) 12:45 キックオフ,日本大学文理学部,10,城田 優,MF,90,先発
2026/05/09(土) 12:45 キックオフ,日本大学文理学部,14,葛西 由晏,MF,88,先発
2026/05/09(土) 12:45 キックオフ,日本大学文理学部,65,千葉　海斗,MF,79,先発
2026/05/09(土) 12:45 キックオフ,日本大学文理学部,98,久場 莉稀,MF,70,先発
2026/05/09(土) 12:45 キックオフ,日本大学文理学部,9,遠田 凌,FW,70,先発
2026/05/09(土) 12:45 キックオフ,日本大学文理学部,91,嶋﨑 寛大,GK,0,控え
2026/05/09(土) 12:45 キックオフ,日本大学文理学部,77,新門 一晏,DF,0,控え
2026/05/09(土) 12:45 キックオフ,日本大学文理学部,5,星 恒輝,MF,11,控え
2026/05/09(土) 12:45 キックオフ,日本大学文理学部,8,石川　雄大,MF,20,控え
2026/05/09(土) 12:45 キックオフ,日本大学文理学部,24,川口 友作,MF,0,控え
2026/05/09(土) 12:45 キックオフ,日本大学文理学部,31,伊東　拓海,MF,0,控え
2026/05/09(土) 12:45 キックオフ,日本大学文理学部,46,鈴木 堅斗,MF,2,控え
2026/05/09(土) 12:45 キックオフ,日本大学文理学部,19,有田 海志,FW,0,控え
2026/05/09(土) 12:45 キックオフ,日本大学文理学部,29,髙山 周,FW,20,控え
2026/05/09(土) 12:45 キックオフ,玉川大学,16,今村　光汰,GK,90,先発
2026/05/09(土) 12:45 キックオフ,玉川大学,3,信賀　有希,DF,90,先発
2026/05/09(土) 12:45 キックオフ,玉川大学,7,森岡　大地,MF,90,先発
2026/05/09(土) 12:45 キックオフ,玉川大学,27,楠山　奈音,DF,90,先発
2026/05/09(土) 12:45 キックオフ,玉川大学,36,上野　湊,DF,90,先発
2026/05/09(土) 12:45 キックオフ,玉川大学,11,中村　隼人,MF,45,先発
2026/05/09(土) 12:45 キックオフ,玉川大学,14,林　雄琉,MF,83,先発
2026/05/09(土) 12:45 キックオフ,玉川大学,10,内田　凜,MF,90,先発
2026/05/09(土) 12:45 キックオフ,玉川大学,26,杉山　和勢,MF,57,先発
2026/05/09(土) 12:45 キックオフ,玉川大学,18,佐久間　駿喜,FW,57,先発
2026/05/09(土) 12:45 キックオフ,玉川大学,22,歳森　杏介,MF,57,先発
2026/05/09(土) 12:45 キックオフ,玉川大学,1,大熊　大輔,GK,0,控え
2026/05/09(土) 12:45 キックオフ,玉川大学,23,國本　純成,MF,33,控え
2026/05/09(土) 12:45 キックオフ,玉川大学,34,坂本　佳晴,MF,0,控え
2026/05/09(土) 12:45 キックオフ,玉川大学,19,国谷　康太,FW,7,控え
2026/05/09(土) 12:45 キックオフ,玉川大学,17,上野　兼叶,FW,33,控え
2026/05/09(土) 12:45 キックオフ,玉川大学,37,清水　彩生,DF,45,控え
2026/05/09(土) 12:45 キックオフ,玉川大学,15,丸尾　航琉,DF,0,控え
2026/05/09(土) 12:45 キックオフ,玉川大学,24,前田　陽平,MF,33,控え
2026/05/09(土) 17:00 キックオフ,大東文化大学,1,清水　　天斗,GK,90,先発
2026/05/09(土) 17:00 キックオフ,大東文化大学,18,青　海斗,DF,70,先発
2026/05/09(土) 17:00 キックオフ,大東文化大学,5,池羽　　航輝,DF,90,先発
2026/05/09(土) 17:00 キックオフ,大東文化大学,4,正木　　翠羽,DF,90,先発
2026/05/09(土) 17:00 キックオフ,大東文化大学,11,舘　颯之介,MF,90,先発
2026/05/09(土) 17:00 キックオフ,大東文化大学,19,上田　然,FW,45,先発
2026/05/09(土) 17:00 キックオフ,大東文化大学,88,松本　浩輝,MF,81,先発
2026/05/09(土) 17:00 キックオフ,大東文化大学,22,髙野　　広大,DF,45,先発
2026/05/09(土) 17:00 キックオフ,大東文化大学,10,安藤　　稜人,MF,90,先発
2026/05/09(土) 17:00 キックオフ,大東文化大学,96,奥田　大翔,FW,90,先発
2026/05/09(土) 17:00 キックオフ,大東文化大学,29,佐藤　大心,MF,73,先発
2026/05/09(土) 17:00 キックオフ,大東文化大学,12,妹尾　典,GK,0,控え
2026/05/09(土) 17:00 キックオフ,大東文化大学,45,星野　秀斗,DF,0,控え
2026/05/09(土) 17:00 キックオフ,大東文化大学,46,金子　潤,DF,20,控え
2026/05/09(土) 17:00 キックオフ,大東文化大学,28,田中　颯人,DF,0,控え
2026/05/09(土) 17:00 キックオフ,大東文化大学,43,並木　俊輔,MF,45,控え
2026/05/09(土) 17:00 キックオフ,大東文化大学,41,佃　孝太,MF,9,控え
2026/05/09(土) 17:00 キックオフ,大東文化大学,16,栗栖　晴己,MF,45,控え
2026/05/09(土) 17:00 キックオフ,大東文化大学,9,熊田　　裕,MF,0,控え
2026/05/09(土) 17:00 キックオフ,大東文化大学,44,宮坂　哲之真,MF,17,控え
2026/05/09(土) 17:00 キックオフ,上智大学,1,藤田　大輝,GK,90,先発
2026/05/09(土) 17:00 キックオフ,上智大学,97,須田　悠斗,DF,90,先発
2026/05/09(土) 17:00 キックオフ,上智大学,3,松本　和輝,DF,90,先発
2026/05/09(土) 17:00 キックオフ,上智大学,33,村田　幸基,DF,90,先発
2026/05/09(土) 17:00 キックオフ,上智大学,44,山崎　颯介,MF,90,先発
2026/05/09(土) 17:00 キックオフ,上智大学,17,白坂　航大,MF,58,先発
2026/05/09(土) 17:00 キックオフ,上智大学,6,荒川　哲平,MF,90,先発
2026/05/09(土) 17:00 キックオフ,上智大学,8,福島　広大,MF,83,先発
2026/05/09(土) 17:00 キックオフ,上智大学,9,田中　佑樹,FW,90,先発
2026/05/09(土) 17:00 キックオフ,上智大学,32,堀江　風雅,MF,70,先発
2026/05/09(土) 17:00 キックオフ,上智大学,80,大島　千虎,FW,58,先発
2026/05/09(土) 17:00 キックオフ,上智大学,20,川島　晴空,DF,0,控え
2026/05/09(土) 17:00 キックオフ,上智大学,12,中木　智也,DF,0,控え
2026/05/09(土) 17:00 キックオフ,上智大学,26,宇野　伶,DF,0,控え
2026/05/09(土) 17:00 キックオフ,上智大学,21,橋本　斗雅,MF,0,控え
2026/05/09(土) 17:00 キックオフ,上智大学,50,五十嵐　陽人,MF,0,控え
2026/05/09(土) 17:00 キックオフ,上智大学,81,福尾　涼太,MF,20,控え
2026/05/09(土) 17:00 キックオフ,上智大学,88,廣恒　龍,MF,32,控え
2026/05/09(土) 17:00 キックオフ,上智大学,35,大西　十和,FW,7,控え
2026/05/09(土) 17:00 キックオフ,上智大学,48,岩永　悠社,FW,32,控え
2026/05/10(日) 17:00 キックオフ,武蔵大学,31,湯浅　世琉亜,GK,90,先発
2026/05/10(日) 17:00 キックオフ,武蔵大学,34,島田　康誠,DF,90,先発
2026/05/10(日) 17:00 キックオフ,武蔵大学,19,加藤　大聖,DF,90,先発
2026/05/10(日) 17:00 キックオフ,武蔵大学,5,瀧川　穣,DF,90,先発
2026/05/10(日) 17:00 キックオフ,武蔵大学,28,藤田　和,MF,68,先発
2026/05/10(日) 17:00 キックオフ,武蔵大学,45,寺田　聡,MF,74,先発
2026/05/10(日) 17:00 キックオフ,武蔵大学,33,宇野　大稀,MF,90,先発
2026/05/10(日) 17:00 キックオフ,武蔵大学,14,石塚　優斗,MF,60,先発
2026/05/10(日) 17:00 キックオフ,武蔵大学,50,甲斐田　裕大,MF,82,先発
2026/05/10(日) 17:00 キックオフ,武蔵大学,11,田辺　伊吹,FW,90,先発
2026/05/10(日) 17:00 キックオフ,武蔵大学,47,廣井　悠真,FW,90,先発
2026/05/10(日) 17:00 キックオフ,武蔵大学,21,神田　謙二郎,GK,0,控え
2026/05/10(日) 17:00 キックオフ,武蔵大学,2,久保田　琳,DF,22,控え
2026/05/10(日) 17:00 キックオフ,武蔵大学,24,永山　泰希,DF,0,控え
2026/05/10(日) 17:00 キックオフ,武蔵大学,4,小野寺　拓巳,DF,0,控え
2026/05/10(日) 17:00 キックオフ,武蔵大学,22,水越　大心,MF,0,控え
2026/05/10(日) 17:00 キックオフ,武蔵大学,15,柳澤　広喜,MF,16,控え
2026/05/10(日) 17:00 キックオフ,武蔵大学,49,宮本　理央,MF,30,控え
2026/05/10(日) 17:00 キックオフ,武蔵大学,13,藤倉　空知,MF,0,控え
2026/05/10(日) 17:00 キックオフ,武蔵大学,9,及川　紘輝,FW,8,控え
2026/05/10(日) 17:00 キックオフ,学習院大学,1,若尾　林太朗,GK,90,先発
2026/05/10(日) 17:00 キックオフ,学習院大学,2,松本　隆宏,DF,90,先発
2026/05/10(日) 17:00 キックオフ,学習院大学,3,中川　賢人,DF,90,先発
2026/05/10(日) 17:00 キックオフ,学習院大学,4,木内　温大,DF,90,先発
2026/05/10(日) 17:00 キックオフ,学習院大学,5,小林　恭輔,DF,90,先発
2026/05/10(日) 17:00 キックオフ,学習院大学,13,梶　圭朝,DF,90,先発
2026/05/10(日) 17:00 キックオフ,学習院大学,6,神山　晃太,MF,82,先発
2026/05/10(日) 17:00 キックオフ,学習院大学,7,児島　巧海,MF,90,先発
2026/05/10(日) 17:00 キックオフ,学習院大学,8,小川　将弥,MF,79,先発
2026/05/10(日) 17:00 キックオフ,学習院大学,10,小林　千紘,MF,90,先発
2026/05/10(日) 17:00 キックオフ,学習院大学,11,渡辺　創士,MF,90,先発
2026/05/10(日) 17:00 キックオフ,学習院大学,12,加藤   俐功,GK,0,控え
2026/05/10(日) 17:00 キックオフ,学習院大学,26,西山　康惺,DF,0,控え
2026/05/10(日) 17:00 キックオフ,学習院大学,14,佐藤　友樹,MF,0,控え
2026/05/10(日) 17:00 キックオフ,学習院大学,16,藤井　冬威,MF,0,控え
2026/05/10(日) 17:00 キックオフ,学習院大学,27,山田   惟斗,MF,0,控え
2026/05/10(日) 17:00 キックオフ,学習院大学,28,加藤   大毅,MF,0,控え
2026/05/10(日) 17:00 キックオフ,学習院大学,17,原　壮太,FW,11,控え
2026/05/10(日) 17:00 キックオフ,学習院大学,20,北林　星七,FW,8,控え
2026/05/16(土) 10:00 キックオフ,上智大学,1,藤田　大輝,GK,90,先発
2026/05/16(土) 10:00 キックオフ,上智大学,97,須田　悠斗,DF,45,先発
2026/05/16(土) 10:00 キックオフ,上智大学,3,松本　和輝,DF,90,先発
2026/05/16(土) 10:00 キックオフ,上智大学,33,村田　幸基,DF,90,先発
2026/05/16(土) 10:00 キックオフ,上智大学,44,山崎　颯介,MF,90,先発
2026/05/16(土) 10:00 キックオフ,上智大学,17,白坂　航大,MF,65,先発
2026/05/16(土) 10:00 キックオフ,上智大学,6,荒川　哲平,MF,90,先発
2026/05/16(土) 10:00 キックオフ,上智大学,8,福島　広大,MF,90,先発
2026/05/16(土) 10:00 キックオフ,上智大学,48,岩永　悠社,MF,58,先発
2026/05/16(土) 10:00 キックオフ,上智大学,10,塙　　仁成,MF,90,先発
2026/05/16(土) 10:00 キックオフ,上智大学,9,田中　佑樹,FW,82,先発
2026/05/16(土) 10:00 キックオフ,上智大学,20,川島　晴空,GK,0,控え
2026/05/16(土) 10:00 キックオフ,上智大学,21,橋本　斗雅,DF,0,控え
2026/05/16(土) 10:00 キックオフ,上智大学,38,瀧川　廉,DF,0,控え
2026/05/16(土) 10:00 キックオフ,上智大学,11,笠原　真尋,MF,32,控え
2026/05/16(土) 10:00 キックオフ,上智大学,14,関口　雄士,MF,25,控え
2026/05/16(土) 10:00 キックオフ,上智大学,32,堀江　風雅,MF,0,控え
2026/05/16(土) 10:00 キックオフ,上智大学,81,福尾　涼太,MF,45,控え
2026/05/16(土) 10:00 キックオフ,上智大学,35,大西　十和,FW,0,控え
2026/05/16(土) 10:00 キックオフ,上智大学,80,大島　千虎,FW,8,控え
2026/05/16(土) 10:00 キックオフ,神奈川工科大学（神奈川県）,30,大久保　陸翔,GK,90,先発
2026/05/16(土) 10:00 キックオフ,神奈川工科大学（神奈川県）,4,吉田　太陽,DF,90,先発
2026/05/16(土) 10:00 キックオフ,神奈川工科大学（神奈川県）,11,平田　竜誠,DF,83,先発
2026/05/16(土) 10:00 キックオフ,神奈川工科大学（神奈川県）,15,林　晃希,DF,78,先発
2026/05/16(土) 10:00 キックオフ,神奈川工科大学（神奈川県）,29,常盤　啓太,DF,90,先発
2026/05/16(土) 10:00 キックオフ,神奈川工科大学（神奈川県）,8,春原　	哲汰,MF,90,先発
2026/05/16(土) 10:00 キックオフ,神奈川工科大学（神奈川県）,10,小林　暢,MF,90,先発
2026/05/16(土) 10:00 キックオフ,神奈川工科大学（神奈川県）,14,杉本　侑哉,MF,90,先発
2026/05/16(土) 10:00 キックオフ,神奈川工科大学（神奈川県）,23,小野　晟和,MF,75,先発
2026/05/16(土) 10:00 キックオフ,神奈川工科大学（神奈川県）,9,功刀　崇斗,FW,90,先発
2026/05/16(土) 10:00 キックオフ,神奈川工科大学（神奈川県）,12,川瀬　桜介,FW,63,先発
2026/05/16(土) 10:00 キックオフ,神奈川工科大学（神奈川県）,1,古渕　雅喜,GK,0,控え
2026/05/16(土) 10:00 キックオフ,神奈川工科大学（神奈川県）,2,菅原　颯太郎,DF,0,控え
2026/05/16(土) 10:00 キックオフ,神奈川工科大学（神奈川県）,3,五十嵐　晴生,DF,0,控え
2026/05/16(土) 10:00 キックオフ,神奈川工科大学（神奈川県）,5,橋本　晃進,MF,12,控え
2026/05/16(土) 10:00 キックオフ,神奈川工科大学（神奈川県）,6,石塚　快,MF,0,控え
2026/05/16(土) 10:00 キックオフ,神奈川工科大学（神奈川県）,7,小林　優介,MF,27,控え
2026/05/16(土) 10:00 キックオフ,神奈川工科大学（神奈川県）,25,和田　岳空,MF,7,控え
2026/05/16(土) 10:00 キックオフ,神奈川工科大学（神奈川県）,19,脇屋　颯人,FW,15,控え
2026/05/16(土) 10:00 キックオフ,神奈川工科大学（神奈川県）,28,八島　渉太,FW,0,控え
2026/05/16(土) 12:45 キックオフ,横浜国立大学（神奈川県）,1,神山　洋輝,GK,90,先発
2026/05/16(土) 12:45 キックオフ,横浜国立大学（神奈川県）,3,髙木　直,MF,90,先発
2026/05/16(土) 12:45 キックオフ,横浜国立大学（神奈川県）,5,大西　遼久,DF,90,先発
2026/05/16(土) 12:45 キックオフ,横浜国立大学（神奈川県）,7,立入　光記,MF,90,先発
2026/05/16(土) 12:45 キックオフ,横浜国立大学（神奈川県）,8,小宮　昂大,MF,90,先発
2026/05/16(土) 12:45 キックオフ,横浜国立大学（神奈川県）,10,原子　泰地,FW,78,先発
2026/05/16(土) 12:45 キックオフ,横浜国立大学（神奈川県）,13,竹中　暖喜,DF,90,先発
2026/05/16(土) 12:45 キックオフ,横浜国立大学（神奈川県）,26,加藤　士門,FW,82,先発
2026/05/16(土) 12:45 キックオフ,横浜国立大学（神奈川県）,28,田邉　快斗,DF,58,先発
2026/05/16(土) 12:45 キックオフ,横浜国立大学（神奈川県）,33,中村　朗莞,FW,90,先発
2026/05/16(土) 12:45 キックオフ,横浜国立大学（神奈川県）,36,井上　愛翔,MF,90,先発
2026/05/16(土) 12:45 キックオフ,横浜国立大学（神奈川県）,6,渡邊　元気,MF,32,控え
2026/05/16(土) 12:45 キックオフ,横浜国立大学（神奈川県）,9,篠崎　開惺,FW,12,控え
2026/05/16(土) 12:45 キックオフ,横浜国立大学（神奈川県）,11,島田　健央,FW,0,控え
2026/05/16(土) 12:45 キックオフ,横浜国立大学（神奈川県）,15,櫻井　恵太,MF,8,控え
2026/05/16(土) 12:45 キックオフ,横浜国立大学（神奈川県）,16,井上　哲志,GK,0,控え
2026/05/16(土) 12:45 キックオフ,横浜国立大学（神奈川県）,17,小川　和真,FW,0,控え
2026/05/16(土) 12:45 キックオフ,横浜国立大学（神奈川県）,27,菊地　海凪,MF,0,控え
2026/05/16(土) 12:45 キックオフ,横浜国立大学（神奈川県）,34,長谷川　舜,MF,0,控え
2026/05/16(土) 12:45 キックオフ,横浜国立大学（神奈川県）,37,佐々木　統羽,MF,0,控え
2026/05/16(土) 12:45 キックオフ,武蔵大学,4,小野寺　拓巳,DF,90,先発
2026/05/16(土) 12:45 キックオフ,武蔵大学,11,田辺　伊吹,FW,57,先発
2026/05/16(土) 12:45 キックオフ,武蔵大学,19,加藤　大聖,DF,90,先発
2026/05/16(土) 12:45 キックオフ,武蔵大学,22,水越　大心,MF,90,先発
2026/05/16(土) 12:45 キックオフ,武蔵大学,28,藤田　和,MF,90,先発
2026/05/16(土) 12:45 キックオフ,武蔵大学,31,湯浅　世琉亜,GK,90,先発
2026/05/16(土) 12:45 キックオフ,武蔵大学,33,宇野　大稀,MF,90,先発
2026/05/16(土) 12:45 キックオフ,武蔵大学,42,加藤　陽也,MF,57,先発
2026/05/16(土) 12:45 キックオフ,武蔵大学,45,寺田　聡,MF,90,先発
2026/05/16(土) 12:45 キックオフ,武蔵大学,47,廣井　悠真,FW,90,先発
2026/05/16(土) 12:45 キックオフ,武蔵大学,50,甲斐田　裕大,MF,90,先発
2026/05/16(土) 12:45 キックオフ,武蔵大学,1,重山　武史,GK,0,控え
2026/05/16(土) 12:45 キックオフ,武蔵大学,2,久保田　琳,DF,0,控え
2026/05/16(土) 12:45 キックオフ,武蔵大学,8,中里　春輝,DF,0,控え
2026/05/16(土) 12:45 キックオフ,武蔵大学,12,川口　陽誠,FW,33,控え
2026/05/16(土) 12:45 キックオフ,武蔵大学,15,柳澤　広喜,MF,0,控え
2026/05/16(土) 12:45 キックオフ,武蔵大学,24,永山　泰希,DF,0,控え
2026/05/16(土) 12:45 キックオフ,武蔵大学,32,中西　智哉,MF,0,控え
2026/05/16(土) 12:45 キックオフ,武蔵大学,34,島田　康誠,DF,0,控え
2026/05/16(土) 12:45 キックオフ,武蔵大学,49,宮本　理央,MF,33,控え
2026/05/16(土) 14:45 キックオフ,日本大学文理学部,91,嶋﨑 寛大,GK,90,先発
2026/05/16(土) 14:45 キックオフ,日本大学文理学部,2,横山 聡大,DF,90,先発
2026/05/16(土) 14:45 キックオフ,日本大学文理学部,25,間 琥太朗,DF,90,先発
2026/05/16(土) 14:45 キックオフ,日本大学文理学部,37,清水 佑,DF,90,先発
2026/05/16(土) 14:45 キックオフ,日本大学文理学部,93,小川 寧大,DF,90,先発
2026/05/16(土) 14:45 キックオフ,日本大学文理学部,10,城田 優,MF,90,先発
2026/05/16(土) 14:45 キックオフ,日本大学文理学部,14,葛西 由晏,MF,84,先発
2026/05/16(土) 14:45 キックオフ,日本大学文理学部,31,伊東　拓海,MF,90,先発
2026/05/16(土) 14:45 キックオフ,日本大学文理学部,65,千葉　海斗,MF,76,先発
2026/05/16(土) 14:45 キックオフ,日本大学文理学部,98,久場 莉稀,MF,59,先発
2026/05/16(土) 14:45 キックオフ,日本大学文理学部,9,遠田 凌,FW,29,先発
2026/05/16(土) 14:45 キックオフ,日本大学文理学部,32,加藤 匠,GK,0,控え
2026/05/16(土) 14:45 キックオフ,日本大学文理学部,33,渋谷 竜聖,DF,0,控え
2026/05/16(土) 14:45 キックオフ,日本大学文理学部,77,新門 一晏,DF,0,控え
2026/05/16(土) 14:45 キックオフ,日本大学文理学部,5,星 恒輝,MF,14,控え
2026/05/16(土) 14:45 キックオフ,日本大学文理学部,24,川口 友作,MF,31,控え
2026/05/16(土) 14:45 キックオフ,日本大学文理学部,46,鈴木 堅斗,MF,6,控え
2026/05/16(土) 14:45 キックオフ,日本大学文理学部,19,有田 海志,FW,0,控え
2026/05/16(土) 14:45 キックオフ,日本大学文理学部,28,谷口 莉都,FW,0,控え
2026/05/16(土) 14:45 キックオフ,日本大学文理学部,29,髙山 周,FW,61,控え
2026/05/16(土) 14:45 キックオフ,桜美林大学,90,三治　陽空,GK,90,先発
2026/05/16(土) 14:45 キックオフ,桜美林大学,5,高井　翔麻,DF,90,先発
2026/05/16(土) 14:45 キックオフ,桜美林大学,44,堀江　響希,DF,90,先発
2026/05/16(土) 14:45 キックオフ,桜美林大学,3,岩本　晴,DF,90,先発
2026/05/16(土) 14:45 キックオフ,桜美林大学,22,高橋　陽翔,DF,90,先発
2026/05/16(土) 14:45 キックオフ,桜美林大学,67,細谷　隼生,DF,72,先発
2026/05/16(土) 14:45 キックオフ,桜美林大学,6,吉川　遥人,MF,90,先発
2026/05/16(土) 14:45 キックオフ,桜美林大学,7,佐藤　天真,MF,75,先発
2026/05/16(土) 14:45 キックオフ,桜美林大学,21,菊地　琉世,MF,74,先発
2026/05/16(土) 14:45 キックオフ,桜美林大学,10,石澤　海陽,FW,79,先発
2026/05/16(土) 14:45 キックオフ,桜美林大学,25,大成　春斗,FW,74,先発
2026/05/16(土) 14:45 キックオフ,桜美林大学,41,尾﨑　克蔵,GK,0,控え
2026/05/16(土) 14:45 キックオフ,桜美林大学,88,山本　陵聖,DF,0,控え
2026/05/16(土) 14:45 キックオフ,桜美林大学,15,大崎　陽斗,DF,0,控え
2026/05/16(土) 14:45 キックオフ,桜美林大学,96,木村　恵真,MF,18,控え
2026/05/16(土) 14:45 キックオフ,桜美林大学,2,小野　文也,MF,16,控え
2026/05/16(土) 14:45 キックオフ,桜美林大学,68,三浦　瑠恩,MF,0,控え
2026/05/16(土) 14:45 キックオフ,桜美林大学,23,和田　倖輔,MF,15,控え
2026/05/16(土) 14:45 キックオフ,桜美林大学,17,山田 　結互,MF,11,控え
2026/05/16(土) 14:45 キックオフ,桜美林大学,20,倉橋　正吾,FW,16,控え
2026/05/17(日) 10:00 キックオフ,朝鮮大学校,1,金 柱相,GK,90,先発
2026/05/17(日) 10:00 キックオフ,朝鮮大学校,2,沈 瑞輝,DF,90,先発
2026/05/17(日) 10:00 キックオフ,朝鮮大学校,4,金 悠宇,DF,90,先発
2026/05/17(日) 10:00 キックオフ,朝鮮大学校,20,金 星希,MF,5,先発
2026/05/17(日) 10:00 キックオフ,朝鮮大学校,10,朴 ソラ,MF,43,先発
2026/05/17(日) 10:00 キックオフ,朝鮮大学校,11,鄭 泰男,MF,36,先発
2026/05/17(日) 10:00 キックオフ,朝鮮大学校,13,李　京樹,MF,90,先発
2026/05/17(日) 10:00 キックオフ,朝鮮大学校,19,金 亨政,MF,90,先発
2026/05/17(日) 10:00 キックオフ,朝鮮大学校,21,朴　創嶺,MF,90,先発
2026/05/17(日) 10:00 キックオフ,朝鮮大学校,29,鄭 誓華,MF,90,先発
2026/05/17(日) 10:00 キックオフ,朝鮮大学校,14,金 世諒,FW,90,先発
2026/05/17(日) 10:00 キックオフ,朝鮮大学校,12,金 利優,GK,0,控え
2026/05/17(日) 10:00 キックオフ,朝鮮大学校,3,李　星琉,DF,0,控え
2026/05/17(日) 10:00 キックオフ,朝鮮大学校,15,高 茂邦,DF,0,控え
2026/05/17(日) 10:00 キックオフ,朝鮮大学校,16,高　悠邦,DF,85,控え
2026/05/17(日) 10:00 キックオフ,朝鮮大学校,25,金　昌希,DF,0,控え
2026/05/17(日) 10:00 キックオフ,朝鮮大学校,8,李　良成,MF,0,控え
2026/05/17(日) 10:00 キックオフ,朝鮮大学校,23,チョ ヘフィ,MF,47,控え
2026/05/17(日) 10:00 キックオフ,朝鮮大学校,22,朴　才雄,FW,54,控え
2026/05/17(日) 10:00 キックオフ,朝鮮大学校,27,金　毅昂,FW,0,控え
2026/05/17(日) 10:00 キックオフ,帝京大学,1,佐藤 翔,GK,90,先発
2026/05/17(日) 10:00 キックオフ,帝京大学,3,船木 匡太朗,DF,90,先発
2026/05/17(日) 10:00 キックオフ,帝京大学,5,小林 侑希,DF,90,先発
2026/05/17(日) 10:00 キックオフ,帝京大学,32,矢野　琉瑚,DF,90,先発
2026/05/17(日) 10:00 キックオフ,帝京大学,38,栗田　遼真,DF,45,先発
2026/05/17(日) 10:00 キックオフ,帝京大学,6,近江 智哉,MF,90,先発
2026/05/17(日) 10:00 キックオフ,帝京大学,13,沢 柊斗,MF,62,先発
2026/05/17(日) 10:00 キックオフ,帝京大学,16,池内 優介,DF,77,先発
2026/05/17(日) 10:00 キックオフ,帝京大学,26,桾澤 琢太,MF,45,先発
2026/05/17(日) 10:00 キックオフ,帝京大学,10,細木 創太,FW,50,先発
2026/05/17(日) 10:00 キックオフ,帝京大学,14,藤田 晴,FW,90,先発
2026/05/17(日) 10:00 キックオフ,帝京大学,12,牧野 長太朗,GK,0,控え
2026/05/17(日) 10:00 キックオフ,帝京大学,2,松本 大地,DF,45,控え
2026/05/17(日) 10:00 キックオフ,帝京大学,4,福平 太一,DF,0,控え
2026/05/17(日) 10:00 キックオフ,帝京大学,40,田中　菱,DF,13,控え
2026/05/17(日) 10:00 キックオフ,帝京大学,7,内堀 太貴,MF,0,控え
2026/05/17(日) 10:00 キックオフ,帝京大学,8,桒原 一斗,MF,45,控え
2026/05/17(日) 10:00 キックオフ,帝京大学,11,渡辺 結心,MF,28,控え
2026/05/17(日) 10:00 キックオフ,帝京大学,19,佐山 洸士,MF,0,控え
2026/05/17(日) 10:00 キックオフ,帝京大学,9,緒方 快青,FW,40,控え
2026/05/17(日) 11:00 キックオフ,学習院大学,3,中川　賢人,DF,90,先発
2026/05/17(日) 11:00 キックオフ,学習院大学,5,小林　恭輔,DF,90,先発
2026/05/17(日) 11:00 キックオフ,学習院大学,6,神山　晃太,MF,68,先発
2026/05/17(日) 11:00 キックオフ,学習院大学,7,児島　巧海,MF,80,先発
2026/05/17(日) 11:00 キックオフ,学習院大学,8,小川　将弥,MF,58,先発
2026/05/17(日) 11:00 キックオフ,学習院大学,10,小林　千紘,MF,90,先発
2026/05/17(日) 11:00 キックオフ,学習院大学,11,渡辺　創士,MF,90,先発
2026/05/17(日) 11:00 キックオフ,学習院大学,12,加藤   俐功,GK,90,先発
2026/05/17(日) 11:00 キックオフ,学習院大学,13,梶　圭朝,DF,90,先発
2026/05/17(日) 11:00 キックオフ,学習院大学,16,藤井　冬威,MF,90,先発
2026/05/17(日) 11:00 キックオフ,学習院大学,28,加藤   大毅,MF,90,先発
2026/05/17(日) 11:00 キックオフ,学習院大学,1,若尾　林太朗,GK,0,控え
2026/05/17(日) 11:00 キックオフ,学習院大学,2,松本　隆宏,DF,0,控え
2026/05/17(日) 11:00 キックオフ,学習院大学,14,佐藤　友樹,MF,10,控え
2026/05/17(日) 11:00 キックオフ,学習院大学,17,原　壮太,FW,32,控え
2026/05/17(日) 11:00 キックオフ,学習院大学,20,北林　星七,FW,22,控え
2026/05/17(日) 11:00 キックオフ,学習院大学,21,伊藤   駿也,GK,0,控え
2026/05/17(日) 11:00 キックオフ,学習院大学,24,柳澤　和希,DF,0,控え
2026/05/17(日) 11:00 キックオフ,学習院大学,26,西山　康惺,DF,0,控え
2026/05/17(日) 11:00 キックオフ,学習院大学,27,山田   惟斗,MF,0,控え
2026/05/17(日) 11:00 キックオフ,大東文化大学,1,清水　　天斗,GK,90,先発
2026/05/17(日) 11:00 キックオフ,大東文化大学,5,池羽　　航輝,DF,90,先発
2026/05/17(日) 11:00 キックオフ,大東文化大学,10,安藤　　稜人,MF,80,先発
2026/05/17(日) 11:00 キックオフ,大東文化大学,11,舘　颯之介,MF,90,先発
2026/05/17(日) 11:00 キックオフ,大東文化大学,14,信國　達也,MF,62,先発
2026/05/17(日) 11:00 キックオフ,大東文化大学,18,青　海斗,DF,90,先発
2026/05/17(日) 11:00 キックオフ,大東文化大学,19,上田　然,FW,68,先発
2026/05/17(日) 11:00 キックオフ,大東文化大学,22,髙野　　広大,DF,90,先発
2026/05/17(日) 11:00 キックオフ,大東文化大学,29,佐藤　大心,MF,90,先発
2026/05/17(日) 11:00 キックオフ,大東文化大学,88,松本　浩輝,MF,90,先発
2026/05/17(日) 11:00 キックオフ,大東文化大学,96,奥田　大翔,FW,62,先発
2026/05/17(日) 11:00 キックオフ,大東文化大学,2,猿山　　和輝,DF,28,控え
2026/05/17(日) 11:00 キックオフ,大東文化大学,7,笠原　　壮瑠,FW,10,控え
2026/05/17(日) 11:00 キックオフ,大東文化大学,8,萩原　　駆,MF,22,控え
2026/05/17(日) 11:00 キックオフ,大東文化大学,9,熊田　　裕,MF,0,控え
2026/05/17(日) 11:00 キックオフ,大東文化大学,12,妹尾　典,GK,0,控え
2026/05/17(日) 11:00 キックオフ,大東文化大学,16,栗栖　晴己,MF,28,控え
2026/05/17(日) 11:00 キックオフ,大東文化大学,28,田中　颯人,DF,0,控え
2026/05/17(日) 11:00 キックオフ,大東文化大学,41,佃　孝太,MF,0,控え
2026/05/17(日) 11:00 キックオフ,大東文化大学,46,金子　潤,DF,0,控え
2026/05/17(日) 15:00 キックオフ,玉川大学,3,信賀　有希,DF,90,先発
2026/05/17(日) 15:00 キックオフ,玉川大学,7,森岡　大地,MF,90,先発
2026/05/17(日) 15:00 キックオフ,玉川大学,10,内田　凜,MF,82,先発
2026/05/17(日) 15:00 キックオフ,玉川大学,11,中村　隼人,MF,85,先発
2026/05/17(日) 15:00 キックオフ,玉川大学,14,林　雄琉,MF,68,先発
2026/05/17(日) 15:00 キックオフ,玉川大学,16,今村　光汰,GK,90,先発
2026/05/17(日) 15:00 キックオフ,玉川大学,18,佐久間　駿喜,FW,55,先発
2026/05/17(日) 15:00 キックオフ,玉川大学,23,國本　純成,MF,90,先発
2026/05/17(日) 15:00 キックオフ,玉川大学,24,前田　陽平,MF,90,先発
2026/05/17(日) 15:00 キックオフ,玉川大学,36,上野　湊,DF,90,先発
2026/05/17(日) 15:00 キックオフ,玉川大学,37,清水　彩生,DF,90,先発
2026/05/17(日) 15:00 キックオフ,玉川大学,1,大熊　大輔,GK,0,控え
2026/05/17(日) 15:00 キックオフ,玉川大学,5,松井　琢磨,DF,0,控え
2026/05/17(日) 15:00 キックオフ,玉川大学,15,丸尾　航琉,DF,0,控え
2026/05/17(日) 15:00 キックオフ,玉川大学,17,上野　兼叶,FW,35,控え
2026/05/17(日) 15:00 キックオフ,玉川大学,19,国谷　康太,FW,0,控え
2026/05/17(日) 15:00 キックオフ,玉川大学,22,歳森　杏介,MF,8,控え
2026/05/17(日) 15:00 キックオフ,玉川大学,26,杉山　和勢,MF,22,控え
2026/05/17(日) 15:00 キックオフ,玉川大学,27,楠山　奈音,DF,5,控え
2026/05/17(日) 15:00 キックオフ,玉川大学,34,坂本　佳晴,MF,0,控え
2026/05/17(日) 15:00 キックオフ,東京経済大学,5,内田　雄真,DF,90,先発
2026/05/17(日) 15:00 キックオフ,東京経済大学,6,松井　一晟,DF,90,先発
2026/05/17(日) 15:00 キックオフ,東京経済大学,7,大塚　恭生,MF,90,先発
2026/05/17(日) 15:00 キックオフ,東京経済大学,8,河西　透和,MF,90,先発
2026/05/17(日) 15:00 キックオフ,東京経済大学,10,伊崎　耕紀,MF,90,先発
2026/05/17(日) 15:00 キックオフ,東京経済大学,12,中村　裕大,GK,90,先発
2026/05/17(日) 15:00 キックオフ,東京経済大学,13,宮﨑　悠斗,MF,90,先発
2026/05/17(日) 15:00 キックオフ,東京経済大学,16,村松　晴登,MF,85,先発
2026/05/17(日) 15:00 キックオフ,東京経済大学,17,吉儀　大,MF,89,先発
2026/05/17(日) 15:00 キックオフ,東京経済大学,19,山田　士雄,MF,90,先発
2026/05/17(日) 15:00 キックオフ,東京経済大学,29,駒田　晴生,MF,69,先発
2026/05/17(日) 15:00 キックオフ,東京経済大学,4,北林　嶺,DF,5,控え
2026/05/17(日) 15:00 キックオフ,東京経済大学,9,小尾　丞斗,FW,0,控え
2026/05/17(日) 15:00 キックオフ,東京経済大学,14,中島　洋之介,FW,0,控え
2026/05/17(日) 15:00 キックオフ,東京経済大学,15,久保寺　壱晟,FW,21,控え
2026/05/17(日) 15:00 キックオフ,東京経済大学,22,長田　崇志,GK,0,控え
2026/05/17(日) 15:00 キックオフ,東京経済大学,24,川村　大樹,DF,1,控え
2026/05/17(日) 15:00 キックオフ,東京経済大学,28,海老原　寛大,MF,0,控え
2026/05/17(日) 15:00 キックオフ,東京経済大学,31,市川　聖龍,MF,0,控え
2026/05/17(日) 15:00 キックオフ,東京経済大学,32,峠舘　永愛,MF,0,控え
2026/05/23(土) 10:00 キックオフ,神奈川工科大学（神奈川県）,30,大久保　陸翔,GK,90,先発
2026/05/23(土) 10:00 キックオフ,神奈川工科大学（神奈川県）,4,吉田　太陽,DF,90,先発
2026/05/23(土) 10:00 キックオフ,神奈川工科大学（神奈川県）,29,常盤　啓太,DF,90,先発
2026/05/23(土) 10:00 キックオフ,神奈川工科大学（神奈川県）,11,平田　竜誠,DF,82,先発
2026/05/23(土) 10:00 キックオフ,神奈川工科大学（神奈川県）,5,橋本　晃進,MF,90,先発
2026/05/23(土) 10:00 キックオフ,神奈川工科大学（神奈川県）,7,小林　優介,MF,71,先発
2026/05/23(土) 10:00 キックオフ,神奈川工科大学（神奈川県）,10,小林　暢,MF,90,先発
2026/05/23(土) 10:00 キックオフ,神奈川工科大学（神奈川県）,13,齊藤　大翔,MF,90,先発
2026/05/23(土) 10:00 キックオフ,神奈川工科大学（神奈川県）,17,大山　和真,MF,57,先発
2026/05/23(土) 10:00 キックオフ,神奈川工科大学（神奈川県）,23,小野　晟和,MF,57,先発
2026/05/23(土) 10:00 キックオフ,神奈川工科大学（神奈川県）,12,川瀬　桜介,FW,77,先発
2026/05/23(土) 10:00 キックオフ,神奈川工科大学（神奈川県）,16,牛山　航,GK,0,控え
2026/05/23(土) 10:00 キックオフ,神奈川工科大学（神奈川県）,2,菅原　颯太郎,DF,0,控え
2026/05/23(土) 10:00 キックオフ,神奈川工科大学（神奈川県）,3,五十嵐　晴生,DF,0,控え
2026/05/23(土) 10:00 キックオフ,神奈川工科大学（神奈川県）,6,石塚　快,MF,19,控え
2026/05/23(土) 10:00 キックオフ,神奈川工科大学（神奈川県）,8,春原　	哲汰,MF,33,控え
2026/05/23(土) 10:00 キックオフ,神奈川工科大学（神奈川県）,25,和田　岳空,MF,0,控え
2026/05/23(土) 10:00 キックオフ,神奈川工科大学（神奈川県）,9,功刀　崇斗,FW,33,控え
2026/05/23(土) 10:00 キックオフ,神奈川工科大学（神奈川県）,19,脇屋　颯人,FW,13,控え
2026/05/23(土) 10:00 キックオフ,神奈川工科大学（神奈川県）,28,八島　渉太,FW,8,控え
2026/05/23(土) 10:00 キックオフ,学習院大学,1,若尾　林太朗,GK,90,先発
2026/05/23(土) 10:00 キックオフ,学習院大学,3,中川　賢人,DF,90,先発
2026/05/23(土) 10:00 キックオフ,学習院大学,5,小林　恭輔,DF,90,先発
2026/05/23(土) 10:00 キックオフ,学習院大学,13,梶　圭朝,DF,90,先発
2026/05/23(土) 10:00 キックオフ,学習院大学,26,西山   康惺,DF,90,先発
2026/05/23(土) 10:00 キックオフ,学習院大学,7,児島　巧海,MF,77,先発
2026/05/23(土) 10:00 キックオフ,学習院大学,10,小林　千紘,MF,90,先発
2026/05/23(土) 10:00 キックオフ,学習院大学,11,渡辺　創士,MF,90,先発
2026/05/23(土) 10:00 キックオフ,学習院大学,14,佐藤　友樹,MF,55,先発
2026/05/23(土) 10:00 キックオフ,学習院大学,16,藤井　冬威,MF,90,先発
2026/05/23(土) 10:00 キックオフ,学習院大学,27,山田   惟斗,MF,68,先発
2026/05/23(土) 10:00 キックオフ,学習院大学,12,加藤   俐功,GK,0,控え
2026/05/23(土) 10:00 キックオフ,学習院大学,24,柳澤　和希,DF,0,控え
2026/05/23(土) 10:00 キックオフ,学習院大学,6,神山　晃太,MF,35,控え
2026/05/23(土) 10:00 キックオフ,学習院大学,8,小川　将弥,MF,0,控え
2026/05/23(土) 10:00 キックオフ,学習院大学,18,大久保　史温,MF,0,控え
2026/05/23(土) 10:00 キックオフ,学習院大学,29,端谷   蓮,MF,0,控え
2026/05/23(土) 10:00 キックオフ,学習院大学,17,原　壮太,FW,22,控え
2026/05/23(土) 10:00 キックオフ,学習院大学,20,北林　星七,FW,13,控え
2026/05/23(土) 14:30 キックオフ,東京経済大学,12,中村　裕大,GK,90,先発
2026/05/23(土) 14:30 キックオフ,東京経済大学,3,古澤　友麻,MF,65,先発
2026/05/23(土) 14:30 キックオフ,東京経済大学,5,内田　雄真,DF,90,先発
2026/05/23(土) 14:30 キックオフ,東京経済大学,6,松井　一晟,DF,90,先発
2026/05/23(土) 14:30 キックオフ,東京経済大学,19,山田　士雄,MF,90,先発
2026/05/23(土) 14:30 キックオフ,東京経済大学,7,大塚　恭生,MF,90,先発
2026/05/23(土) 14:30 キックオフ,東京経済大学,8,河西　透和,MF,78,先発
2026/05/23(土) 14:30 キックオフ,東京経済大学,13,宮﨑　悠斗,MF,90,先発
2026/05/23(土) 14:30 キックオフ,東京経済大学,16,村松　晴登,MF,86,先発
2026/05/23(土) 14:30 キックオフ,東京経済大学,17,吉儀　大,MF,90,先発
2026/05/23(土) 14:30 キックオフ,東京経済大学,29,駒田　晴生,MF,65,先発
2026/05/23(土) 14:30 キックオフ,東京経済大学,22,村野　　大輝,GK,0,控え
2026/05/23(土) 14:30 キックオフ,東京経済大学,4,北林　嶺,DF,0,控え
2026/05/23(土) 14:30 キックオフ,東京経済大学,24,川村　大樹,DF,25,控え
2026/05/23(土) 14:30 キックオフ,東京経済大学,27,川畑　宇輝,DF,0,控え
2026/05/23(土) 14:30 キックオフ,東京経済大学,14,中島　洋之介,FW,25,控え
2026/05/23(土) 14:30 キックオフ,東京経済大学,15,久保寺　壱晟,FW,12,控え
2026/05/23(土) 14:30 キックオフ,東京経済大学,31,市川　聖龍,MF,0,控え
2026/05/23(土) 14:30 キックオフ,東京経済大学,32,峠舘　永愛,MF,0,控え
2026/05/23(土) 14:30 キックオフ,東京経済大学,9,小尾　丞斗,FW,4,控え
2026/05/23(土) 14:30 キックオフ,武蔵大学,31,湯浅　世琉亜,GK,90,先発
2026/05/23(土) 14:30 キックオフ,武蔵大学,4,小野寺　拓巳,DF,90,先発
2026/05/23(土) 14:30 キックオフ,武蔵大学,19,加藤　大聖,DF,90,先発
2026/05/23(土) 14:30 キックオフ,武蔵大学,22,水越　大心,MF,90,先発
2026/05/23(土) 14:30 キックオフ,武蔵大学,2,久保田　琳,DF,90,先発
2026/05/23(土) 14:30 キックオフ,武蔵大学,8,中里　春輝,DF,67,先発
2026/05/23(土) 14:30 キックオフ,武蔵大学,11,田辺　伊吹,FW,90,先発
2026/05/23(土) 14:30 キックオフ,武蔵大学,14,石塚　優斗,MF,83,先発
2026/05/23(土) 14:30 キックオフ,武蔵大学,33,宇野　大稀,MF,87,先発
2026/05/23(土) 14:30 キックオフ,武蔵大学,45,寺田　聡,MF,86,先発
2026/05/23(土) 14:30 キックオフ,武蔵大学,47,廣井　悠真,FW,77,先発
2026/05/23(土) 14:30 キックオフ,武蔵大学,1,重山　武史,GK,0,控え
2026/05/23(土) 14:30 キックオフ,武蔵大学,28,藤田　和,MF,0,控え
2026/05/23(土) 14:30 キックオフ,武蔵大学,34,島田　康誠,DF,0,控え
2026/05/23(土) 14:30 キックオフ,武蔵大学,15,柳澤　広喜,MF,4,控え
2026/05/23(土) 14:30 キックオフ,武蔵大学,32,中西　智哉,MF,3,控え
2026/05/23(土) 14:30 キックオフ,武蔵大学,42,加藤　陽也,MF,0,控え
2026/05/23(土) 14:30 キックオフ,武蔵大学,49,宮本　理央,MF,7,控え
2026/05/23(土) 14:30 キックオフ,武蔵大学,50,甲斐田　裕大,MF,23,控え
2026/05/23(土) 14:30 キックオフ,武蔵大学,12,川口　陽誠,FW,13,控え
2026/05/23(土) 15:00 キックオフ,帝京大学,1,佐藤 翔,GK,90,先発
2026/05/23(土) 15:00 キックオフ,帝京大学,3,船木 匡太朗,DF,90,先発
2026/05/23(土) 15:00 キックオフ,帝京大学,8,桒原 一斗,MF,90,先発
2026/05/23(土) 15:00 キックオフ,帝京大学,13,沢 柊斗,MF,90,先発
2026/05/23(土) 15:00 キックオフ,帝京大学,14,藤田 晴,FW,90,先発
2026/05/23(土) 15:00 キックオフ,帝京大学,17,當間 晴琉,DF,64,先発
2026/05/23(土) 15:00 キックオフ,帝京大学,26,桾澤 琢太,MF,52,先発
2026/05/23(土) 15:00 キックオフ,帝京大学,32,矢野　琉瑚,DF,90,先発
2026/05/23(土) 15:00 キックオフ,帝京大学,35,古村　大和,DF,52,先発
2026/05/23(土) 15:00 キックオフ,帝京大学,38,栗田　遼真,DF,90,先発
2026/05/23(土) 15:00 キックオフ,帝京大学,40,田中　菱,DF,90,先発
2026/05/23(土) 15:00 キックオフ,帝京大学,2,松本 大地,DF,0,控え
2026/05/23(土) 15:00 キックオフ,帝京大学,4,福平 太一,DF,0,控え
2026/05/23(土) 15:00 キックオフ,帝京大学,5,小林 侑希,DF,0,控え
2026/05/23(土) 15:00 キックオフ,帝京大学,6,近江 智哉,MF,38,控え
2026/05/23(土) 15:00 キックオフ,帝京大学,9,緒方 快青,MF,38,控え
2026/05/23(土) 15:00 キックオフ,帝京大学,12,牧野 長太朗,GK,0,控え
2026/05/23(土) 15:00 キックオフ,帝京大学,16,池内 優介,DF,26,控え
2026/05/23(土) 15:00 キックオフ,帝京大学,19,佐山 洸士,MF,0,控え
2026/05/23(土) 15:00 キックオフ,帝京大学,25,山下 翔世,DF,0,控え
2026/05/23(土) 15:00 キックオフ,日本大学文理学部,1,磯貝 仁斗,GK,90,先発
2026/05/23(土) 15:00 キックオフ,日本大学文理学部,2,横山 聡大,DF,87,先発
2026/05/23(土) 15:00 キックオフ,日本大学文理学部,25,間 琥太朗,DF,90,先発
2026/05/23(土) 15:00 キックオフ,日本大学文理学部,37,清水 佑,DF,90,先発
2026/05/23(土) 15:00 キックオフ,日本大学文理学部,93,小川 寧大,DF,90,先発
2026/05/23(土) 15:00 キックオフ,日本大学文理学部,10,城田 優,MF,90,先発
2026/05/23(土) 15:00 キックオフ,日本大学文理学部,14,葛西 由晏,MF,82,先発
2026/05/23(土) 15:00 キックオフ,日本大学文理学部,24,川口 友作,MF,90,先発
2026/05/23(土) 15:00 キックオフ,日本大学文理学部,31,伊東　拓海,MF,90,先発
2026/05/23(土) 15:00 キックオフ,日本大学文理学部,65,千葉　海斗,MF,90,先発
2026/05/23(土) 15:00 キックオフ,日本大学文理学部,9,遠田 凌,FW,90,先発
2026/05/23(土) 15:00 キックオフ,日本大学文理学部,3,北村 翼,DF,0,控え
2026/05/23(土) 15:00 キックオフ,日本大学文理学部,5,星 恒輝,MF,8,控え
2026/05/23(土) 15:00 キックオフ,日本大学文理学部,11,矢田 涼太郎,FW,0,控え
2026/05/23(土) 15:00 キックオフ,日本大学文理学部,28,谷口 莉都,FW,0,控え
2026/05/23(土) 15:00 キックオフ,日本大学文理学部,29,髙山 周,FW,3,控え
2026/05/23(土) 15:00 キックオフ,日本大学文理学部,32,加藤 匠,GK,0,控え
2026/05/23(土) 15:00 キックオフ,日本大学文理学部,33,渋谷 竜聖,DF,0,控え
2026/05/23(土) 15:00 キックオフ,日本大学文理学部,46,鈴木 堅斗,MF,0,控え
2026/05/23(土) 15:00 キックオフ,日本大学文理学部,98,久場 莉稀,MF,0,控え
2026/05/23(土) 17:00 キックオフ,大東文化大学,12,妹尾　典,GK,90,先発
2026/05/23(土) 17:00 キックオフ,大東文化大学,18,青　海斗,DF,90,先発
2026/05/23(土) 17:00 キックオフ,大東文化大学,5,池羽　　航輝,DF,90,先発
2026/05/23(土) 17:00 キックオフ,大東文化大学,22,髙野　　広大,DF,90,先発
2026/05/23(土) 17:00 キックオフ,大東文化大学,2,猿山　　和輝,DF,90,先発
2026/05/23(土) 17:00 キックオフ,大東文化大学,8,萩原　　駆,MF,90,先発
2026/05/23(土) 17:00 キックオフ,大東文化大学,88,松本　浩輝,MF,79,先発
2026/05/23(土) 17:00 キックオフ,大東文化大学,11,舘　颯之介,MF,79,先発
2026/05/23(土) 17:00 キックオフ,大東文化大学,9,熊田　　裕,MF,55,先発
2026/05/23(土) 17:00 キックオフ,大東文化大学,96,奥田　大翔,FW,55,先発
2026/05/23(土) 17:00 キックオフ,大東文化大学,29,佐藤　大心,MF,90,先発
2026/05/23(土) 17:00 キックオフ,大東文化大学,31,佐藤　晴翔,GK,0,控え
2026/05/23(土) 17:00 キックオフ,大東文化大学,28,田中　颯人,DF,0,控え
2026/05/23(土) 17:00 キックオフ,大東文化大学,45,星野　秀斗,DF,0,控え
2026/05/23(土) 17:00 キックオフ,大東文化大学,46,金子　潤,DF,0,控え
2026/05/23(土) 17:00 キックオフ,大東文化大学,80,石神　瞬,MF,11,控え
2026/05/23(土) 17:00 キックオフ,大東文化大学,41,佃　孝太,MF,0,控え
2026/05/23(土) 17:00 キックオフ,大東文化大学,13,佐久間　勇斗,MF,11,控え
2026/05/23(土) 17:00 キックオフ,大東文化大学,16,栗栖　晴己,MF,35,控え
2026/05/23(土) 17:00 キックオフ,大東文化大学,43,並木　俊輔,MF,35,控え
2026/05/23(土) 17:00 キックオフ,横浜国立大学（神奈川県）,1,神山　洋輝,GK,90,先発
2026/05/23(土) 17:00 キックオフ,横浜国立大学（神奈川県）,3,髙木　直,MF,90,先発
2026/05/23(土) 17:00 キックオフ,横浜国立大学（神奈川県）,5,大西　遼久,DF,90,先発
2026/05/23(土) 17:00 キックオフ,横浜国立大学（神奈川県）,6,渡邊　元気,MF,45,先発
2026/05/23(土) 17:00 キックオフ,横浜国立大学（神奈川県）,7,立入　光記,MF,90,先発
2026/05/23(土) 17:00 キックオフ,横浜国立大学（神奈川県）,8,小宮　昂大,MF,90,先発
2026/05/23(土) 17:00 キックオフ,横浜国立大学（神奈川県）,10,原子　泰地,FW,84,先発
2026/05/23(土) 17:00 キックオフ,横浜国立大学（神奈川県）,13,竹中　暖喜,DF,90,先発
2026/05/23(土) 17:00 キックオフ,横浜国立大学（神奈川県）,15,櫻井　恵太,MF,45,先発
2026/05/23(土) 17:00 キックオフ,横浜国立大学（神奈川県）,26,加藤　士門,FW,90,先発
2026/05/23(土) 17:00 キックオフ,横浜国立大学（神奈川県）,28,田邉　快斗,DF,84,先発
2026/05/23(土) 17:00 キックオフ,横浜国立大学（神奈川県）,9,篠崎　開惺,FW,6,控え
2026/05/23(土) 17:00 キックオフ,横浜国立大学（神奈川県）,11,島田　健央,FW,6,控え
2026/05/23(土) 17:00 キックオフ,横浜国立大学（神奈川県）,17,小川　和真,FW,0,控え
2026/05/23(土) 17:00 キックオフ,横浜国立大学（神奈川県）,19,森下　優之心,DF,0,控え
2026/05/23(土) 17:00 キックオフ,横浜国立大学（神奈川県）,21,川瀬　統己,GK,0,控え
2026/05/23(土) 17:00 キックオフ,横浜国立大学（神奈川県）,30,中野　楓麻,DF,0,控え
2026/05/23(土) 17:00 キックオフ,横浜国立大学（神奈川県）,33,中村　朗莞,FW,45,控え
2026/05/23(土) 17:00 キックオフ,横浜国立大学（神奈川県）,36,井上　愛翔,MF,45,控え
2026/05/23(土) 17:00 キックオフ,横浜国立大学（神奈川県）,37,佐々木　統羽,MF,0,控え
2026/05/24(日) 10:00 キックオフ,上智大学,1,藤田　大輝,GK,90,先発
2026/05/24(日) 10:00 キックオフ,上智大学,97,須田　悠斗,DF,90,先発
2026/05/24(日) 10:00 キックオフ,上智大学,3,松本　和輝,DF,80,先発
2026/05/24(日) 10:00 キックオフ,上智大学,33,村田　幸基,DF,90,先発
2026/05/24(日) 10:00 キックオフ,上智大学,44,山崎　颯介,MF,87,先発
2026/05/24(日) 10:00 キックオフ,上智大学,8,福島　広大,MF,65,先発
2026/05/24(日) 10:00 キックオフ,上智大学,6,荒川　哲平,MF,90,先発
2026/05/24(日) 10:00 キックオフ,上智大学,81,福尾　涼太,MF,75,先発
2026/05/24(日) 10:00 キックオフ,上智大学,11,笠原　真尋,MF,80,先発
2026/05/24(日) 10:00 キックオフ,上智大学,10,塙　　仁成,MF,90,先発
2026/05/24(日) 10:00 キックオフ,上智大学,9,田中　佑樹,FW,90,先発
2026/05/24(日) 10:00 キックオフ,上智大学,20,川島　晴空,DF,0,控え
2026/05/24(日) 10:00 キックオフ,上智大学,19,湯浦　崇斗,DF,10,控え
2026/05/24(日) 10:00 キックオフ,上智大学,38,瀧川　廉,DF,0,控え
2026/05/24(日) 10:00 キックオフ,上智大学,17,白坂　航大,MF,15,控え
2026/05/24(日) 10:00 キックオフ,上智大学,32,堀江　風雅,MF,25,控え
2026/05/24(日) 10:00 キックオフ,上智大学,48,岩永　悠社,FW,10,控え
2026/05/24(日) 10:00 キックオフ,上智大学,50,五十嵐　陽人,MF,0,控え
2026/05/24(日) 10:00 キックオフ,上智大学,35,大西　十和,FW,0,控え
2026/05/24(日) 10:00 キックオフ,上智大学,80,大島　千虎,FW,3,控え
2026/05/24(日) 10:00 キックオフ,朝鮮大学校,1,金 柱相,GK,90,先発
2026/05/24(日) 10:00 キックオフ,朝鮮大学校,2,沈 瑞輝,DF,90,先発
2026/05/24(日) 10:00 キックオフ,朝鮮大学校,4,金 悠宇,DF,90,先発
2026/05/24(日) 10:00 キックオフ,朝鮮大学校,16,高　悠邦,DF,90,先発
2026/05/24(日) 10:00 キックオフ,朝鮮大学校,10,朴 ソラ,MF,90,先発
2026/05/24(日) 10:00 キックオフ,朝鮮大学校,13,李　京樹,MF,90,先発
2026/05/24(日) 10:00 キックオフ,朝鮮大学校,19,金 亨政,MF,90,先発
2026/05/24(日) 10:00 キックオフ,朝鮮大学校,21,朴　創嶺,MF,90,先発
2026/05/24(日) 10:00 キックオフ,朝鮮大学校,29,鄭 誓華,MF,90,先発
2026/05/24(日) 10:00 キックオフ,朝鮮大学校,11,鄭 泰男,MF,77,先発
2026/05/24(日) 10:00 キックオフ,朝鮮大学校,14,金 世諒,MF,90,先発
2026/05/24(日) 10:00 キックオフ,朝鮮大学校,12,金 利優,GK,0,控え
2026/05/24(日) 10:00 キックオフ,朝鮮大学校,15,高 茂邦,DF,0,控え
2026/05/24(日) 10:00 キックオフ,朝鮮大学校,25,金　昌希,DF,0,控え
2026/05/24(日) 10:00 キックオフ,朝鮮大学校,8,李　良成,MF,0,控え
2026/05/24(日) 10:00 キックオフ,朝鮮大学校,23,チョ ヘフィ,MF,0,控え
2026/05/24(日) 10:00 キックオフ,朝鮮大学校,22,朴　才雄,FW,13,控え
2026/05/24(日) 10:00 キックオフ,朝鮮大学校,27,金　毅昂,MF,0,控え
2026/05/24(日) 15:30 キックオフ,桜美林大学,90,三治　陽空,GK,90,先発
2026/05/24(日) 15:30 キックオフ,桜美林大学,5,高井　翔麻,DF,90,先発
2026/05/24(日) 15:30 キックオフ,桜美林大学,15,大崎　陽斗,DF,90,先発
2026/05/24(日) 15:30 キックオフ,桜美林大学,44,堀江　響希,DF,90,先発
2026/05/24(日) 15:30 キックオフ,桜美林大学,88,山本　陵聖,DF,90,先発
2026/05/24(日) 15:30 キックオフ,桜美林大学,22,高橋　陽翔,DF,90,先発
2026/05/24(日) 15:30 キックオフ,桜美林大学,6,吉川　遥人,MF,90,先発
2026/05/24(日) 15:30 キックオフ,桜美林大学,21,菊地　琉世,MF,56,先発
2026/05/24(日) 15:30 キックオフ,桜美林大学,7,佐藤　天真,MF,90,先発
2026/05/24(日) 15:30 キックオフ,桜美林大学,96,木村　恵真,MF,63,先発
2026/05/24(日) 15:30 キックオフ,桜美林大学,25,大成　春斗,FW,81,先発
2026/05/24(日) 15:30 キックオフ,桜美林大学,41,尾﨑　克蔵,GK,0,控え
2026/05/24(日) 15:30 キックオフ,桜美林大学,10,石澤　海陽,FW,34,控え
2026/05/24(日) 15:30 キックオフ,桜美林大学,20,倉橋　正吾,FW,9,控え
2026/05/24(日) 15:30 キックオフ,桜美林大学,23,和田　倖輔,MF,0,控え
2026/05/24(日) 15:30 キックオフ,桜美林大学,14,田名部　勇,MF,0,控え
2026/05/24(日) 15:30 キックオフ,桜美林大学,9,斎藤　翔太,MF,0,控え
2026/05/24(日) 15:30 キックオフ,桜美林大学,67,細谷　隼生,DF,27,控え
2026/05/24(日) 15:30 キックオフ,桜美林大学,29,松並木 　梁仁,DF,0,控え
2026/05/24(日) 15:30 キックオフ,桜美林大学,31,牧野　歩,DF,0,控え
2026/05/24(日) 15:30 キックオフ,玉川大学,16,今村　光汰,GK,90,先発
2026/05/24(日) 15:30 キックオフ,玉川大学,3,信賀　有希,DF,90,先発
2026/05/24(日) 15:30 キックオフ,玉川大学,7,森岡　大地,MF,90,先発
2026/05/24(日) 15:30 キックオフ,玉川大学,37,清水　彩生,DF,90,先発
2026/05/24(日) 15:30 キックオフ,玉川大学,36,上野　湊,DF,74,先発
2026/05/24(日) 15:30 キックオフ,玉川大学,11,中村　隼人,MF,78,先発
2026/05/24(日) 15:30 キックオフ,玉川大学,14,林　雄琉,MF,85,先発
2026/05/24(日) 15:30 キックオフ,玉川大学,10,内田　凜,MF,90,先発
2026/05/24(日) 15:30 キックオフ,玉川大学,23,國本　純成,MF,85,先発
2026/05/24(日) 15:30 キックオフ,玉川大学,26,杉山　和勢,MF,90,先発
2026/05/24(日) 15:30 キックオフ,玉川大学,24,前田　陽平,MF,90,先発
2026/05/24(日) 15:30 キックオフ,玉川大学,1,大熊　大輔,GK,0,控え
2026/05/24(日) 15:30 キックオフ,玉川大学,27,楠山　奈音,DF,0,控え
2026/05/24(日) 15:30 キックオフ,玉川大学,34,坂本　佳晴,MF,0,控え
2026/05/24(日) 15:30 キックオフ,玉川大学,19,国谷　康太,FW,0,控え
2026/05/24(日) 15:30 キックオフ,玉川大学,18,佐久間　駿喜,FW,5,控え
2026/05/24(日) 15:30 キックオフ,玉川大学,22,歳森　杏介,MF,5,控え
2026/05/24(日) 15:30 キックオフ,玉川大学,15,丸尾　航琉,DF,16,控え
2026/05/24(日) 15:30 キックオフ,玉川大学,9,島　任平,DF,12,控え
2026/05/24(日) 15:30 キックオフ,玉川大学,5,松井　琢磨,DF,0,控え
2026/05/30(土) 12:45 キックオフ,横浜国立大学（神奈川県）,1,神山　洋輝,GK,90,先発
2026/05/30(土) 12:45 キックオフ,横浜国立大学（神奈川県）,3,髙木　直,MF,90,先発
2026/05/30(土) 12:45 キックオフ,横浜国立大学（神奈川県）,5,大西　遼久,DF,90,先発
2026/05/30(土) 12:45 キックオフ,横浜国立大学（神奈川県）,7,立入　光記,MF,90,先発
2026/05/30(土) 12:45 キックオフ,横浜国立大学（神奈川県）,8,小宮　昂大,MF,90,先発
2026/05/30(土) 12:45 キックオフ,横浜国立大学（神奈川県）,10,原子　泰地,FW,90,先発
2026/05/30(土) 12:45 キックオフ,横浜国立大学（神奈川県）,13,竹中　暖喜,DF,90,先発
2026/05/30(土) 12:45 キックオフ,横浜国立大学（神奈川県）,26,加藤　士門,FW,90,先発
2026/05/30(土) 12:45 キックオフ,横浜国立大学（神奈川県）,28,田邉　快斗,DF,40,先発
2026/05/30(土) 12:45 キックオフ,横浜国立大学（神奈川県）,33,中村　朗莞,FW,80,先発
2026/05/30(土) 12:45 キックオフ,横浜国立大学（神奈川県）,36,井上　愛翔,MF,90,先発
2026/05/30(土) 12:45 キックオフ,横浜国立大学（神奈川県）,6,渡邊　元気,MF,0,控え
2026/05/30(土) 12:45 キックオフ,横浜国立大学（神奈川県）,9,篠崎　開惺,FW,0,控え
2026/05/30(土) 12:45 キックオフ,横浜国立大学（神奈川県）,11,島田　健央,FW,10,控え
2026/05/30(土) 12:45 キックオフ,横浜国立大学（神奈川県）,15,櫻井　恵太,MF,50,控え
2026/05/30(土) 12:45 キックオフ,横浜国立大学（神奈川県）,17,小川　和真,FW,0,控え
2026/05/30(土) 12:45 キックオフ,横浜国立大学（神奈川県）,21,川瀬　統己,GK,0,控え
2026/05/30(土) 12:45 キックオフ,横浜国立大学（神奈川県）,22,鈴木　啓太,DF,5,控え
2026/05/30(土) 12:45 キックオフ,横浜国立大学（神奈川県）,30,中野　楓麻,DF,0,控え
2026/05/30(土) 12:45 キックオフ,横浜国立大学（神奈川県）,40,小島　滉人,DF,0,控え
2026/05/30(土) 12:45 キックオフ,神奈川工科大学（神奈川県）,3,五十嵐　晴生,DF,90,先発
2026/05/30(土) 12:45 キックオフ,神奈川工科大学（神奈川県）,4,吉田　太陽,DF,90,先発
2026/05/30(土) 12:45 キックオフ,神奈川工科大学（神奈川県）,6,石塚　快,MF,90,先発
2026/05/30(土) 12:45 キックオフ,神奈川工科大学（神奈川県）,7,小林　優介,MF,90,先発
2026/05/30(土) 12:45 キックオフ,神奈川工科大学（神奈川県）,9,功刀　崇斗,FW,90,先発
2026/05/30(土) 12:45 キックオフ,神奈川工科大学（神奈川県）,10,小林　暢,MF,90,先発
2026/05/30(土) 12:45 キックオフ,神奈川工科大学（神奈川県）,11,平田　竜誠,DF,80,先発
2026/05/30(土) 12:45 キックオフ,神奈川工科大学（神奈川県）,12,川瀬　桜介,FW,64,先発
2026/05/30(土) 12:45 キックオフ,神奈川工科大学（神奈川県）,15,林　晃希,DF,67,先発
2026/05/30(土) 12:45 キックオフ,神奈川工科大学（神奈川県）,29,常盤　啓太,DF,90,先発
2026/05/30(土) 12:45 キックオフ,神奈川工科大学（神奈川県）,30,大久保　陸翔,GK,90,先発
2026/05/30(土) 12:45 キックオフ,神奈川工科大学（神奈川県）,2,菅原　颯太郎,DF,0,控え
2026/05/30(土) 12:45 キックオフ,神奈川工科大学（神奈川県）,8,春原　	哲汰,MF,23,控え
2026/05/30(土) 12:45 キックオフ,神奈川工科大学（神奈川県）,13,齊藤　大翔,MF,0,控え
2026/05/30(土) 12:45 キックオフ,神奈川工科大学（神奈川県）,16,牛山　航,GK,0,控え
2026/05/30(土) 12:45 キックオフ,神奈川工科大学（神奈川県）,19,脇屋　颯人,FW,26,控え
2026/05/30(土) 12:45 キックオフ,神奈川工科大学（神奈川県）,22,吉谷　颯,DF,10,控え
2026/05/30(土) 12:45 キックオフ,神奈川工科大学（神奈川県）,25,和田　岳空,MF,0,控え
2026/05/30(土) 12:45 キックオフ,神奈川工科大学（神奈川県）,26,平野　龍斗,DF,0,控え
2026/05/30(土) 12:45 キックオフ,神奈川工科大学（神奈川県）,27,宮代　匠,MF,0,控え
2026/05/30(土) 14:45 キックオフ,日本大学文理学部,91,嶋﨑 寛大,GK,90,先発
2026/05/30(土) 14:45 キックオフ,日本大学文理学部,2,横山 聡大,DF,90,先発
2026/05/30(土) 14:45 キックオフ,日本大学文理学部,3,北村 翼,DF,90,先発
2026/05/30(土) 14:45 キックオフ,日本大学文理学部,25,間 琥太朗,DF,90,先発
2026/05/30(土) 14:45 キックオフ,日本大学文理学部,37,清水 佑,DF,90,先発
2026/05/30(土) 14:45 キックオフ,日本大学文理学部,93,小川 寧大,DF,90,先発
2026/05/30(土) 14:45 キックオフ,日本大学文理学部,10,城田 優,MF,90,先発
2026/05/30(土) 14:45 キックオフ,日本大学文理学部,14,葛西 由晏,MF,90,先発
2026/05/30(土) 14:45 キックオフ,日本大学文理学部,46,鈴木 堅斗,MF,69,先発
2026/05/30(土) 14:45 キックオフ,日本大学文理学部,65,千葉　海斗,MF,79,先発
2026/05/30(土) 14:45 キックオフ,日本大学文理学部,98,久場 莉稀,MF,64,先発
2026/05/30(土) 14:45 キックオフ,日本大学文理学部,32,加藤 匠,GK,0,控え
2026/05/30(土) 14:45 キックオフ,日本大学文理学部,33,渋谷 竜聖,DF,0,控え
2026/05/30(土) 14:45 キックオフ,日本大学文理学部,77,新門 一晏,DF,0,控え
2026/05/30(土) 14:45 キックオフ,日本大学文理学部,5,星 恒輝,MF,26,控え
2026/05/30(土) 14:45 キックオフ,日本大学文理学部,31,伊東　拓海,MF,0,控え
2026/05/30(土) 14:45 キックオフ,日本大学文理学部,11,矢田 涼太郎,FW,0,控え
2026/05/30(土) 14:45 キックオフ,日本大学文理学部,18,中村 陶冶,FW,0,控え
2026/05/30(土) 14:45 キックオフ,日本大学文理学部,28,谷口 莉都,FW,11,控え
2026/05/30(土) 14:45 キックオフ,日本大学文理学部,9,遠田 凌,FW,21,控え
2026/05/30(土) 14:45 キックオフ,上智大学,1,藤田　大輝,GK,90,先発
2026/05/30(土) 14:45 キックオフ,上智大学,19,湯浦　崇斗,DF,90,先発
2026/05/30(土) 14:45 キックオフ,上智大学,97,須田　悠斗,DF,90,先発
2026/05/30(土) 14:45 キックオフ,上智大学,3,松本　和輝,DF,90,先発
2026/05/30(土) 14:45 キックオフ,上智大学,33,村田　幸基,DF,90,先発
2026/05/30(土) 14:45 キックオフ,上智大学,81,福尾　涼太,MF,79,先発
2026/05/30(土) 14:45 キックオフ,上智大学,6,荒川　哲平,MF,90,先発
2026/05/30(土) 14:45 キックオフ,上智大学,44,山崎　颯介,MF,90,先発
2026/05/30(土) 14:45 キックオフ,上智大学,8,福島　広大,MF,64,先発
2026/05/30(土) 14:45 キックオフ,上智大学,10,塙　　仁成,MF,88,先発
2026/05/30(土) 14:45 キックオフ,上智大学,9,田中　佑樹,FW,90,先発
2026/05/30(土) 14:45 キックオフ,上智大学,20,川島　晴空,DF,0,控え
2026/05/30(土) 14:45 キックオフ,上智大学,26,宇野　伶,DF,0,控え
2026/05/30(土) 14:45 キックオフ,上智大学,38,瀧川　廉,DF,0,控え
2026/05/30(土) 14:45 キックオフ,上智大学,11,笠原　真尋,MF,26,控え
2026/05/30(土) 14:45 キックオフ,上智大学,17,白坂　航大,MF,0,控え
2026/05/30(土) 14:45 キックオフ,上智大学,32,堀江　風雅,MF,2,控え
2026/05/30(土) 14:45 キックオフ,上智大学,50,五十嵐　陽人,MF,0,控え
2026/05/30(土) 14:45 キックオフ,上智大学,80,大島　千虎,FW,11,控え
2026/05/30(土) 14:45 キックオフ,上智大学,35,大西　十和,FW,0,控え
2026/05/31(日) 10:00 キックオフ,武蔵大学,31,湯浅　世琉亜,GK,90,先発
2026/05/31(日) 10:00 キックオフ,武蔵大学,28,藤田　和,MF,90,先発
2026/05/31(日) 10:00 キックオフ,武蔵大学,4,小野寺　拓巳,DF,68,先発
2026/05/31(日) 10:00 キックオフ,武蔵大学,19,加藤　大聖,DF,90,先発
2026/05/31(日) 10:00 キックオフ,武蔵大学,22,水越　大心,MF,90,先発
2026/05/31(日) 10:00 キックオフ,武蔵大学,33,宇野　大稀,MF,90,先発
2026/05/31(日) 10:00 キックオフ,武蔵大学,32,中西　智哉,MF,45,先発
2026/05/31(日) 10:00 キックオフ,武蔵大学,11,田辺　伊吹,FW,82,先発
2026/05/31(日) 10:00 キックオフ,武蔵大学,8,中里　春輝,DF,73,先発
2026/05/31(日) 10:00 キックオフ,武蔵大学,14,石塚　優斗,MF,90,先発
2026/05/31(日) 10:00 キックオフ,武蔵大学,47,廣井　悠真,FW,90,先発
2026/05/31(日) 10:00 キックオフ,武蔵大学,1,重山　武史,GK,0,控え
2026/05/31(日) 10:00 キックオフ,武蔵大学,5,瀧川　穣,DF,0,控え
2026/05/31(日) 10:00 キックオフ,武蔵大学,3,中嶋　惇仁,DF,22,控え
2026/05/31(日) 10:00 キックオフ,武蔵大学,34,島田　康誠,DF,0,控え
2026/05/31(日) 10:00 キックオフ,武蔵大学,37,関口　陽大,MF,17,控え
2026/05/31(日) 10:00 キックオフ,武蔵大学,42,加藤　陽也,MF,0,控え
2026/05/31(日) 10:00 キックオフ,武蔵大学,50,甲斐田　裕大,MF,45,控え
2026/05/31(日) 10:00 キックオフ,武蔵大学,49,宮本　理央,MF,8,控え
2026/05/31(日) 10:00 キックオフ,武蔵大学,12,川口　陽誠,FW,0,控え
2026/05/31(日) 10:00 キックオフ,大東文化大学,31,佐藤　晴翔,GK,90,先発
2026/05/31(日) 10:00 キックオフ,大東文化大学,18,青　海斗,DF,90,先発
2026/05/31(日) 10:00 キックオフ,大東文化大学,5,池羽　　航輝,DF,90,先発
2026/05/31(日) 10:00 キックオフ,大東文化大学,22,髙野　　広大,DF,71,先発
2026/05/31(日) 10:00 キックオフ,大東文化大学,2,猿山　　和輝,DF,90,先発
2026/05/31(日) 10:00 キックオフ,大東文化大学,88,松本　浩輝,MF,63,先発
2026/05/31(日) 10:00 キックオフ,大東文化大学,41,佃　孝太,MF,90,先発
2026/05/31(日) 10:00 キックオフ,大東文化大学,11,舘　颯之介,MF,90,先発
2026/05/31(日) 10:00 キックオフ,大東文化大学,7,笠原　　壮瑠,FW,60,先発
2026/05/31(日) 10:00 キックオフ,大東文化大学,16,栗栖　晴己,MF,60,先発
2026/05/31(日) 10:00 キックオフ,大東文化大学,29,佐藤　大心,MF,90,先発
2026/05/31(日) 10:00 キックオフ,大東文化大学,12,妹尾　典,GK,0,控え
2026/05/31(日) 10:00 キックオフ,大東文化大学,46,金子　潤,DF,0,控え
2026/05/31(日) 10:00 キックオフ,大東文化大学,3,雨宮　　壮汰,DF,19,控え
2026/05/31(日) 10:00 キックオフ,大東文化大学,28,田中　颯人,DF,0,控え
2026/05/31(日) 10:00 キックオフ,大東文化大学,27,津田　　楓真,DF,27,控え
2026/05/31(日) 10:00 キックオフ,大東文化大学,13,佐久間　勇斗,MF,0,控え
2026/05/31(日) 10:00 キックオフ,大東文化大学,9,熊田　　裕,MF,0,控え
2026/05/31(日) 10:00 キックオフ,大東文化大学,96,奥田　大翔,FW,30,控え
2026/05/31(日) 10:00 キックオフ,大東文化大学,43,並木　俊輔,MF,30,控え
2026/05/31(日) 13:30 キックオフ,東京経済大学,12,中村　裕大,GK,90,先発
2026/05/31(日) 13:30 キックオフ,東京経済大学,5,内田　雄真,DF,90,先発
2026/05/31(日) 13:30 キックオフ,東京経済大学,6,松井　一晟,DF,90,先発
2026/05/31(日) 13:30 キックオフ,東京経済大学,3,古澤　友麻,MF,90,先発
2026/05/31(日) 13:30 キックオフ,東京経済大学,7,大塚　恭生,MF,90,先発
2026/05/31(日) 13:30 キックオフ,東京経済大学,8,河西　透和,MF,90,先発
2026/05/31(日) 13:30 キックオフ,東京経済大学,10,伊崎　耕紀,MF,90,先発
2026/05/31(日) 13:30 キックオフ,東京経済大学,13,宮﨑　悠斗,MF,31,先発
2026/05/31(日) 13:30 キックオフ,東京経済大学,16,村松　晴登,MF,82,先発
2026/05/31(日) 13:30 キックオフ,東京経済大学,17,吉儀　大,MF,86,先発
2026/05/31(日) 13:30 キックオフ,東京経済大学,29,駒田　晴生,MF,63,先発
2026/05/31(日) 13:30 キックオフ,東京経済大学,22,村野　　大輝,GK,0,控え
2026/05/31(日) 13:30 キックオフ,東京経済大学,4,北林　嶺,DF,4,控え
2026/05/31(日) 13:30 キックオフ,東京経済大学,24,川村　大樹,DF,0,控え
2026/05/31(日) 13:30 キックオフ,東京経済大学,26,田中　大夢,DF,0,控え
2026/05/31(日) 13:30 キックオフ,東京経済大学,19,山田　士雄,MF,8,控え
2026/05/31(日) 13:30 キックオフ,東京経済大学,31,市川　聖龍,MF,13,控え
2026/05/31(日) 13:30 キックオフ,東京経済大学,11,前島　陽向,FW,27,控え
2026/05/31(日) 13:30 キックオフ,東京経済大学,14,中島　洋之介,FW,59,控え
2026/05/31(日) 13:30 キックオフ,東京経済大学,20,小河原　瑛太,FW,0,控え
2026/05/31(日) 13:30 キックオフ,桜美林大学,90,三治　陽空,GK,90,先発
2026/05/31(日) 13:30 キックオフ,桜美林大学,5,高井　翔麻,DF,90,先発
2026/05/31(日) 13:30 キックオフ,桜美林大学,67,細谷　隼生,DF,63,先発
2026/05/31(日) 13:30 キックオフ,桜美林大学,44,堀江　響希,DF,90,先発
2026/05/31(日) 13:30 キックオフ,桜美林大学,88,山本　陵聖,DF,90,先発
2026/05/31(日) 13:30 キックオフ,桜美林大学,22,高橋　陽翔,DF,90,先発
2026/05/31(日) 13:30 キックオフ,桜美林大学,6,吉川　遥人,MF,90,先発
2026/05/31(日) 13:30 キックオフ,桜美林大学,21,菊地　琉世,MF,63,先発
2026/05/31(日) 13:30 キックオフ,桜美林大学,7,佐藤　天真,MF,77,先発
2026/05/31(日) 13:30 キックオフ,桜美林大学,10,石澤　海陽,FW,86,先発
2026/05/31(日) 13:30 キックオフ,桜美林大学,25,大成　春斗,FW,77,先発
2026/05/31(日) 13:30 キックオフ,桜美林大学,41,尾﨑　克蔵,GK,0,控え
2026/05/31(日) 13:30 キックオフ,桜美林大学,20,倉橋　正吾,FW,13,控え
2026/05/31(日) 13:30 キックオフ,桜美林大学,96,木村　恵真,MF,27,控え
2026/05/31(日) 13:30 キックオフ,桜美林大学,9,斎藤　翔太,MF,0,控え
2026/05/31(日) 13:30 キックオフ,桜美林大学,14,田名部　勇,MF,13,控え
2026/05/31(日) 13:30 キックオフ,桜美林大学,50,丸田　楽空,MF,0,控え
2026/05/31(日) 13:30 キックオフ,桜美林大学,68,三浦　瑠恩,MF,4,控え
2026/05/31(日) 13:30 キックオフ,桜美林大学,15,大崎　陽斗,DF,27,控え
2026/05/31(日) 13:30 キックオフ,桜美林大学,31,牧野　歩,DF,0,控え
2026/05/31(日) 15:00 キックオフ,玉川大学,3,信賀　有希,DF,90,先発
2026/05/31(日) 15:00 キックオフ,玉川大学,7,森岡　大地,MF,90,先発
2026/05/31(日) 15:00 キックオフ,玉川大学,9,島　任平,DF,54,先発
2026/05/31(日) 15:00 キックオフ,玉川大学,10,内田　凜,MF,90,先発
2026/05/31(日) 15:00 キックオフ,玉川大学,14,林　雄琉,MF,60,先発
2026/05/31(日) 15:00 キックオフ,玉川大学,16,今村　光汰,GK,90,先発
2026/05/31(日) 15:00 キックオフ,玉川大学,23,國本　純成,MF,90,先発
2026/05/31(日) 15:00 キックオフ,玉川大学,24,前田　陽平,MF,90,先発
2026/05/31(日) 15:00 キックオフ,玉川大学,26,杉山　和勢,MF,60,先発
2026/05/31(日) 15:00 キックオフ,玉川大学,36,上野　湊,DF,90,先発
2026/05/31(日) 15:00 キックオフ,玉川大学,37,清水　彩生,DF,90,先発
2026/05/31(日) 15:00 キックオフ,玉川大学,1,大熊　大輔,GK,0,控え
2026/05/31(日) 15:00 キックオフ,玉川大学,5,松井　琢磨,DF,0,控え
2026/05/31(日) 15:00 キックオフ,玉川大学,15,丸尾　航琉,DF,36,控え
2026/05/31(日) 15:00 キックオフ,玉川大学,18,佐久間　駿喜,FW,30,控え
2026/05/31(日) 15:00 キックオフ,玉川大学,19,国谷　康太,FW,0,控え
2026/05/31(日) 15:00 キックオフ,玉川大学,22,歳森　杏介,MF,30,控え
2026/05/31(日) 15:00 キックオフ,玉川大学,27,楠山　奈音,DF,0,控え
2026/05/31(日) 15:00 キックオフ,玉川大学,34,坂本　佳晴,MF,0,控え
2026/05/31(日) 15:00 キックオフ,帝京大学,1,佐藤 翔,GK,90,先発
2026/05/31(日) 15:00 キックオフ,帝京大学,3,船木 匡太朗,DF,90,先発
2026/05/31(日) 15:00 キックオフ,帝京大学,6,近江 智哉,MF,45,先発
2026/05/31(日) 15:00 キックオフ,帝京大学,8,桒原 一斗,MF,90,先発
2026/05/31(日) 15:00 キックオフ,帝京大学,13,沢 柊斗,MF,62,先発
2026/05/31(日) 15:00 キックオフ,帝京大学,14,藤田 晴,FW,90,先発
2026/05/31(日) 15:00 キックオフ,帝京大学,17,當間 晴琉,DF,55,先発
2026/05/31(日) 15:00 キックオフ,帝京大学,32,矢野　琉瑚,DF,90,先発
2026/05/31(日) 15:00 キックオフ,帝京大学,35,古村　大和,DF,48,先発
2026/05/31(日) 15:00 キックオフ,帝京大学,38,栗田　遼真,DF,77,先発
2026/05/31(日) 15:00 キックオフ,帝京大学,40,田中　菱,DF,90,先発
2026/05/31(日) 15:00 キックオフ,帝京大学,4,福平 太一,DF,0,控え
2026/05/31(日) 15:00 キックオフ,帝京大学,5,小林 侑希,DF,0,控え
2026/05/31(日) 15:00 キックオフ,帝京大学,9,緒方 快青,MF,42,控え
2026/05/31(日) 15:00 キックオフ,帝京大学,12,牧野 長太朗,GK,0,控え
2026/05/31(日) 15:00 キックオフ,帝京大学,16,池内 優介,DF,35,控え
2026/05/31(日) 15:00 キックオフ,帝京大学,26,桾澤 琢太,MF,0,控え
2026/05/31(日) 15:00 キックオフ,帝京大学,36,茂木　勇樹,MF,45,控え
2026/05/31(日) 15:00 キックオフ,帝京大学,39,本間　竜有,DF,28,控え
2026/05/31(日) 15:00 キックオフ,帝京大学,44,加藤　慧,FW,13,控え
2026/05/31(日) 17:00 キックオフ,朝鮮大学校,1,金 柱相,GK,90,先発
2026/05/31(日) 17:00 キックオフ,朝鮮大学校,2,沈 瑞輝,DF,90,先発
2026/05/31(日) 17:00 キックオフ,朝鮮大学校,4,金 悠宇,DF,90,先発
2026/05/31(日) 17:00 キックオフ,朝鮮大学校,16,高　悠邦,DF,90,先発
2026/05/31(日) 17:00 キックオフ,朝鮮大学校,10,朴 ソラ,MF,86,先発
2026/05/31(日) 17:00 キックオフ,朝鮮大学校,13,李　京樹,MF,75,先発
2026/05/31(日) 17:00 キックオフ,朝鮮大学校,19,金 亨政,MF,90,先発
2026/05/31(日) 17:00 キックオフ,朝鮮大学校,21,朴　創嶺,MF,55,先発
2026/05/31(日) 17:00 キックオフ,朝鮮大学校,29,鄭 誓華,MF,90,先発
2026/05/31(日) 17:00 キックオフ,朝鮮大学校,11,鄭 泰男,FW,90,先発
2026/05/31(日) 17:00 キックオフ,朝鮮大学校,14,金 世諒,MF,90,先発
2026/05/31(日) 17:00 キックオフ,朝鮮大学校,12,金 利優,GK,0,控え
2026/05/31(日) 17:00 キックオフ,朝鮮大学校,3,李　星琉,DF,0,控え
2026/05/31(日) 17:00 キックオフ,朝鮮大学校,15,高 茂邦,DF,0,控え
2026/05/31(日) 17:00 キックオフ,朝鮮大学校,25,金　昌希,DF,35,控え
2026/05/31(日) 17:00 キックオフ,朝鮮大学校,22,朴　才雄,FW,0,控え
2026/05/31(日) 17:00 キックオフ,朝鮮大学校,23,チョ ヘフィ,MF,4,控え
2026/05/31(日) 17:00 キックオフ,朝鮮大学校,27,金　毅昂,MF,0,控え
2026/05/31(日) 17:00 キックオフ,朝鮮大学校,7,金 民学,FW,15,控え
2026/05/31(日) 17:00 キックオフ,学習院大学,1,若尾　林太朗,GK,90,先発
2026/05/31(日) 17:00 キックオフ,学習院大学,3,中川　賢人,DF,90,先発
2026/05/31(日) 17:00 キックオフ,学習院大学,5,小林　恭輔,DF,90,先発
2026/05/31(日) 17:00 キックオフ,学習院大学,13,梶　圭朝,DF,78,先発
2026/05/31(日) 17:00 キックオフ,学習院大学,6,神山　晃太,MF,90,先発
2026/05/31(日) 17:00 キックオフ,学習院大学,10,小林　千紘,MF,90,先発
2026/05/31(日) 17:00 キックオフ,学習院大学,11,渡辺　創士,MF,90,先発
2026/05/31(日) 17:00 キックオフ,学習院大学,16,藤井　冬威,MF,90,先発
2026/05/31(日) 17:00 キックオフ,学習院大学,27,山田   惟斗,MF,86,先発
2026/05/31(日) 17:00 キックオフ,学習院大学,28,加藤   大毅,MF,90,先発
2026/05/31(日) 17:00 キックオフ,学習院大学,20,北林　星七,FW,82,先発
2026/05/31(日) 17:00 キックオフ,学習院大学,12,加藤   俐功,GK,0,控え
2026/05/31(日) 17:00 キックオフ,学習院大学,24,柳澤　和希,DF,0,控え
2026/05/31(日) 17:00 キックオフ,学習院大学,26,西山   康惺,DF,12,控え
2026/05/31(日) 17:00 キックオフ,学習院大学,7,児島　巧海,MF,8,控え
2026/05/31(日) 17:00 キックオフ,学習院大学,8,小川　将弥,MF,0,控え
2026/05/31(日) 17:00 キックオフ,学習院大学,14,佐藤　友樹,MF,0,控え
2026/05/31(日) 17:00 キックオフ,学習院大学,29,端谷   蓮,MF,0,控え
2026/05/31(日) 17:00 キックオフ,学習院大学,17,原　壮太,FW,4,控え
2026/05/31(日) 17:00 キックオフ,学習院大学,32,岡本   惇之介,FW,0,控え
2026/06/06(土) 17:00 キックオフ,大東文化大学,31,佐藤　晴翔,GK,90,先発
2026/06/06(土) 17:00 キックオフ,大東文化大学,18,青　海斗,DF,90,先発
2026/06/06(土) 17:00 キックオフ,大東文化大学,3,雨宮　　壮汰,DF,90,先発
2026/06/06(土) 17:00 キックオフ,大東文化大学,5,池羽　　航輝,DF,45,先発
2026/06/06(土) 17:00 キックオフ,大東文化大学,2,猿山　　和輝,DF,90,先発
2026/06/06(土) 17:00 キックオフ,大東文化大学,88,松本　浩輝,MF,55,先発
2026/06/06(土) 17:00 キックオフ,大東文化大学,47,渡辺　浩史,MF,90,先発
2026/06/06(土) 17:00 キックオフ,大東文化大学,27,津田　　楓真,DF,90,先発
2026/06/06(土) 17:00 キックオフ,大東文化大学,7,笠原　　壮瑠,FW,55,先発
2026/06/06(土) 17:00 キックオフ,大東文化大学,16,栗栖　晴己,MF,62,先発
2026/06/06(土) 17:00 キックオフ,大東文化大学,29,佐藤　大心,MF,90,先発
2026/06/06(土) 17:00 キックオフ,大東文化大学,1,清水　　天斗,GK,0,控え
2026/06/06(土) 17:00 キックオフ,大東文化大学,46,金子　潤,DF,0,控え
2026/06/06(土) 17:00 キックオフ,大東文化大学,22,髙野　　広大,DF,0,控え
2026/06/06(土) 17:00 キックオフ,大東文化大学,28,田中　颯人,DF,0,控え
2026/06/06(土) 17:00 キックオフ,大東文化大学,41,佃　孝太,MF,0,控え
2026/06/06(土) 17:00 キックオフ,大東文化大学,19,上田　然,FW,35,控え
2026/06/06(土) 17:00 キックオフ,大東文化大学,11,舘　颯之介,MF,45,控え
2026/06/06(土) 17:00 キックオフ,大東文化大学,96,奥田　大翔,FW,28,控え
2026/06/06(土) 17:00 キックオフ,大東文化大学,43,並木　俊輔,MF,35,控え
2026/06/06(土) 17:00 キックオフ,東京経済大学,12,中村　裕大,GK,90,先発
2026/06/06(土) 17:00 キックオフ,東京経済大学,3,古澤　友麻,MF,86,先発
2026/06/06(土) 17:00 キックオフ,東京経済大学,5,内田　雄真,DF,90,先発
2026/06/06(土) 17:00 キックオフ,東京経済大学,6,松井　一晟,DF,90,先発
2026/06/06(土) 17:00 キックオフ,東京経済大学,10,伊崎　耕紀,MF,90,先発
2026/06/06(土) 17:00 キックオフ,東京経済大学,7,大塚　恭生,MF,90,先発
2026/06/06(土) 17:00 キックオフ,東京経済大学,8,河西　透和,MF,86,先発
2026/06/06(土) 17:00 キックオフ,東京経済大学,16,村松　晴登,MF,90,先発
2026/06/06(土) 17:00 キックオフ,東京経済大学,17,吉儀　大,MF,90,先発
2026/06/06(土) 17:00 キックオフ,東京経済大学,20,小河原　瑛太,FW,73,先発
2026/06/06(土) 17:00 キックオフ,東京経済大学,29,駒田　晴生,MF,65,先発
2026/06/06(土) 17:00 キックオフ,東京経済大学,22,村野　　大輝,GK,0,控え
2026/06/06(土) 17:00 キックオフ,東京経済大学,4,北林　嶺,DF,4,控え
2026/06/06(土) 17:00 キックオフ,東京経済大学,19,山田　士雄,MF,0,控え
2026/06/06(土) 17:00 キックオフ,東京経済大学,24,川村　大樹,DF,4,控え
2026/06/06(土) 17:00 キックオフ,東京経済大学,27,川畑　宇輝,DF,0,控え
2026/06/06(土) 17:00 キックオフ,東京経済大学,14,中島　洋之介,FW,17,控え
2026/06/06(土) 17:00 キックオフ,東京経済大学,26,田中　大夢,DF,0,控え
2026/06/06(土) 17:00 キックオフ,東京経済大学,31,市川　聖龍,MF,0,控え
2026/06/06(土) 17:00 キックオフ,東京経済大学,15,久保寺　壱晟,FW,25,控え
2026/06/07(日) 10:00 キックオフ,武蔵大学,31,湯浅　世琉亜,GK,90,先発
2026/06/07(日) 10:00 キックオフ,武蔵大学,22,水越　大心,MF,90,先発
2026/06/07(日) 10:00 キックオフ,武蔵大学,19,加藤　大聖,DF,90,先発
2026/06/07(日) 10:00 キックオフ,武蔵大学,4,小野寺　拓巳,DF,90,先発
2026/06/07(日) 10:00 キックオフ,武蔵大学,28,藤田　和,MF,85,先発
2026/06/07(日) 10:00 キックオフ,武蔵大学,33,宇野　大稀,MF,90,先発
2026/06/07(日) 10:00 キックオフ,武蔵大学,37,関口　陽大,MF,82,先発
2026/06/07(日) 10:00 キックオフ,武蔵大学,14,石塚　優斗,MF,90,先発
2026/06/07(日) 10:00 キックオフ,武蔵大学,47,廣井　悠真,FW,70,先発
2026/06/07(日) 10:00 キックオフ,武蔵大学,11,田辺　伊吹,FW,63,先発
2026/06/07(日) 10:00 キックオフ,武蔵大学,12,川口　陽誠,FW,70,先発
2026/06/07(日) 10:00 キックオフ,武蔵大学,21,神田　謙二郎,GK,0,控え
2026/06/07(日) 10:00 キックオフ,武蔵大学,40,泉谷　俊,MF,5,控え
2026/06/07(日) 10:00 キックオフ,武蔵大学,3,中嶋　惇仁,DF,0,控え
2026/06/07(日) 10:00 キックオフ,武蔵大学,5,瀧川　穣,DF,0,控え
2026/06/07(日) 10:00 キックオフ,武蔵大学,50,甲斐田　裕大,MF,0,控え
2026/06/07(日) 10:00 キックオフ,武蔵大学,45,寺田　聡,MF,8,控え
2026/06/07(日) 10:00 キックオフ,武蔵大学,49,宮本　理央,MF,27,控え
2026/06/07(日) 10:00 キックオフ,武蔵大学,13,藤倉　空知,MF,20,控え
2026/06/07(日) 10:00 キックオフ,武蔵大学,10,森田　蓮人,FW,20,控え
2026/06/07(日) 10:00 キックオフ,神奈川工科大学（神奈川県）,30,大久保　陸翔,GK,90,先発
2026/06/07(日) 10:00 キックオフ,神奈川工科大学（神奈川県）,3,五十嵐　晴生,DF,90,先発
2026/06/07(日) 10:00 キックオフ,神奈川工科大学（神奈川県）,4,吉田　太陽,DF,90,先発
2026/06/07(日) 10:00 キックオフ,神奈川工科大学（神奈川県）,15,林　晃希,DF,45,先発
2026/06/07(日) 10:00 キックオフ,神奈川工科大学（神奈川県）,29,常盤　啓太,DF,90,先発
2026/06/07(日) 10:00 キックオフ,神奈川工科大学（神奈川県）,6,石塚　快,MF,45,先発
2026/06/07(日) 10:00 キックオフ,神奈川工科大学（神奈川県）,7,小林　優介,MF,90,先発
2026/06/07(日) 10:00 キックオフ,神奈川工科大学（神奈川県）,10,小林　暢,MF,90,先発
2026/06/07(日) 10:00 キックオフ,神奈川工科大学（神奈川県）,25,和田　岳空,MF,44,先発
2026/06/07(日) 10:00 キックオフ,神奈川工科大学（神奈川県）,9,功刀　崇斗,FW,90,先発
2026/06/07(日) 10:00 キックオフ,神奈川工科大学（神奈川県）,19,脇屋　颯人,FW,82,先発
2026/06/07(日) 10:00 キックオフ,神奈川工科大学（神奈川県）,16,牛山　航,GK,0,控え
2026/06/07(日) 10:00 キックオフ,神奈川工科大学（神奈川県）,2,菅原　颯太郎,DF,0,控え
2026/06/07(日) 10:00 キックオフ,神奈川工科大学（神奈川県）,11,平田　竜誠,DF,8,控え
2026/06/07(日) 10:00 キックオフ,神奈川工科大学（神奈川県）,22,吉谷　颯,DF,0,控え
2026/06/07(日) 10:00 キックオフ,神奈川工科大学（神奈川県）,26,平野　龍斗,DF,0,控え
2026/06/07(日) 10:00 キックオフ,神奈川工科大学（神奈川県）,5,橋本　晃進,MF,45,控え
2026/06/07(日) 10:00 キックオフ,神奈川工科大学（神奈川県）,8,春原　	哲汰,MF,46,控え
2026/06/07(日) 10:00 キックオフ,神奈川工科大学（神奈川県）,13,齊藤　大翔,MF,45,控え
2026/06/07(日) 10:00 キックオフ,神奈川工科大学（神奈川県）,18,前原　海聖,FW,0,控え
2026/06/07(日) 11:00 キックオフ,学習院大学,1,若尾　林太朗,GK,90,先発
2026/06/07(日) 11:00 キックオフ,学習院大学,3,中川　賢人,DF,90,先発
2026/06/07(日) 11:00 キックオフ,学習院大学,5,小林　恭輔,DF,90,先発
2026/06/07(日) 11:00 キックオフ,学習院大学,7,児島　巧海,MF,90,先発
2026/06/07(日) 11:00 キックオフ,学習院大学,10,小林　千紘,MF,90,先発
2026/06/07(日) 11:00 キックオフ,学習院大学,11,渡辺　創士,MF,90,先発
2026/06/07(日) 11:00 キックオフ,学習院大学,13,梶　圭朝,DF,90,先発
2026/06/07(日) 11:00 キックオフ,学習院大学,16,藤井　冬威,MF,90,先発
2026/06/07(日) 11:00 キックオフ,学習院大学,20,北林　星七,FW,80,先発
2026/06/07(日) 11:00 キックオフ,学習院大学,27,山田   惟斗,MF,87,先発
2026/06/07(日) 11:00 キックオフ,学習院大学,28,加藤   大毅,MF,90,先発
2026/06/07(日) 11:00 キックオフ,学習院大学,8,小川　将弥,MF,3,控え
2026/06/07(日) 11:00 キックオフ,学習院大学,12,加藤   俐功,GK,0,控え
2026/06/07(日) 11:00 キックオフ,学習院大学,14,佐藤　友樹,MF,0,控え
2026/06/07(日) 11:00 キックオフ,学習院大学,17,原　壮太,FW,0,控え
2026/06/07(日) 11:00 キックオフ,学習院大学,18,大久保　史温,MF,0,控え
2026/06/07(日) 11:00 キックオフ,学習院大学,24,柳澤　和希,DF,0,控え
2026/06/07(日) 11:00 キックオフ,学習院大学,26,西山   康惺,DF,0,控え
2026/06/07(日) 11:00 キックオフ,学習院大学,29,端谷   蓮,MF,0,控え
2026/06/07(日) 11:00 キックオフ,学習院大学,32,岡本   惇之介,FW,10,控え
2026/06/07(日) 11:00 キックオフ,日本大学文理学部,1,磯貝 仁斗,GK,90,先発
2026/06/07(日) 11:00 キックオフ,日本大学文理学部,2,横山 聡大,DF,90,先発
2026/06/07(日) 11:00 キックオフ,日本大学文理学部,3,北村 翼,DF,90,先発
2026/06/07(日) 11:00 キックオフ,日本大学文理学部,5,星 恒輝,MF,57,先発
2026/06/07(日) 11:00 キックオフ,日本大学文理学部,10,城田 優,MF,90,先発
2026/06/07(日) 11:00 キックオフ,日本大学文理学部,14,葛西 由晏,MF,90,先発
2026/06/07(日) 11:00 キックオフ,日本大学文理学部,25,間 琥太朗,DF,90,先発
2026/06/07(日) 11:00 キックオフ,日本大学文理学部,37,清水 佑,DF,90,先発
2026/06/07(日) 11:00 キックオフ,日本大学文理学部,46,鈴木 堅斗,MF,61,先発
2026/06/07(日) 11:00 キックオフ,日本大学文理学部,93,小川 寧大,DF,90,先発
2026/06/07(日) 11:00 キックオフ,日本大学文理学部,98,久場 莉稀,MF,57,先発
2026/06/07(日) 11:00 キックオフ,日本大学文理学部,9,遠田 凌,FW,29,控え
2026/06/07(日) 11:00 キックオフ,日本大学文理学部,11,矢田 涼太郎,FW,0,控え
2026/06/07(日) 11:00 キックオフ,日本大学文理学部,24,川口 友作,MF,33,控え
2026/06/07(日) 11:00 キックオフ,日本大学文理学部,28,谷口 莉都,FW,0,控え
2026/06/07(日) 11:00 キックオフ,日本大学文理学部,31,伊東　拓海,MF,0,控え
2026/06/07(日) 11:00 キックオフ,日本大学文理学部,32,加藤 匠,GK,0,控え
2026/06/07(日) 11:00 キックオフ,日本大学文理学部,33,渋谷 竜聖,DF,0,控え
2026/06/07(日) 11:00 キックオフ,日本大学文理学部,65,千葉　海斗,MF,33,控え
2026/06/07(日) 11:00 キックオフ,日本大学文理学部,77,新門 一晏,DF,0,控え
2026/06/07(日) 12:45 キックオフ,横浜国立大学（神奈川県）,1,神山　洋輝,GK,90,先発
2026/06/07(日) 12:45 キックオフ,横浜国立大学（神奈川県）,3,髙木　直,MF,89,先発
2026/06/07(日) 12:45 キックオフ,横浜国立大学（神奈川県）,5,大西　遼久,DF,90,先発
2026/06/07(日) 12:45 キックオフ,横浜国立大学（神奈川県）,7,立入　光記,MF,90,先発
2026/06/07(日) 12:45 キックオフ,横浜国立大学（神奈川県）,8,小宮　昂大,MF,90,先発
2026/06/07(日) 12:45 キックオフ,横浜国立大学（神奈川県）,10,原子　泰地,FW,83,先発
2026/06/07(日) 12:45 キックオフ,横浜国立大学（神奈川県）,13,竹中　暖喜,DF,90,先発
2026/06/07(日) 12:45 キックオフ,横浜国立大学（神奈川県）,15,櫻井　恵太,MF,90,先発
2026/06/07(日) 12:45 キックオフ,横浜国立大学（神奈川県）,26,加藤　士門,FW,90,先発
2026/06/07(日) 12:45 キックオフ,横浜国立大学（神奈川県）,28,田邉　快斗,DF,87,先発
2026/06/07(日) 12:45 キックオフ,横浜国立大学（神奈川県）,36,井上　愛翔,MF,90,先発
2026/06/07(日) 12:45 キックオフ,横浜国立大学（神奈川県）,6,渡邊　元気,MF,3,控え
2026/06/07(日) 12:45 キックオフ,横浜国立大学（神奈川県）,9,篠崎　開惺,FW,1,控え
2026/06/07(日) 12:45 キックオフ,横浜国立大学（神奈川県）,11,島田　健央,FW,7,控え
2026/06/07(日) 12:45 キックオフ,横浜国立大学（神奈川県）,17,小川　和真,FW,0,控え
2026/06/07(日) 12:45 キックオフ,横浜国立大学（神奈川県）,21,川瀬　統己,GK,0,控え
2026/06/07(日) 12:45 キックオフ,横浜国立大学（神奈川県）,27,菊地　海凪,MF,0,控え
2026/06/07(日) 12:45 キックオフ,横浜国立大学（神奈川県）,30,中野　楓麻,DF,0,控え
2026/06/07(日) 12:45 キックオフ,横浜国立大学（神奈川県）,33,中村　朗莞,FW,0,控え
2026/06/07(日) 12:45 キックオフ,横浜国立大学（神奈川県）,37,佐々木　統羽,MF,0,控え
2026/06/07(日) 12:45 キックオフ,朝鮮大学校,1,金 柱相,GK,90,先発
2026/06/07(日) 12:45 キックオフ,朝鮮大学校,3,李　星琉,DF,68,先発
2026/06/07(日) 12:45 キックオフ,朝鮮大学校,4,金 悠宇,DF,90,先発
2026/06/07(日) 12:45 キックオフ,朝鮮大学校,11,鄭 泰男,MF,90,先発
2026/06/07(日) 12:45 キックオフ,朝鮮大学校,14,金 世諒,MF,68,先発
2026/06/07(日) 12:45 キックオフ,朝鮮大学校,16,高　悠邦,DF,90,先発
2026/06/07(日) 12:45 キックオフ,朝鮮大学校,19,金 亨政,MF,90,先発
2026/06/07(日) 12:45 キックオフ,朝鮮大学校,22,朴　才雄,FW,90,先発
2026/06/07(日) 12:45 キックオフ,朝鮮大学校,25,金　昌希,DF,40,先発
2026/06/07(日) 12:45 キックオフ,朝鮮大学校,27,金　毅昂,MF,68,先発
2026/06/07(日) 12:45 キックオフ,朝鮮大学校,29,鄭 誓華,MF,90,先発
2026/06/07(日) 12:45 キックオフ,朝鮮大学校,2,沈 瑞輝,DF,22,控え
2026/06/07(日) 12:45 キックオフ,朝鮮大学校,7,金 民学,FW,22,控え
2026/06/07(日) 12:45 キックオフ,朝鮮大学校,10,朴 ソラ,MF,50,控え
2026/06/07(日) 12:45 キックオフ,朝鮮大学校,12,金 利優,GK,0,控え
2026/06/07(日) 12:45 キックオフ,朝鮮大学校,13,柳　相在,MF,22,控え
2026/06/07(日) 12:45 キックオフ,朝鮮大学校,21,朴　創嶺,MF,0,控え
2026/06/07(日) 12:45 キックオフ,朝鮮大学校,23,チョ ヘフィ,MF,0,控え
2026/06/07(日) 16:00 キックオフ,上智大学,1,藤田　大輝,GK,90,先発
2026/06/07(日) 16:00 キックオフ,上智大学,19,湯浦　崇斗,DF,90,先発
2026/06/07(日) 16:00 キックオフ,上智大学,97,須田　悠斗,DF,90,先発
2026/06/07(日) 16:00 キックオフ,上智大学,3,松本　和輝,DF,90,先発
2026/06/07(日) 16:00 キックオフ,上智大学,33,村田　幸基,DF,70,先発
2026/06/07(日) 16:00 キックオフ,上智大学,81,福尾　涼太,MF,83,先発
2026/06/07(日) 16:00 キックオフ,上智大学,6,荒川　哲平,MF,90,先発
2026/06/07(日) 16:00 キックオフ,上智大学,44,山崎　颯介,MF,90,先発
2026/06/07(日) 16:00 キックオフ,上智大学,8,福島　広大,MF,78,先発
2026/06/07(日) 16:00 キックオフ,上智大学,10,塙　　仁成,MF,89,先発
2026/06/07(日) 16:00 キックオフ,上智大学,9,田中　佑樹,FW,90,先発
2026/06/07(日) 16:00 キックオフ,上智大学,20,川島　晴空,DF,0,控え
2026/06/07(日) 16:00 キックオフ,上智大学,26,宇野　伶,DF,0,控え
2026/06/07(日) 16:00 キックオフ,上智大学,38,瀧川　廉,DF,0,控え
2026/06/07(日) 16:00 キックオフ,上智大学,11,笠原　真尋,MF,0,控え
2026/06/07(日) 16:00 キックオフ,上智大学,17,白坂　航大,MF,7,控え
2026/06/07(日) 16:00 キックオフ,上智大学,32,堀江　風雅,MF,20,控え
2026/06/07(日) 16:00 キックオフ,上智大学,48,岩永　悠杜,FW,0,控え
2026/06/07(日) 16:00 キックオフ,上智大学,35,大西　十和,FW,12,控え
2026/06/07(日) 16:00 キックオフ,上智大学,80,大島　千虎,FW,1,控え
2026/06/07(日) 16:00 キックオフ,玉川大学,16,今村　光汰,GK,90,先発
2026/06/07(日) 16:00 キックオフ,玉川大学,3,信賀　有希,DF,90,先発
2026/06/07(日) 16:00 キックオフ,玉川大学,5,松井　琢磨,DF,90,先発
2026/06/07(日) 16:00 キックオフ,玉川大学,27,楠山　奈音,DF,90,先発
2026/06/07(日) 16:00 キックオフ,玉川大学,36,上野　湊,DF,90,先発
2026/06/07(日) 16:00 キックオフ,玉川大学,15,丸尾　航琉,DF,70,先発
2026/06/07(日) 16:00 キックオフ,玉川大学,14,林　雄琉,MF,90,先発
2026/06/07(日) 16:00 キックオフ,玉川大学,23,國本　純成,MF,75,先発
2026/06/07(日) 16:00 キックオフ,玉川大学,26,杉山　和勢,MF,90,先発
2026/06/07(日) 16:00 キックオフ,玉川大学,18,佐久間　駿喜,FW,75,先発
2026/06/07(日) 16:00 キックオフ,玉川大学,24,前田　陽平,MF,90,先発
2026/06/07(日) 16:00 キックオフ,玉川大学,1,大熊　大輔,GK,0,控え
2026/06/07(日) 16:00 キックオフ,玉川大学,9,島　任平,DF,20,控え
2026/06/07(日) 16:00 キックオフ,玉川大学,34,坂本　佳晴,MF,0,控え
2026/06/07(日) 16:00 キックオフ,玉川大学,19,国谷　康太,FW,15,控え
2026/06/07(日) 16:00 キックオフ,玉川大学,22,歳森　杏介,MF,15,控え
2026/06/07(日) 16:00 キックオフ,玉川大学,37,清水　彩生,DF,0,控え
2026/06/07(日) 17:00 キックオフ,帝京大学,1,佐藤 翔,GK,90,先発
2026/06/07(日) 17:00 キックオフ,帝京大学,3,船木 匡太朗,DF,90,先発
2026/06/07(日) 17:00 キックオフ,帝京大学,8,桒原 一斗,MF,72,先発
2026/06/07(日) 17:00 キックオフ,帝京大学,13,沢 柊斗,MF,62,先発
2026/06/07(日) 17:00 キックオフ,帝京大学,14,藤田 晴,FW,90,先発
2026/06/07(日) 17:00 キックオフ,帝京大学,16,池内 優介,DF,90,先発
2026/06/07(日) 17:00 キックオフ,帝京大学,17,當間 晴琉,DF,45,先発
2026/06/07(日) 17:00 キックオフ,帝京大学,32,矢野　琉瑚,DF,90,先発
2026/06/07(日) 17:00 キックオフ,帝京大学,35,古村　大和,DF,45,先発
2026/06/07(日) 17:00 キックオフ,帝京大学,36,茂木　勇樹,MF,85,先発
2026/06/07(日) 17:00 キックオフ,帝京大学,40,田中　菱,DF,90,先発
2026/06/07(日) 17:00 キックオフ,帝京大学,5,小林 侑希,DF,0,控え
2026/06/07(日) 17:00 キックオフ,帝京大学,6,近江 智哉,MF,18,控え
2026/06/07(日) 17:00 キックオフ,帝京大学,9,緒方 快青,MF,45,控え
2026/06/07(日) 17:00 キックオフ,帝京大学,12,牧野 長太朗,GK,0,控え
2026/06/07(日) 17:00 キックオフ,帝京大学,26,桾澤 琢太,MF,5,控え
2026/06/07(日) 17:00 キックオフ,帝京大学,38,栗田　遼真,DF,45,控え
2026/06/07(日) 17:00 キックオフ,帝京大学,39,本間　竜有,DF,28,控え
2026/06/07(日) 17:00 キックオフ,桜美林大学,5,高井　翔麻,DF,90,先発
2026/06/07(日) 17:00 キックオフ,桜美林大学,6,吉川　遥人,MF,90,先発
2026/06/07(日) 17:00 キックオフ,桜美林大学,7,佐藤　天真,MF,64,先発
2026/06/07(日) 17:00 キックオフ,桜美林大学,15,大崎　陽斗,DF,90,先発
2026/06/07(日) 17:00 キックオフ,桜美林大学,21,菊地　琉世,MF,90,先発
2026/06/07(日) 17:00 キックオフ,桜美林大学,22,高橋　陽翔,DF,90,先発
2026/06/07(日) 17:00 キックオフ,桜美林大学,25,大成　春斗,FW,90,先発
2026/06/07(日) 17:00 キックオフ,桜美林大学,44,堀江　響希,DF,90,先発
2026/06/07(日) 17:00 キックオフ,桜美林大学,88,山本　陵聖,DF,90,先発
2026/06/07(日) 17:00 キックオフ,桜美林大学,90,三治　陽空,GK,90,先発
2026/06/07(日) 17:00 キックオフ,桜美林大学,96,木村　恵真,MF,80,先発
2026/06/07(日) 17:00 キックオフ,桜美林大学,9,斎藤　翔太,MF,0,控え
2026/06/07(日) 17:00 キックオフ,桜美林大学,14,田名部　勇,MF,10,控え
2026/06/07(日) 17:00 キックオフ,桜美林大学,20,倉橋　正吾,FW,0,控え
2026/06/07(日) 17:00 キックオフ,桜美林大学,23,和田　倖輔,MF,0,控え
2026/06/07(日) 17:00 キックオフ,桜美林大学,29,松並木 　梁仁,DF,0,控え
2026/06/07(日) 17:00 キックオフ,桜美林大学,31,牧野　歩,DF,0,控え
2026/06/07(日) 17:00 キックオフ,桜美林大学,41,尾﨑　克蔵,GK,0,控え
2026/06/07(日) 17:00 キックオフ,桜美林大学,67,細谷　隼生,DF,26,控え
2026/06/07(日) 17:00 キックオフ,桜美林大学,68,三浦　瑠恩,MF,0,控え
2026/06/14(日) 10:00 キックオフ,神奈川工科大学（神奈川県）,30,大久保　陸翔,GK,90,先発
2026/06/14(日) 10:00 キックオフ,神奈川工科大学（神奈川県）,2,菅原　颯太郎,DF,90,先発
2026/06/14(日) 10:00 キックオフ,神奈川工科大学（神奈川県）,4,吉田　太陽,DF,90,先発
2026/06/14(日) 10:00 キックオフ,神奈川工科大学（神奈川県）,15,林　晃希,DF,90,先発
2026/06/14(日) 10:00 キックオフ,神奈川工科大学（神奈川県）,29,常盤　啓太,DF,90,先発
2026/06/14(日) 10:00 キックオフ,神奈川工科大学（神奈川県）,7,小林　優介,MF,90,先発
2026/06/14(日) 10:00 キックオフ,神奈川工科大学（神奈川県）,10,小林　暢,MF,27,先発
2026/06/14(日) 10:00 キックオフ,神奈川工科大学（神奈川県）,13,齊藤　大翔,MF,76,先発
2026/06/14(日) 10:00 キックオフ,神奈川工科大学（神奈川県）,25,和田　岳空,MF,61,先発
2026/06/14(日) 10:00 キックオフ,神奈川工科大学（神奈川県）,9,功刀　崇斗,FW,86,先発
2026/06/14(日) 10:00 キックオフ,神奈川工科大学（神奈川県）,19,脇屋　颯人,FW,66,先発
2026/06/14(日) 10:00 キックオフ,神奈川工科大学（神奈川県）,16,牛山　航,GK,0,控え
2026/06/14(日) 10:00 キックオフ,神奈川工科大学（神奈川県）,11,平田　竜誠,DF,24,控え
2026/06/14(日) 10:00 キックオフ,神奈川工科大学（神奈川県）,5,橋本　晃進,MF,4,控え
2026/06/14(日) 10:00 キックオフ,神奈川工科大学（神奈川県）,6,石塚　快,MF,0,控え
2026/06/14(日) 10:00 キックオフ,神奈川工科大学（神奈川県）,8,春原　	哲汰,MF,63,控え
2026/06/14(日) 10:00 キックオフ,神奈川工科大学（神奈川県）,27,宮代　匠,MF,14,控え
2026/06/14(日) 10:00 キックオフ,神奈川工科大学（神奈川県）,18,前原　海聖,FW,29,控え
2026/06/14(日) 10:00 キックオフ,大東文化大学,1,清水　　天斗,GK,90,先発
2026/06/14(日) 10:00 キックオフ,大東文化大学,27,津田　　楓真,DF,90,先発
2026/06/14(日) 10:00 キックオフ,大東文化大学,46,金子　潤,DF,90,先発
2026/06/14(日) 10:00 キックオフ,大東文化大学,5,池羽　　航輝,DF,90,先発
2026/06/14(日) 10:00 キックオフ,大東文化大学,22,髙野　　広大,DF,90,先発
2026/06/14(日) 10:00 キックオフ,大東文化大学,10,安藤　　稜人,MF,69,先発
2026/06/14(日) 10:00 キックオフ,大東文化大学,88,松本　浩輝,MF,90,先発
2026/06/14(日) 10:00 キックオフ,大東文化大学,80,石神　瞬,MF,90,先発
2026/06/14(日) 10:00 キックオフ,大東文化大学,14,信國　達也,MF,45,先発
2026/06/14(日) 10:00 キックオフ,大東文化大学,43,並木　俊輔,MF,69,先発
2026/06/14(日) 10:00 キックオフ,大東文化大学,29,佐藤　大心,MF,90,先発
2026/06/14(日) 10:00 キックオフ,大東文化大学,12,妹尾　典,GK,0,控え
2026/06/14(日) 10:00 キックオフ,大東文化大学,28,田中　颯人,DF,0,控え
2026/06/14(日) 10:00 キックオフ,大東文化大学,11,舘　颯之介,MF,21,控え
2026/06/14(日) 10:00 キックオフ,大東文化大学,16,栗栖　晴己,MF,0,控え
2026/06/14(日) 10:00 キックオフ,大東文化大学,47,渡辺　浩史,MF,0,控え
2026/06/14(日) 10:00 キックオフ,大東文化大学,19,上田　然,FW,21,控え
2026/06/14(日) 10:00 キックオフ,大東文化大学,13,佐久間　勇斗,MF,45,控え
2026/06/14(日) 10:00 キックオフ,大東文化大学,96,奥田　大翔,FW,0,控え
2026/06/14(日) 10:00 キックオフ,大東文化大学,9,熊田　　裕,MF,0,控え
2026/06/14(日) 10:00 キックオフ,朝鮮大学校,1,金 柱相,GK,90,先発
2026/06/14(日) 10:00 キックオフ,朝鮮大学校,2,沈 瑞輝,DF,42,先発
2026/06/14(日) 10:00 キックオフ,朝鮮大学校,3,李　星琉,DF,90,先発
2026/06/14(日) 10:00 キックオフ,朝鮮大学校,4,金 悠宇,DF,90,先発
2026/06/14(日) 10:00 キックオフ,朝鮮大学校,16,高　悠邦,DF,42,先発
2026/06/14(日) 10:00 キックオフ,朝鮮大学校,19,金 亨政,MF,90,先発
2026/06/14(日) 10:00 キックオフ,朝鮮大学校,22,朴　才雄,MF,90,先発
2026/06/14(日) 10:00 キックオフ,朝鮮大学校,29,鄭 誓華,MF,90,先発
2026/06/14(日) 10:00 キックオフ,朝鮮大学校,9,金 翔元,FW,90,先発
2026/06/14(日) 10:00 キックオフ,朝鮮大学校,11,鄭 泰男,FW,83,先発
2026/06/14(日) 10:00 キックオフ,朝鮮大学校,27,金　毅昂,FW,60,先発
2026/06/14(日) 10:00 キックオフ,朝鮮大学校,12,金 利優,GK,0,控え
2026/06/14(日) 10:00 キックオフ,朝鮮大学校,5,愼 昌樹,DF,0,控え
2026/06/14(日) 10:00 キックオフ,朝鮮大学校,6,姜 正晃,MF,48,控え
2026/06/14(日) 10:00 キックオフ,朝鮮大学校,10,朴 ソラ,MF,7,控え
2026/06/14(日) 10:00 キックオフ,朝鮮大学校,13,柳　相在,MF,0,控え
2026/06/14(日) 10:00 キックオフ,朝鮮大学校,21,朴　創嶺,MF,30,控え
2026/06/14(日) 10:00 キックオフ,朝鮮大学校,23,チョ ヘフィ,MF,48,控え
2026/06/14(日) 10:00 キックオフ,朝鮮大学校,7,金 民学,FW,0,控え
2026/06/14(日) 10:00 キックオフ,朝鮮大学校,14,金 世諒,MF,0,控え
2026/06/14(日) 10:00 キックオフ,武蔵大学,31,湯浅　世琉亜,GK,90,先発
2026/06/14(日) 10:00 キックオフ,武蔵大学,3,中嶋　惇仁,DF,61,先発
2026/06/14(日) 10:00 キックオフ,武蔵大学,19,加藤　大聖,DF,90,先発
2026/06/14(日) 10:00 キックオフ,武蔵大学,22,水越　大心,MF,90,先発
2026/06/14(日) 10:00 キックオフ,武蔵大学,28,藤田　和,MF,90,先発
2026/06/14(日) 10:00 キックオフ,武蔵大学,8,中里　春輝,DF,70,先発
2026/06/14(日) 10:00 キックオフ,武蔵大学,11,田辺　伊吹,FW,90,先発
2026/06/14(日) 10:00 キックオフ,武蔵大学,33,宇野　大稀,MF,90,先発
2026/06/14(日) 10:00 キックオフ,武蔵大学,45,寺田　聡,MF,90,先発
2026/06/14(日) 10:00 キックオフ,武蔵大学,47,廣井　悠真,FW,83,先発
2026/06/14(日) 10:00 キックオフ,武蔵大学,12,川口　陽誠,FW,77,先発
2026/06/14(日) 10:00 キックオフ,武蔵大学,21,神田　謙二郎,GK,0,控え
2026/06/14(日) 10:00 キックオフ,武蔵大学,2,久保田　琳,DF,29,控え
2026/06/14(日) 10:00 キックオフ,武蔵大学,13,藤倉　空知,MF,0,控え
2026/06/14(日) 10:00 キックオフ,武蔵大学,15,柳澤　広喜,MF,0,控え
2026/06/14(日) 10:00 キックオフ,武蔵大学,37,関口　陽大,MF,0,控え
2026/06/14(日) 10:00 キックオフ,武蔵大学,40,泉谷　俊,MF,0,控え
2026/06/14(日) 10:00 キックオフ,武蔵大学,49,宮本　理央,MF,13,控え
2026/06/14(日) 10:00 キックオフ,武蔵大学,50,甲斐田　裕大,MF,20,控え
2026/06/14(日) 10:00 キックオフ,武蔵大学,10,森田　蓮人,FW,7,控え
2026/06/14(日) 12:45 キックオフ,日本大学文理学部,1,磯貝 仁斗,GK,90,先発
2026/06/14(日) 12:45 キックオフ,日本大学文理学部,2,横山 聡大,DF,90,先発
2026/06/14(日) 12:45 キックオフ,日本大学文理学部,3,北村 翼,DF,90,先発
2026/06/14(日) 12:45 キックオフ,日本大学文理学部,6,大塚 逢祥,MF,90,先発
2026/06/14(日) 12:45 キックオフ,日本大学文理学部,10,城田 優,MF,90,先発
2026/06/14(日) 12:45 キックオフ,日本大学文理学部,14,葛西 由晏,MF,90,先発
2026/06/14(日) 12:45 キックオフ,日本大学文理学部,25,間 琥太朗,DF,90,先発
2026/06/14(日) 12:45 キックオフ,日本大学文理学部,27,井之上　悠,FW,79,先発
2026/06/14(日) 12:45 キックオフ,日本大学文理学部,37,清水 佑,DF,16,先発
2026/06/14(日) 12:45 キックオフ,日本大学文理学部,46,鈴木 堅斗,MF,61,先発
2026/06/14(日) 12:45 キックオフ,日本大学文理学部,93,小川 寧大,DF,90,先発
2026/06/14(日) 12:45 キックオフ,日本大学文理学部,91,嶋﨑 寛大,GK,0,控え
2026/06/14(日) 12:45 キックオフ,日本大学文理学部,33,渋谷 竜聖,DF,74,控え
2026/06/14(日) 12:45 キックオフ,日本大学文理学部,24,川口 友作,MF,0,控え
2026/06/14(日) 12:45 キックオフ,日本大学文理学部,31,伊東　拓海,MF,0,控え
2026/06/14(日) 12:45 キックオフ,日本大学文理学部,65,千葉　海斗,MF,0,控え
2026/06/14(日) 12:45 キックオフ,日本大学文理学部,11,矢田 涼太郎,FW,0,控え
2026/06/14(日) 12:45 キックオフ,日本大学文理学部,18,中村 陶冶,FW,0,控え
2026/06/14(日) 12:45 キックオフ,日本大学文理学部,28,谷口 莉都,FW,11,控え
2026/06/14(日) 12:45 キックオフ,日本大学文理学部,9,遠田 凌,FW,29,控え
2026/06/14(日) 12:45 キックオフ,横浜国立大学（神奈川県）,1,神山　洋輝,GK,90,先発
2026/06/14(日) 12:45 キックオフ,横浜国立大学（神奈川県）,3,髙木　直,MF,90,先発
2026/06/14(日) 12:45 キックオフ,横浜国立大学（神奈川県）,5,大西　遼久,DF,90,先発
2026/06/14(日) 12:45 キックオフ,横浜国立大学（神奈川県）,7,立入　光記,MF,90,先発
2026/06/14(日) 12:45 キックオフ,横浜国立大学（神奈川県）,8,小宮　昂大,MF,90,先発
2026/06/14(日) 12:45 キックオフ,横浜国立大学（神奈川県）,10,原子　泰地,FW,90,先発
2026/06/14(日) 12:45 キックオフ,横浜国立大学（神奈川県）,13,竹中　暖喜,DF,90,先発
2026/06/14(日) 12:45 キックオフ,横浜国立大学（神奈川県）,15,櫻井　恵太,MF,90,先発
2026/06/14(日) 12:45 キックオフ,横浜国立大学（神奈川県）,26,加藤　士門,FW,35,先発
2026/06/14(日) 12:45 キックオフ,横浜国立大学（神奈川県）,28,田邉　快斗,DF,90,先発
2026/06/14(日) 12:45 キックオフ,横浜国立大学（神奈川県）,36,井上　愛翔,MF,90,先発
2026/06/14(日) 12:45 キックオフ,横浜国立大学（神奈川県）,6,渡邊　元気,MF,0,控え
2026/06/14(日) 12:45 キックオフ,横浜国立大学（神奈川県）,9,篠崎　開惺,FW,0,控え
2026/06/14(日) 12:45 キックオフ,横浜国立大学（神奈川県）,11,島田　健央,FW,0,控え
2026/06/14(日) 12:45 キックオフ,横浜国立大学（神奈川県）,23,川岸　幹太,DF,0,控え
2026/06/14(日) 12:45 キックオフ,横浜国立大学（神奈川県）,27,菊地　海凪,MF,0,控え
2026/06/14(日) 12:45 キックオフ,横浜国立大学（神奈川県）,32,馬塲　快,GK,0,控え
2026/06/14(日) 12:45 キックオフ,横浜国立大学（神奈川県）,33,中村　朗莞,FW,55,控え
2026/06/14(日) 12:45 キックオフ,横浜国立大学（神奈川県）,34,長谷川　舜,MF,0,控え
2026/06/14(日) 12:45 キックオフ,横浜国立大学（神奈川県）,37,佐々木　統羽,MF,0,控え
2026/06/14(日) 14:50 キックオフ,桜美林大学,90,三治　陽空,GK,90,先発
2026/06/14(日) 14:50 キックオフ,桜美林大学,5,高井　翔麻,DF,90,先発
2026/06/14(日) 14:50 キックオフ,桜美林大学,15,大崎　陽斗,DF,67,先発
2026/06/14(日) 14:50 キックオフ,桜美林大学,44,堀江　響希,DF,90,先発
2026/06/14(日) 14:50 キックオフ,桜美林大学,88,山本　陵聖,DF,90,先発
2026/06/14(日) 14:50 キックオフ,桜美林大学,22,高橋　陽翔,DF,90,先発
2026/06/14(日) 14:50 キックオフ,桜美林大学,6,吉川　遥人,MF,90,先発
2026/06/14(日) 14:50 キックオフ,桜美林大学,21,菊地　琉世,MF,90,先発
2026/06/14(日) 14:50 キックオフ,桜美林大学,7,佐藤　天真,MF,67,先発
2026/06/14(日) 14:50 キックオフ,桜美林大学,96,木村　恵真,MF,76,先発
2026/06/14(日) 14:50 キックオフ,桜美林大学,25,大成　春斗,FW,70,先発
2026/06/14(日) 14:50 キックオフ,桜美林大学,41,尾﨑　克蔵,GK,0,控え
2026/06/14(日) 14:50 キックオフ,桜美林大学,20,倉橋　正吾,FW,20,控え
2026/06/14(日) 14:50 キックオフ,桜美林大学,18,佐藤　璃央,MF,0,控え
2026/06/14(日) 14:50 キックオフ,桜美林大学,9,斎藤　翔太,MF,23,控え
2026/06/14(日) 14:50 キックオフ,桜美林大学,14,田名部　勇,MF,14,控え
2026/06/14(日) 14:50 キックオフ,桜美林大学,68,三浦　瑠恩,MF,23,控え
2026/06/14(日) 14:50 キックオフ,桜美林大学,36,菊地　勝斗,MF,0,控え
2026/06/14(日) 14:50 キックオフ,桜美林大学,49,梅本　高虎,DF,0,控え
2026/06/14(日) 14:50 キックオフ,桜美林大学,31,牧野　歩,DF,0,控え
2026/06/14(日) 14:50 キックオフ,上智大学,1,藤田　大輝,GK,90,先発
2026/06/14(日) 14:50 キックオフ,上智大学,19,湯浦　崇斗,DF,90,先発
2026/06/14(日) 14:50 キックオフ,上智大学,97,須田　悠斗,DF,90,先発
2026/06/14(日) 14:50 キックオフ,上智大学,3,松本　和輝,DF,90,先発
2026/06/14(日) 14:50 キックオフ,上智大学,33,村田　幸基,DF,90,先発
2026/06/14(日) 14:50 キックオフ,上智大学,81,福尾　涼太,MF,85,先発
2026/06/14(日) 14:50 キックオフ,上智大学,6,荒川　哲平,MF,90,先発
2026/06/14(日) 14:50 キックオフ,上智大学,44,山崎　颯介,MF,90,先発
2026/06/14(日) 14:50 キックオフ,上智大学,8,福島　広大,MF,66,先発
2026/06/14(日) 14:50 キックオフ,上智大学,10,塙　　仁成,MF,90,先発
2026/06/14(日) 14:50 キックオフ,上智大学,9,田中　佑樹,FW,79,先発
2026/06/14(日) 14:50 キックオフ,上智大学,20,川島　晴空,DF,0,控え
2026/06/14(日) 14:50 キックオフ,上智大学,4,須藤　智洋,DF,0,控え
2026/06/14(日) 14:50 キックオフ,上智大学,26,宇野　伶,DF,0,控え
2026/06/14(日) 14:50 キックオフ,上智大学,11,笠原　真尋,MF,0,控え
2026/06/14(日) 14:50 キックオフ,上智大学,17,白坂　航大,MF,0,控え
2026/06/14(日) 14:50 キックオフ,上智大学,32,堀江　風雅,MF,5,控え
2026/06/14(日) 14:50 キックオフ,上智大学,48,岩永　悠杜,FW,11,控え
2026/06/14(日) 14:50 キックオフ,上智大学,35,大西　十和,FW,24,控え
2026/06/14(日) 14:50 キックオフ,上智大学,80,大島　千虎,FW,0,控え
2026/06/14(日) 16:00 キックオフ,玉川大学,16,今村　光汰,GK,90,先発
2026/06/14(日) 16:00 キックオフ,玉川大学,3,信賀　有希,DF,90,先発
2026/06/14(日) 16:00 キックオフ,玉川大学,15,丸尾　航琉,DF,90,先発
2026/06/14(日) 16:00 キックオフ,玉川大学,37,清水　彩生,DF,90,先発
2026/06/14(日) 16:00 キックオフ,玉川大学,36,上野　湊,DF,45,先発
2026/06/14(日) 16:00 キックオフ,玉川大学,5,松井　琢磨,DF,45,先発
2026/06/14(日) 16:00 キックオフ,玉川大学,26,杉山　和勢,MF,90,先発
2026/06/14(日) 16:00 キックオフ,玉川大学,14,林　雄琉,MF,59,先発
2026/06/14(日) 16:00 キックオフ,玉川大学,23,國本　純成,MF,90,先発
2026/06/14(日) 16:00 キックオフ,玉川大学,18,佐久間　駿喜,FW,59,先発
2026/06/14(日) 16:00 キックオフ,玉川大学,24,前田　陽平,MF,67,先発
2026/06/14(日) 16:00 キックオフ,玉川大学,1,大熊　大輔,GK,0,控え
2026/06/14(日) 16:00 キックオフ,玉川大学,9,島　任平,DF,45,控え
2026/06/14(日) 16:00 キックオフ,玉川大学,34,坂本　佳晴,MF,23,控え
2026/06/14(日) 16:00 キックオフ,玉川大学,19,国谷　康太,FW,31,控え
2026/06/14(日) 16:00 キックオフ,玉川大学,28,北村　瑞,DF,45,控え
2026/06/14(日) 16:00 キックオフ,玉川大学,22,歳森　杏介,MF,31,控え
2026/06/14(日) 16:00 キックオフ,学習院大学,1,若尾　林太朗,GK,90,先発
2026/06/14(日) 16:00 キックオフ,学習院大学,3,中川　賢人,DF,90,先発
2026/06/14(日) 16:00 キックオフ,学習院大学,5,小林　恭輔,DF,90,先発
2026/06/14(日) 16:00 キックオフ,学習院大学,26,西山   康惺,DF,90,先発
2026/06/14(日) 16:00 キックオフ,学習院大学,7,児島　巧海,MF,90,先発
2026/06/14(日) 16:00 キックオフ,学習院大学,10,小林　千紘,MF,90,先発
2026/06/14(日) 16:00 キックオフ,学習院大学,11,渡辺　創士,MF,90,先発
2026/06/14(日) 16:00 キックオフ,学習院大学,16,藤井　冬威,MF,90,先発
2026/06/14(日) 16:00 キックオフ,学習院大学,27,山田   惟斗,MF,74,先発
2026/06/14(日) 16:00 キックオフ,学習院大学,28,加藤   大毅,MF,90,先発
2026/06/14(日) 16:00 キックオフ,学習院大学,20,北林　星七,FW,90,先発
2026/06/14(日) 16:00 キックオフ,学習院大学,12,加藤   俐功,GK,0,控え
2026/06/14(日) 16:00 キックオフ,学習院大学,19,河村　熙玲,DF,0,控え
2026/06/14(日) 16:00 キックオフ,学習院大学,24,柳澤　和希,DF,0,控え
2026/06/14(日) 16:00 キックオフ,学習院大学,25,西村　藍斗,DF,0,控え
2026/06/14(日) 16:00 キックオフ,学習院大学,14,佐藤　友樹,MF,0,控え
2026/06/14(日) 16:00 キックオフ,学習院大学,22,柴田　佳輝,MF,0,控え
2026/06/14(日) 16:00 キックオフ,学習院大学,29,端谷   蓮,MF,0,控え
2026/06/14(日) 16:00 キックオフ,学習院大学,17,原　壮太,FW,16,控え
2026/06/14(日) 16:00 キックオフ,学習院大学,32,岡本   惇之介,FW,0,控え
2026/07/04(土) 17:00 キックオフ,東京経済大学,12,中村　裕大,GK,90,先発
2026/07/04(土) 17:00 キックオフ,東京経済大学,3,古澤　友麻,MF,90,先発
2026/07/04(土) 17:00 キックオフ,東京経済大学,5,内田　雄真,DF,90,先発
2026/07/04(土) 17:00 キックオフ,東京経済大学,6,松井　一晟,DF,90,先発
2026/07/04(土) 17:00 キックオフ,東京経済大学,27,川畑　宇輝,DF,45,先発
2026/07/04(土) 17:00 キックオフ,東京経済大学,7,大塚　恭生,MF,90,先発
2026/07/04(土) 17:00 キックオフ,東京経済大学,10,伊崎　耕紀,MF,90,先発
2026/07/04(土) 17:00 キックオフ,東京経済大学,16,村松　晴登,MF,87,先発
2026/07/04(土) 17:00 キックオフ,東京経済大学,17,吉儀　大,MF,90,先発
2026/07/04(土) 17:00 キックオフ,東京経済大学,31,市川　聖龍,MF,90,先発
2026/07/04(土) 17:00 キックオフ,東京経済大学,33,細田　康貴,MF,71,先発
2026/07/04(土) 17:00 キックオフ,東京経済大学,22,村野　　大輝,GK,0,控え
2026/07/04(土) 17:00 キックオフ,東京経済大学,4,北林　嶺,DF,3,控え
2026/07/04(土) 17:00 キックオフ,東京経済大学,24,川村　大樹,DF,45,控え
2026/07/04(土) 17:00 キックオフ,東京経済大学,13,宮﨑　悠斗,MF,0,控え
2026/07/04(土) 17:00 キックオフ,東京経済大学,19,山田　士雄,MF,0,控え
2026/07/04(土) 17:00 キックオフ,東京経済大学,21,古垣　大樹,MF,0,控え
2026/07/04(土) 17:00 キックオフ,東京経済大学,34,田中　大智,MF,0,控え
2026/07/04(土) 17:00 キックオフ,東京経済大学,15,久保寺　壱晟,FW,19,控え
2026/07/04(土) 17:00 キックオフ,帝京大学,1,佐藤 翔,GK,90,先発
2026/07/04(土) 17:00 キックオフ,帝京大学,2,松本 大地,DF,90,先発
2026/07/04(土) 17:00 キックオフ,帝京大学,3,船木 匡太朗,DF,90,先発
2026/07/04(土) 17:00 キックオフ,帝京大学,32,矢野　琉瑚,DF,90,先発
2026/07/04(土) 17:00 キックオフ,帝京大学,40,田中　菱,DF,90,先発
2026/07/04(土) 17:00 キックオフ,帝京大学,8,桒原 一斗,MF,62,先発
2026/07/04(土) 17:00 キックオフ,帝京大学,9,緒方 快青,MF,71,先発
2026/07/04(土) 17:00 キックオフ,帝京大学,11,渡辺 結心,MF,41,先発
2026/07/04(土) 17:00 キックオフ,帝京大学,13,沢 柊斗,MF,62,先発
2026/07/04(土) 17:00 キックオフ,帝京大学,26,桾澤 琢太,MF,90,先発
2026/07/04(土) 17:00 キックオフ,帝京大学,14,藤田 晴,FW,85,先発
2026/07/04(土) 17:00 キックオフ,帝京大学,12,牧野 長太朗,GK,0,控え
2026/07/04(土) 17:00 キックオフ,帝京大学,4,福平 太一,DF,0,控え
2026/07/04(土) 17:00 キックオフ,帝京大学,6,近江 智哉,MF,28,控え
2026/07/04(土) 17:00 キックオフ,帝京大学,16,池内 優介,DF,28,控え
2026/07/04(土) 17:00 キックオフ,帝京大学,17,當間 晴琉,DF,49,控え
2026/07/04(土) 17:00 キックオフ,帝京大学,18,野田 侑聖,MF,0,控え
2026/07/04(土) 17:00 キックオフ,帝京大学,25,山下 翔世,DF,0,控え
2026/07/04(土) 17:00 キックオフ,帝京大学,35,古村　大和,DF,19,控え
2026/07/04(土) 17:00 キックオフ,帝京大学,44,加藤　慧,FW,5,控え
2026/06/20(土) 12:45 キックオフ,横浜国立大学（神奈川県）,1,神山　洋輝,GK,90,先発
2026/06/20(土) 12:45 キックオフ,横浜国立大学（神奈川県）,5,大西　遼久,DF,90,先発
2026/06/20(土) 12:45 キックオフ,横浜国立大学（神奈川県）,7,立入　光記,MF,90,先発
2026/06/20(土) 12:45 キックオフ,横浜国立大学（神奈川県）,8,小宮　昂大,MF,90,先発
2026/06/20(土) 12:45 キックオフ,横浜国立大学（神奈川県）,10,原子　泰地,FW,90,先発
2026/06/20(土) 12:45 キックオフ,横浜国立大学（神奈川県）,11,島田　健央,FW,68,先発
2026/06/20(土) 12:45 キックオフ,横浜国立大学（神奈川県）,13,竹中　暖喜,DF,87,先発
2026/06/20(土) 12:45 キックオフ,横浜国立大学（神奈川県）,15,櫻井　恵太,MF,62,先発
2026/06/20(土) 12:45 キックオフ,横浜国立大学（神奈川県）,28,田邉　快斗,DF,90,先発
2026/06/20(土) 12:45 キックオフ,横浜国立大学（神奈川県）,36,井上　愛翔,MF,90,先発
2026/06/20(土) 12:45 キックオフ,横浜国立大学（神奈川県）,37,佐々木　統羽,MF,90,先発
2026/06/20(土) 12:45 キックオフ,横浜国立大学（神奈川県）,9,篠崎　開惺,FW,22,控え
2026/06/20(土) 12:45 キックオフ,横浜国立大学（神奈川県）,17,小川　和真,FW,0,控え
2026/06/20(土) 12:45 キックオフ,横浜国立大学（神奈川県）,19,森下　優之心,DF,9,控え
2026/06/20(土) 12:45 キックオフ,横浜国立大学（神奈川県）,23,川岸　幹太,DF,0,控え
2026/06/20(土) 12:45 キックオフ,横浜国立大学（神奈川県）,32,馬塲　快,GK,0,控え
2026/06/20(土) 12:45 キックオフ,横浜国立大学（神奈川県）,34,長谷川　舜,MF,3,控え
2026/06/20(土) 12:45 キックオフ,横浜国立大学（神奈川県）,38,石榑　悠人,FW,0,控え
2026/06/20(土) 12:45 キックオフ,横浜国立大学（神奈川県）,27,菊地　海凪,MF,0,控え
2026/06/20(土) 12:45 キックオフ,横浜国立大学（神奈川県）,33,中村　朗莞,FW,28,控え
2026/06/20(土) 12:45 キックオフ,玉川大学,3,信賀　有希,DF,90,先発
2026/06/20(土) 12:45 キックオフ,玉川大学,14,林　雄琉,MF,65,先発
2026/06/20(土) 12:45 キックオフ,玉川大学,15,丸尾　航琉,DF,38,先発
2026/06/20(土) 12:45 キックオフ,玉川大学,16,今村　光汰,GK,90,先発
2026/06/20(土) 12:45 キックオフ,玉川大学,22,歳森　杏介,MF,89,先発
2026/06/20(土) 12:45 キックオフ,玉川大学,23,國本　純成,MF,90,先発
2026/06/20(土) 12:45 キックオフ,玉川大学,26,杉山　和勢,MF,90,先発
2026/06/20(土) 12:45 キックオフ,玉川大学,27,楠山　奈音,DF,91,先発
2026/06/20(土) 12:45 キックオフ,玉川大学,34,坂本　佳晴,MF,72,先発
2026/06/20(土) 12:45 キックオフ,玉川大学,36,上野　湊,DF,90,先発
2026/06/20(土) 12:45 キックオフ,玉川大学,37,清水　彩生,DF,90,先発
2026/06/20(土) 12:45 キックオフ,玉川大学,1,大熊　大輔,GK,0,控え
2026/06/20(土) 12:45 キックオフ,玉川大学,5,松井　琢磨,DF,0,控え
2026/06/20(土) 12:45 キックオフ,玉川大学,9,島　任平,DF,52,控え
2026/06/20(土) 12:45 キックオフ,玉川大学,11,中村　隼人,MF,0,控え
2026/06/20(土) 12:45 キックオフ,玉川大学,18,佐久間　駿喜,FW,18,控え
2026/06/20(土) 12:45 キックオフ,玉川大学,28,北村　瑞,DF,0,控え
2026/06/20(土) 12:45 キックオフ,玉川大学,49,鈴木ペドロ　知一郎,FW,1,控え
2026/06/20(土) 12:45 キックオフ,玉川大学,52,藤原　志宇,MF,25,控え
2026/06/20(土) 17:00 キックオフ,上智大学,1,藤田　大輝,GK,90,先発
2026/06/20(土) 17:00 キックオフ,上智大学,97,須田　悠斗,DF,87,先発
2026/06/20(土) 17:00 キックオフ,上智大学,3,松本　和輝,DF,90,先発
2026/06/20(土) 17:00 キックオフ,上智大学,33,村田　幸基,DF,90,先発
2026/06/20(土) 17:00 キックオフ,上智大学,44,山崎　颯介,MF,90,先発
2026/06/20(土) 17:00 キックオフ,上智大学,19,湯浦　崇斗,DF,78,先発
2026/06/20(土) 17:00 キックオフ,上智大学,6,荒川　哲平,MF,90,先発
2026/06/20(土) 17:00 キックオフ,上智大学,81,福尾　涼太,MF,58,先発
2026/06/20(土) 17:00 キックオフ,上智大学,8,福島　広大,MF,72,先発
2026/06/20(土) 17:00 キックオフ,上智大学,10,塙　　仁成,MF,90,先発
2026/06/20(土) 17:00 キックオフ,上智大学,9,田中　佑樹,FW,83,先発
2026/06/20(土) 17:00 キックオフ,上智大学,20,川島　晴空,DF,0,控え
2026/06/20(土) 17:00 キックオフ,上智大学,4,須藤　智洋,DF,3,控え
2026/06/20(土) 17:00 キックオフ,上智大学,26,宇野　伶,DF,0,控え
2026/06/20(土) 17:00 キックオフ,上智大学,11,笠原　真尋,MF,18,控え
2026/06/20(土) 17:00 キックオフ,上智大学,17,白坂　航大,MF,12,控え
2026/06/20(土) 17:00 キックオフ,上智大学,32,堀江　風雅,MF,0,控え
2026/06/20(土) 17:00 キックオフ,上智大学,48,岩永　悠杜,FW,0,控え
2026/06/20(土) 17:00 キックオフ,上智大学,35,大西　十和,FW,7,控え
2026/06/20(土) 17:00 キックオフ,上智大学,80,大島　千虎,FW,32,控え
2026/06/20(土) 17:00 キックオフ,帝京大学,1,佐藤 翔,GK,90,先発
2026/06/20(土) 17:00 キックオフ,帝京大学,3,船木 匡太朗,DF,90,先発
2026/06/20(土) 17:00 キックオフ,帝京大学,8,桒原 一斗,MF,70,先発
2026/06/20(土) 17:00 キックオフ,帝京大学,9,緒方 快青,MF,69,先発
2026/06/20(土) 17:00 キックオフ,帝京大学,13,沢 柊斗,MF,90,先発
2026/06/20(土) 17:00 キックオフ,帝京大学,17,當間 晴琉,DF,90,先発
2026/06/20(土) 17:00 キックオフ,帝京大学,18,野田 侑聖,MF,60,先発
2026/06/20(土) 17:00 キックオフ,帝京大学,26,桾澤 琢太,MF,80,先発
2026/06/20(土) 17:00 キックオフ,帝京大学,32,矢野　琉瑚,DF,90,先発
2026/06/20(土) 17:00 キックオフ,帝京大学,35,古村　大和,DF,45,先発
2026/06/20(土) 17:00 キックオフ,帝京大学,40,田中　菱,DF,90,先発
2026/06/20(土) 17:00 キックオフ,帝京大学,12,牧野 長太朗,GK,0,控え
2026/06/20(土) 17:00 キックオフ,帝京大学,4,福平 太一,DF,0,控え
2026/06/20(土) 17:00 キックオフ,帝京大学,6,近江 智哉,MF,20,控え
2026/06/20(土) 17:00 キックオフ,帝京大学,14,藤田 晴,FW,45,控え
2026/06/20(土) 17:00 キックオフ,帝京大学,16,池内 優介,DF,30,控え
2026/06/20(土) 17:00 キックオフ,帝京大学,25,山下 翔世,DF,0,控え
2026/06/20(土) 17:00 キックオフ,帝京大学,36,茂木　勇樹,MF,10,控え
2026/06/20(土) 17:00 キックオフ,帝京大学,43,佐々木　貴彬,FW,0,控え
2026/06/20(土) 17:00 キックオフ,帝京大学,44,加藤　慧,FW,21,控え
2026/06/20(土) 18:00 キックオフ,学習院大学,1,若尾　林太朗,GK,90,先発
2026/06/20(土) 18:00 キックオフ,学習院大学,3,中川　賢人,DF,90,先発
2026/06/20(土) 18:00 キックオフ,学習院大学,5,小林　恭輔,DF,90,先発
2026/06/20(土) 18:00 キックオフ,学習院大学,7,児島　巧海,MF,75,先発
2026/06/20(土) 18:00 キックオフ,学習院大学,10,小林　千紘,MF,90,先発
2026/06/20(土) 18:00 キックオフ,学習院大学,11,渡辺　創士,MF,90,先発
2026/06/20(土) 18:00 キックオフ,学習院大学,13,梶　圭朝,DF,90,先発
2026/06/20(土) 18:00 キックオフ,学習院大学,16,藤井　冬威,MF,90,先発
2026/06/20(土) 18:00 キックオフ,学習院大学,20,北林　星七,FW,69,先発
2026/06/20(土) 18:00 キックオフ,学習院大学,27,山田   惟斗,MF,86,先発
2026/06/20(土) 18:00 キックオフ,学習院大学,28,加藤   大毅,MF,90,先発
2026/06/20(土) 18:00 キックオフ,学習院大学,12,加藤   俐功,GK,0,控え
2026/06/20(土) 18:00 キックオフ,学習院大学,17,原　壮太,FW,15,控え
2026/06/20(土) 18:00 キックオフ,学習院大学,19,河村　熙玲,DF,0,控え
2026/06/20(土) 18:00 キックオフ,学習院大学,22,柴田　佳輝,MF,4,控え
2026/06/20(土) 18:00 キックオフ,学習院大学,24,柳澤　和希,DF,0,控え
2026/06/20(土) 18:00 キックオフ,学習院大学,26,西山   康惺,DF,0,控え
2026/06/20(土) 18:00 キックオフ,学習院大学,29,端谷   蓮,MF,0,控え
2026/06/20(土) 18:00 キックオフ,学習院大学,32,岡本   惇之介,FW,21,控え
2026/06/20(土) 18:00 キックオフ,桜美林大学,5,高井　翔麻,DF,90,先発
2026/06/20(土) 18:00 キックオフ,桜美林大学,6,吉川　遥人,MF,90,先発
2026/06/20(土) 18:00 キックオフ,桜美林大学,7,佐藤　天真,MF,77,先発
2026/06/20(土) 18:00 キックオフ,桜美林大学,10,石澤　海陽,FW,90,先発
2026/06/20(土) 18:00 キックオフ,桜美林大学,21,菊地　琉世,MF,90,先発
2026/06/20(土) 18:00 キックオフ,桜美林大学,22,高橋　陽翔,DF,90,先発
2026/06/20(土) 18:00 キックオフ,桜美林大学,25,大成　春斗,FW,86,先発
2026/06/20(土) 18:00 キックオフ,桜美林大学,31,牧野　歩,DF,90,先発
2026/06/20(土) 18:00 キックオフ,桜美林大学,44,堀江　響希,DF,90,先発
2026/06/20(土) 18:00 キックオフ,桜美林大学,90,三治　陽空,GK,90,先発
2026/06/20(土) 18:00 キックオフ,桜美林大学,96,木村　恵真,MF,82,先発
2026/06/20(土) 18:00 キックオフ,桜美林大学,9,斎藤　翔太,MF,8,控え
2026/06/20(土) 18:00 キックオフ,桜美林大学,14,田名部　勇,MF,0,控え
2026/06/20(土) 18:00 キックオフ,桜美林大学,15,大崎　陽斗,DF,0,控え
2026/06/20(土) 18:00 キックオフ,桜美林大学,17,山田 　結互,MF,0,控え
2026/06/20(土) 18:00 キックオフ,桜美林大学,20,倉橋　正吾,FW,4,控え
2026/06/20(土) 18:00 キックオフ,桜美林大学,41,尾﨑　克蔵,GK,0,控え
2026/06/20(土) 18:00 キックオフ,桜美林大学,67,細谷　隼生,DF,13,控え
2026/06/20(土) 18:00 キックオフ,桜美林大学,68,三浦　瑠恩,MF,0,控え
2026/06/20(土) 18:00 キックオフ,桜美林大学,88,山本　陵聖,DF,0,控え
2026/06/21(日) 10:00 キックオフ,朝鮮大学校,1,金 柱相,GK,90,先発
2026/06/21(日) 10:00 キックオフ,朝鮮大学校,3,李　星琉,DF,90,先発
2026/06/21(日) 10:00 キックオフ,朝鮮大学校,4,金 悠宇,DF,90,先発
2026/06/21(日) 10:00 キックオフ,朝鮮大学校,10,朴 ソラ,MF,82,先発
2026/06/21(日) 10:00 キックオフ,朝鮮大学校,16,高　悠邦,DF,90,先発
2026/06/21(日) 10:00 キックオフ,朝鮮大学校,19,金 亨政,MF,90,先発
2026/06/21(日) 10:00 キックオフ,朝鮮大学校,22,朴　才雄,MF,86,先発
2026/06/21(日) 10:00 キックオフ,朝鮮大学校,29,鄭 誓華,MF,90,先発
2026/06/21(日) 10:00 キックオフ,朝鮮大学校,9,金 翔元,FW,86,先発
2026/06/21(日) 10:00 キックオフ,朝鮮大学校,11,鄭 泰男,FW,80,先発
2026/06/21(日) 10:00 キックオフ,朝鮮大学校,27,金　毅昂,FW,63,先発
2026/06/21(日) 10:00 キックオフ,朝鮮大学校,12,金 利優,GK,0,控え
2026/06/21(日) 10:00 キックオフ,朝鮮大学校,2,沈 瑞輝,DF,10,控え
2026/06/21(日) 10:00 キックオフ,朝鮮大学校,5,愼 昌樹,DF,0,控え
2026/06/21(日) 10:00 キックオフ,朝鮮大学校,32,朴　誠潤,DF,0,控え
2026/06/21(日) 10:00 キックオフ,朝鮮大学校,6,姜 正晃,MF,4,控え
2026/06/21(日) 10:00 キックオフ,朝鮮大学校,13,柳　相在,MF,0,控え
2026/06/21(日) 10:00 キックオフ,朝鮮大学校,21,朴　創嶺,MF,27,控え
2026/06/21(日) 10:00 キックオフ,朝鮮大学校,23,チョ ヘフィ,MF,8,控え
2026/06/21(日) 10:00 キックオフ,朝鮮大学校,31,カン　フィヨン,FW,4,控え
2026/06/21(日) 10:00 キックオフ,大東文化大学,31,佐藤　晴翔,GK,90,先発
2026/06/21(日) 10:00 キックオフ,大東文化大学,3,雨宮　　壮汰,DF,90,先発
2026/06/21(日) 10:00 キックオフ,大東文化大学,27,津田　　楓真,DF,63,先発
2026/06/21(日) 10:00 キックオフ,大東文化大学,39,有賀　　大成,DF,45,先発
2026/06/21(日) 10:00 キックオフ,大東文化大学,46,金子　潤,DF,73,先発
2026/06/21(日) 10:00 キックオフ,大東文化大学,10,安藤　　稜人,MF,90,先発
2026/06/21(日) 10:00 キックオフ,大東文化大学,13,佐久間　勇斗,MF,90,先発
2026/06/21(日) 10:00 キックオフ,大東文化大学,80,石神　瞬,MF,90,先発
2026/06/21(日) 10:00 キックオフ,大東文化大学,88,松本　浩輝,MF,45,先発
2026/06/21(日) 10:00 キックオフ,大東文化大学,29,佐藤　大心,MF,90,先発
2026/06/21(日) 10:00 キックオフ,大東文化大学,43,並木　俊輔,MF,63,先発
2026/06/21(日) 10:00 キックオフ,大東文化大学,12,妹尾　典,GK,0,控え
2026/06/21(日) 10:00 キックオフ,大東文化大学,2,猿山　　和輝,DF,27,控え
2026/06/21(日) 10:00 キックオフ,大東文化大学,5,池羽　　航輝,DF,17,控え
2026/06/21(日) 10:00 キックオフ,大東文化大学,8,萩原　　駆,DF,45,控え
2026/06/21(日) 10:00 キックオフ,大東文化大学,16,栗栖　晴己,DF,0,控え
2026/06/21(日) 10:00 キックオフ,大東文化大学,19,上田　然,DF,45,控え
2026/06/21(日) 10:00 キックオフ,大東文化大学,44,宮坂　哲之真,MF,27,控え
2026/06/21(日) 10:00 キックオフ,大東文化大学,9,熊田　　裕,FW,0,控え
2026/06/21(日) 10:00 キックオフ,大東文化大学,96,奥田　大翔,FW,0,控え
2026/06/21(日) 17:00 キックオフ,日本大学文理学部,1,磯貝 仁斗,GK,90,先発
2026/06/21(日) 17:00 キックオフ,日本大学文理学部,2,横山 聡大,DF,90,先発
2026/06/21(日) 17:00 キックオフ,日本大学文理学部,25,間 琥太朗,DF,90,先発
2026/06/21(日) 17:00 キックオフ,日本大学文理学部,33,渋谷 竜聖,DF,69,先発
2026/06/21(日) 17:00 キックオフ,日本大学文理学部,93,小川 寧大,DF,90,先発
2026/06/21(日) 17:00 キックオフ,日本大学文理学部,10,城田 優,MF,90,先発
2026/06/21(日) 17:00 キックオフ,日本大学文理学部,14,葛西 由晏,MF,90,先発
2026/06/21(日) 17:00 キックオフ,日本大学文理学部,31,伊東　拓海,MF,90,先発
2026/06/21(日) 17:00 キックオフ,日本大学文理学部,46,鈴木 堅斗,MF,69,先発
2026/06/21(日) 17:00 キックオフ,日本大学文理学部,11,矢田 涼太郎,FW,82,先発
2026/06/21(日) 17:00 キックオフ,日本大学文理学部,27,井之上　悠,FW,90,先発
2026/06/21(日) 17:00 キックオフ,日本大学文理学部,91,嶋﨑 寛大,GK,0,控え
2026/06/21(日) 17:00 キックオフ,日本大学文理学部,37,清水 佑,DF,21,控え
2026/06/21(日) 17:00 キックオフ,日本大学文理学部,77,新門 一晏,DF,0,控え
2026/06/21(日) 17:00 キックオフ,日本大学文理学部,8,石川　雄大,MF,0,控え
2026/06/21(日) 17:00 キックオフ,日本大学文理学部,71,八木　良祐,MF,0,控え
2026/06/21(日) 17:00 キックオフ,日本大学文理学部,9,遠田 凌,FW,21,控え
2026/06/21(日) 17:00 キックオフ,日本大学文理学部,18,中村 陶冶,FW,0,控え
2026/06/21(日) 17:00 キックオフ,日本大学文理学部,28,谷口 莉都,FW,15,控え
2026/06/21(日) 17:00 キックオフ,日本大学文理学部,29,髙山 周,FW,8,控え
2026/06/21(日) 17:00 キックオフ,武蔵大学,31,湯浅　世琉亜,GK,90,先発
2026/06/21(日) 17:00 キックオフ,武蔵大学,22,水越　大心,MF,90,先発
2026/06/21(日) 17:00 キックオフ,武蔵大学,19,加藤　大聖,DF,90,先発
2026/06/21(日) 17:00 キックオフ,武蔵大学,4,小野寺　拓巳,DF,90,先発
2026/06/21(日) 17:00 キックオフ,武蔵大学,28,藤田　和,MF,90,先発
2026/06/21(日) 17:00 キックオフ,武蔵大学,45,寺田　聡,MF,90,先発
2026/06/21(日) 17:00 キックオフ,武蔵大学,33,宇野　大稀,MF,90,先発
2026/06/21(日) 17:00 キックオフ,武蔵大学,14,石塚　優斗,MF,90,先発
2026/06/21(日) 17:00 キックオフ,武蔵大学,8,中里　春輝,DF,65,先発
2026/06/21(日) 17:00 キックオフ,武蔵大学,11,田辺　伊吹,FW,90,先発
2026/06/21(日) 17:00 キックオフ,武蔵大学,47,廣井　悠真,FW,77,先発
2026/06/21(日) 17:00 キックオフ,武蔵大学,21,神田　謙二郎,GK,0,控え
2026/06/21(日) 17:00 キックオフ,武蔵大学,5,瀧川　穣,DF,0,控え
2026/06/21(日) 17:00 キックオフ,武蔵大学,24,永山　泰希,DF,0,控え
2026/06/21(日) 17:00 キックオフ,武蔵大学,40,泉谷　俊,MF,0,控え
2026/06/21(日) 17:00 キックオフ,武蔵大学,15,柳澤　広喜,MF,0,控え
2026/06/21(日) 17:00 キックオフ,武蔵大学,37,関口　陽大,MF,0,控え
2026/06/21(日) 17:00 キックオフ,武蔵大学,49,宮本　理央,MF,25,控え
2026/06/21(日) 17:00 キックオフ,武蔵大学,13,藤倉　空知,MF,13,控え
2026/06/21(日) 17:00 キックオフ,武蔵大学,18,美濃和　碧,MF,0,控え
2026/07/11(土) 10:00 キックオフ,神奈川工科大学（神奈川県）,2,菅原　颯太郎,DF,79,先発
2026/07/11(土) 10:00 キックオフ,神奈川工科大学（神奈川県）,3,五十嵐　晴生,DF,90,先発
2026/07/11(土) 10:00 キックオフ,神奈川工科大学（神奈川県）,7,小林　優介,MF,90,先発
2026/07/11(土) 10:00 キックオフ,神奈川工科大学（神奈川県）,9,功刀　崇斗,FW,90,先発
2026/07/11(土) 10:00 キックオフ,神奈川工科大学（神奈川県）,13,齊藤　大翔,MF,90,先発
2026/07/11(土) 10:00 キックオフ,神奈川工科大学（神奈川県）,15,林　晃希,DF,46,先発
2026/07/11(土) 10:00 キックオフ,神奈川工科大学（神奈川県）,17,大山　和真,MF,90,先発
2026/07/11(土) 10:00 キックオフ,神奈川工科大学（神奈川県）,18,前原　海聖,FW,73,先発
2026/07/11(土) 10:00 キックオフ,神奈川工科大学（神奈川県）,19,脇屋　颯人,FW,73,先発
2026/07/11(土) 10:00 キックオフ,神奈川工科大学（神奈川県）,29,常盤　啓太,DF,90,先発
2026/07/11(土) 10:00 キックオフ,神奈川工科大学（神奈川県）,30,大久保　陸翔,GK,90,先発
2026/07/11(土) 10:00 キックオフ,神奈川工科大学（神奈川県）,5,橋本　晃進,MF,44,控え
2026/07/11(土) 10:00 キックオフ,神奈川工科大学（神奈川県）,6,石塚　快,MF,17,控え
2026/07/11(土) 10:00 キックオフ,神奈川工科大学（神奈川県）,8,春原　	哲汰,MF,11,控え
2026/07/11(土) 10:00 キックオフ,神奈川工科大学（神奈川県）,11,平田　竜誠,DF,17,控え
2026/07/11(土) 10:00 キックオフ,神奈川工科大学（神奈川県）,14,杉本　侑哉,MF,0,控え
2026/07/11(土) 10:00 キックオフ,神奈川工科大学（神奈川県）,21,福島　迅人,GK,0,控え
2026/07/11(土) 10:00 キックオフ,神奈川工科大学（神奈川県）,23,小野　晟和,MF,0,控え
2026/07/11(土) 10:00 キックオフ,神奈川工科大学（神奈川県）,25,和田　岳空,MF,0,控え
2026/07/11(土) 10:00 キックオフ,神奈川工科大学（神奈川県）,27,宮代　匠,MF,0,控え
2026/07/11(土) 10:00 キックオフ,東京経済大学,3,古澤　友麻,MF,90,先発
2026/07/11(土) 10:00 キックオフ,東京経済大学,5,内田　雄真,DF,90,先発
2026/07/11(土) 10:00 キックオフ,東京経済大学,6,松井　一晟,DF,90,先発
2026/07/11(土) 10:00 キックオフ,東京経済大学,10,伊崎　耕紀,MF,90,先発
2026/07/11(土) 10:00 キックオフ,東京経済大学,12,中村　裕大,GK,90,先発
2026/07/11(土) 10:00 キックオフ,東京経済大学,13,宮﨑　悠斗,MF,90,先発
2026/07/11(土) 10:00 キックオフ,東京経済大学,15,久保寺　壱晟,FW,78,先発
2026/07/11(土) 10:00 キックオフ,東京経済大学,16,村松　晴登,MF,78,先発
2026/07/11(土) 10:00 キックオフ,東京経済大学,17,吉儀　大,MF,90,先発
2026/07/11(土) 10:00 キックオフ,東京経済大学,23,森田　颯,MF,62,先発
2026/07/11(土) 10:00 キックオフ,東京経済大学,31,市川　聖龍,MF,62,先発
2026/07/11(土) 10:00 キックオフ,東京経済大学,2,瀬下　琥太郎,DF,0,控え
2026/07/11(土) 10:00 キックオフ,東京経済大学,11,前島　陽向,FW,0,控え
2026/07/11(土) 10:00 キックオフ,東京経済大学,19,山田　士雄,MF,0,控え
2026/07/11(土) 10:00 キックオフ,東京経済大学,21,古垣　大樹,MF,12,控え
2026/07/11(土) 10:00 キックオフ,東京経済大学,22,村野　　大輝,GK,0,控え
2026/07/11(土) 10:00 キックオフ,東京経済大学,25,都留　玄多,DF,28,控え
2026/07/11(土) 10:00 キックオフ,東京経済大学,29,駒田　晴生,MF,12,控え
2026/07/11(土) 10:00 キックオフ,東京経済大学,32,峠舘　永愛,MF,0,控え
2026/07/11(土) 10:00 キックオフ,東京経済大学,34,田中　大智,MF,28,控え
2026/06/28(日) 10:00 キックオフ,東京経済大学,12,中村　裕大,GK,90,先発
2026/06/28(日) 10:00 キックオフ,東京経済大学,4,北林　嶺,DF,90,先発
2026/06/28(日) 10:00 キックオフ,東京経済大学,5,内田　雄真,DF,90,先発
2026/06/28(日) 10:00 キックオフ,東京経済大学,27,川畑　宇輝,DF,61,先発
2026/06/28(日) 10:00 キックオフ,東京経済大学,3,古澤　友麻,MF,90,先発
2026/06/28(日) 10:00 キックオフ,東京経済大学,7,大塚　恭生,MF,90,先発
2026/06/28(日) 10:00 キックオフ,東京経済大学,10,伊崎　耕紀,MF,90,先発
2026/06/28(日) 10:00 キックオフ,東京経済大学,16,村松　晴登,MF,90,先発
2026/06/28(日) 10:00 キックオフ,東京経済大学,17,吉儀　大,MF,89,先発
2026/06/28(日) 10:00 キックオフ,東京経済大学,31,市川　聖龍,MF,86,先発
2026/06/28(日) 10:00 キックオフ,東京経済大学,18,渡部　隼翔,FW,86,先発
2026/06/28(日) 10:00 キックオフ,東京経済大学,22,村野　　大輝,GK,0,控え
2026/06/28(日) 10:00 キックオフ,東京経済大学,24,川村　大樹,DF,29,控え
2026/06/28(日) 10:00 キックオフ,東京経済大学,26,田中　大夢,DF,4,控え
2026/06/28(日) 10:00 キックオフ,東京経済大学,19,山田　士雄,MF,0,控え
2026/06/28(日) 10:00 キックオフ,東京経済大学,23,森田　颯,MF,1,控え
2026/06/28(日) 10:00 キックオフ,東京経済大学,32,峠舘　永愛,MF,0,控え
2026/06/28(日) 10:00 キックオフ,東京経済大学,34,田中　大智,MF,0,控え
2026/06/28(日) 10:00 キックオフ,東京経済大学,11,前島　陽向,FW,4,控え
2026/06/28(日) 10:00 キックオフ,東京経済大学,15,久保寺　壱晟,FW,0,控え
2026/06/28(日) 10:00 キックオフ,上智大学,1,藤田　大輝,GK,90,先発
2026/06/28(日) 10:00 キックオフ,上智大学,19,湯浦　崇斗,DF,80,先発
2026/06/28(日) 10:00 キックオフ,上智大学,33,村田　幸基,DF,90,先発
2026/06/28(日) 10:00 キックオフ,上智大学,97,須田　悠斗,DF,90,先発
2026/06/28(日) 10:00 キックオフ,上智大学,6,荒川　哲平,MF,90,先発
2026/06/28(日) 10:00 キックオフ,上智大学,8,福島　広大,MF,90,先発
2026/06/28(日) 10:00 キックオフ,上智大学,10,塙　　仁成,MF,90,先発
2026/06/28(日) 10:00 キックオフ,上智大学,44,山崎　颯介,MF,90,先発
2026/06/28(日) 10:00 キックオフ,上智大学,81,福尾　涼太,MF,67,先発
2026/06/28(日) 10:00 キックオフ,上智大学,35,大西　十和,FW,83,先発
2026/06/28(日) 10:00 キックオフ,上智大学,80,大島　千虎,FW,67,先発
2026/06/28(日) 10:00 キックオフ,上智大学,20,川島　晴空,GK,0,控え
2026/06/28(日) 10:00 キックオフ,上智大学,3,松本　和輝,DF,0,控え
2026/06/28(日) 10:00 キックオフ,上智大学,4,須藤　智洋,DF,4,控え
2026/06/28(日) 10:00 キックオフ,上智大学,26,宇野　伶,DF,0,控え
2026/06/28(日) 10:00 キックオフ,上智大学,11,笠原　真尋,MF,23,控え
2026/06/28(日) 10:00 キックオフ,上智大学,17,白坂　航大,MF,0,控え
2026/06/28(日) 10:00 キックオフ,上智大学,32,堀江　風雅,MF,10,控え
2026/06/28(日) 10:00 キックオフ,上智大学,9,田中　佑樹,FW,23,控え
2026/06/28(日) 10:00 キックオフ,上智大学,48,岩永　悠杜,FW,7,控え
2026/06/28(日) 10:00 キックオフ,武蔵大学,21,神田　謙二郎,GK,90,先発
2026/06/28(日) 10:00 キックオフ,武蔵大学,22,水越　大心,MF,90,先発
2026/06/28(日) 10:00 キックオフ,武蔵大学,19,加藤　大聖,DF,90,先発
2026/06/28(日) 10:00 キックオフ,武蔵大学,4,小野寺　拓巳,DF,90,先発
2026/06/28(日) 10:00 キックオフ,武蔵大学,28,藤田　和,MF,90,先発
2026/06/28(日) 10:00 キックオフ,武蔵大学,45,寺田　聡,MF,90,先発
2026/06/28(日) 10:00 キックオフ,武蔵大学,33,宇野　大稀,MF,90,先発
2026/06/28(日) 10:00 キックオフ,武蔵大学,14,石塚　優斗,MF,73,先発
2026/06/28(日) 10:00 キックオフ,武蔵大学,8,中里　春輝,DF,78,先発
2026/06/28(日) 10:00 キックオフ,武蔵大学,11,田辺　伊吹,FW,64,先発
2026/06/28(日) 10:00 キックオフ,武蔵大学,47,廣井　悠真,FW,88,先発
2026/06/28(日) 10:00 キックオフ,武蔵大学,1,重山　武史,GK,0,控え
2026/06/28(日) 10:00 キックオフ,武蔵大学,5,瀧川　穣,DF,0,控え
2026/06/28(日) 10:00 キックオフ,武蔵大学,3,中嶋　惇仁,DF,0,控え
2026/06/28(日) 10:00 キックオフ,武蔵大学,15,柳澤　広喜,MF,0,控え
2026/06/28(日) 10:00 キックオフ,武蔵大学,13,藤倉　空知,MF,2,控え
2026/06/28(日) 10:00 キックオフ,武蔵大学,49,宮本　理央,MF,26,控え
2026/06/28(日) 10:00 キックオフ,武蔵大学,26,池戸　虹成,MF,17,控え
2026/06/28(日) 10:00 キックオフ,武蔵大学,18,美濃和　碧,MF,12,控え
2026/06/28(日) 10:00 キックオフ,武蔵大学,10,森田　蓮人,FW,0,控え
2026/06/28(日) 10:00 キックオフ,玉川大学,16,今村　光汰,GK,90,先発
2026/06/28(日) 10:00 キックオフ,玉川大学,3,信賀　有希,DF,90,先発
2026/06/28(日) 10:00 キックオフ,玉川大学,27,楠山　奈音,DF,73,先発
2026/06/28(日) 10:00 キックオフ,玉川大学,37,清水　彩生,DF,90,先発
2026/06/28(日) 10:00 キックオフ,玉川大学,26,杉山　和勢,MF,90,先発
2026/06/28(日) 10:00 キックオフ,玉川大学,36,上野　湊,DF,87,先発
2026/06/28(日) 10:00 キックオフ,玉川大学,15,丸尾　航琉,DF,66,先発
2026/06/28(日) 10:00 キックオフ,玉川大学,10,内田　凜,MF,90,先発
2026/06/28(日) 10:00 キックオフ,玉川大学,24,前田　陽平,MF,90,先発
2026/06/28(日) 10:00 キックオフ,玉川大学,18,佐久間　駿喜,FW,57,先発
2026/06/28(日) 10:00 キックオフ,玉川大学,23,國本　純成,MF,90,先発
2026/06/28(日) 10:00 キックオフ,玉川大学,1,大熊　大輔,GK,0,控え
2026/06/28(日) 10:00 キックオフ,玉川大学,19,国谷　康太,FW,3,控え
2026/06/28(日) 10:00 キックオフ,玉川大学,22,歳森　杏介,MF,33,控え
2026/06/28(日) 10:00 キックオフ,玉川大学,52,藤原　志宇,MF,0,控え
2026/06/28(日) 10:00 キックオフ,玉川大学,11,中村　隼人,MF,24,控え
2026/06/28(日) 10:00 キックオフ,玉川大学,14,林　雄琉,MF,0,控え
2026/06/28(日) 10:00 キックオフ,玉川大学,34,坂本　佳晴,MF,0,控え
2026/06/28(日) 10:00 キックオフ,玉川大学,7,森岡　大地,MF,0,控え
2026/06/28(日) 10:00 キックオフ,玉川大学,28,北村　瑞,DF,17,控え
2026/07/04(土) 10:00 キックオフ,神奈川工科大学（神奈川県）,2,菅原　颯太郎,DF,90,先発
2026/07/04(土) 10:00 キックオフ,神奈川工科大学（神奈川県）,4,吉田　太陽,DF,90,先発
2026/07/04(土) 10:00 キックオフ,神奈川工科大学（神奈川県）,7,小林　優介,MF,90,先発
2026/07/04(土) 10:00 キックオフ,神奈川工科大学（神奈川県）,9,功刀　崇斗,FW,90,先発
2026/07/04(土) 10:00 キックオフ,神奈川工科大学（神奈川県）,13,齊藤　大翔,MF,90,先発
2026/07/04(土) 10:00 キックオフ,神奈川工科大学（神奈川県）,15,林　晃希,DF,80,先発
2026/07/04(土) 10:00 キックオフ,神奈川工科大学（神奈川県）,18,前原　海聖,FW,71,先発
2026/07/04(土) 10:00 キックオフ,神奈川工科大学（神奈川県）,19,脇屋　颯人,FW,58,先発
2026/07/04(土) 10:00 キックオフ,神奈川工科大学（神奈川県）,25,和田　岳空,MF,46,先発
2026/07/04(土) 10:00 キックオフ,神奈川工科大学（神奈川県）,29,常盤　啓太,DF,90,先発
2026/07/04(土) 10:00 キックオフ,神奈川工科大学（神奈川県）,30,大久保　陸翔,GK,90,先発
2026/07/04(土) 10:00 キックオフ,神奈川工科大学（神奈川県）,3,五十嵐　晴生,DF,10,控え
2026/07/04(土) 10:00 キックオフ,神奈川工科大学（神奈川県）,6,石塚　快,MF,32,控え
2026/07/04(土) 10:00 キックオフ,神奈川工科大学（神奈川県）,8,春原　	哲汰,MF,19,控え
2026/07/04(土) 10:00 キックオフ,神奈川工科大学（神奈川県）,11,平田　竜誠,DF,44,控え
2026/07/04(土) 10:00 キックオフ,神奈川工科大学（神奈川県）,17,大山　和真,MF,0,控え
2026/07/04(土) 10:00 キックオフ,神奈川工科大学（神奈川県）,21,福島　迅人,GK,0,控え
2026/07/04(土) 10:00 キックオフ,神奈川工科大学（神奈川県）,23,小野　晟和,MF,0,控え
2026/07/04(土) 10:00 キックオフ,神奈川工科大学（神奈川県）,27,宮代　匠,MF,0,控え
2026/07/04(土) 10:00 キックオフ,朝鮮大学校,3,李　星琉,DF,53,先発
2026/07/04(土) 10:00 キックオフ,朝鮮大学校,4,金 悠宇,DF,90,先発
2026/07/04(土) 10:00 キックオフ,朝鮮大学校,6,姜 正晃,MF,90,先発
2026/07/04(土) 10:00 キックオフ,朝鮮大学校,9,金 翔元,MF,69,先発
2026/07/04(土) 10:00 キックオフ,朝鮮大学校,10,朴 ソラ,MF,90,先発
2026/07/04(土) 10:00 キックオフ,朝鮮大学校,11,鄭 泰男,MF,90,先発
2026/07/04(土) 10:00 キックオフ,朝鮮大学校,12,金 利優,GK,90,先発
2026/07/04(土) 10:00 キックオフ,朝鮮大学校,19,金 亨政,MF,90,先発
2026/07/04(土) 10:00 キックオフ,朝鮮大学校,22,朴　才雄,FW,88,先発
2026/07/04(土) 10:00 キックオフ,朝鮮大学校,27,金　毅昂,MF,53,先発
2026/07/04(土) 10:00 キックオフ,朝鮮大学校,29,鄭 誓華,MF,90,先発
2026/07/04(土) 10:00 キックオフ,朝鮮大学校,2,沈 瑞輝,DF,37,控え
2026/07/04(土) 10:00 キックオフ,朝鮮大学校,5,愼 昌樹,DF,0,控え
2026/07/04(土) 10:00 キックオフ,朝鮮大学校,8,李　良成,MF,37,控え
2026/07/04(土) 10:00 キックオフ,朝鮮大学校,16,高　悠邦,DF,0,控え
2026/07/04(土) 10:00 キックオフ,朝鮮大学校,21,朴　創嶺,MF,21,控え
2026/07/04(土) 10:00 キックオフ,朝鮮大学校,23,チョ ヘフィ,MF,0,控え
2026/07/04(土) 10:00 キックオフ,朝鮮大学校,28,崔 廣敏,MF,2,控え
2026/07/04(土) 10:00 キックオフ,朝鮮大学校,30,李 燦喜,GK,0,控え
2026/07/04(土) 10:00 キックオフ,朝鮮大学校,31,カン　フィヨン,FW,0,控え
2026/07/04(土) 12:45 キックオフ,桜美林大学,5,高井　翔麻,DF,90,先発
2026/07/04(土) 12:45 キックオフ,桜美林大学,6,吉川　遥人,MF,90,先発
2026/07/04(土) 12:45 キックオフ,桜美林大学,7,佐藤　天真,MF,70,先発
2026/07/04(土) 12:45 キックオフ,桜美林大学,10,石澤　海陽,FW,75,先発
2026/07/04(土) 12:45 キックオフ,桜美林大学,15,大崎　陽斗,DF,85,先発
2026/07/04(土) 12:45 キックオフ,桜美林大学,21,菊地　琉世,MF,90,先発
2026/07/04(土) 12:45 キックオフ,桜美林大学,25,大成　春斗,FW,70,先発
2026/07/04(土) 12:45 キックオフ,桜美林大学,31,牧野　歩,DF,90,先発
2026/07/04(土) 12:45 キックオフ,桜美林大学,55,渋谷　知都,DF,90,先発
2026/07/04(土) 12:45 キックオフ,桜美林大学,90,三治　陽空,GK,90,先発
2026/07/04(土) 12:45 キックオフ,桜美林大学,96,木村　恵真,MF,70,先発
2026/07/04(土) 12:45 キックオフ,桜美林大学,3,岩本　晴,DF,5,控え
2026/07/04(土) 12:45 キックオフ,桜美林大学,9,斎藤　翔太,MF,20,控え
2026/07/04(土) 12:45 キックオフ,桜美林大学,14,田名部　勇,MF,20,控え
2026/07/04(土) 12:45 キックオフ,桜美林大学,17,山田 　結互,MF,0,控え
2026/07/04(土) 12:45 キックオフ,桜美林大学,20,倉橋　正吾,FW,0,控え
2026/07/04(土) 12:45 キックオフ,桜美林大学,44,堀江　響希,DF,0,控え
2026/07/04(土) 12:45 キックオフ,桜美林大学,41,尾﨑　克蔵,GK,0,控え
2026/07/04(土) 12:45 キックオフ,桜美林大学,67,細谷　隼生,DF,20,控え
2026/07/04(土) 12:45 キックオフ,桜美林大学,68,三浦　瑠恩,MF,15,控え
2026/07/04(土) 12:45 キックオフ,横浜国立大学（神奈川県）,1,神山　洋輝,GK,90,先発
2026/07/04(土) 12:45 キックオフ,横浜国立大学（神奈川県）,3,髙木　直,MF,90,先発
2026/07/04(土) 12:45 キックオフ,横浜国立大学（神奈川県）,5,大西　遼久,DF,90,先発
2026/07/04(土) 12:45 キックオフ,横浜国立大学（神奈川県）,7,立入　光記,MF,90,先発
2026/07/04(土) 12:45 キックオフ,横浜国立大学（神奈川県）,8,小宮　昂大,MF,90,先発
2026/07/04(土) 12:45 キックオフ,横浜国立大学（神奈川県）,10,原子　泰地,FW,90,先発
2026/07/04(土) 12:45 キックオフ,横浜国立大学（神奈川県）,11,島田　健央,FW,72,先発
2026/07/04(土) 12:45 キックオフ,横浜国立大学（神奈川県）,26,加藤　士門,FW,90,先発
2026/07/04(土) 12:45 キックオフ,横浜国立大学（神奈川県）,28,田邉　快斗,DF,90,先発
2026/07/04(土) 12:45 キックオフ,横浜国立大学（神奈川県）,33,中村　朗莞,FW,90,先発
2026/07/04(土) 12:45 キックオフ,横浜国立大学（神奈川県）,36,井上　愛翔,MF,85,先発
2026/07/04(土) 12:45 キックオフ,横浜国立大学（神奈川県）,9,篠崎　開惺,FW,0,控え
2026/07/04(土) 12:45 キックオフ,横浜国立大学（神奈川県）,15,櫻井　恵太,MF,18,控え
2026/07/04(土) 12:45 キックオフ,横浜国立大学（神奈川県）,16,井上　哲志,GK,0,控え
2026/07/04(土) 12:45 キックオフ,横浜国立大学（神奈川県）,17,小川　和真,FW,0,控え
2026/07/04(土) 12:45 キックオフ,横浜国立大学（神奈川県）,18,田房　朋樹,MF,0,控え
2026/07/04(土) 12:45 キックオフ,横浜国立大学（神奈川県）,19,森下　優之心,DF,0,控え
2026/07/04(土) 12:45 キックオフ,横浜国立大学（神奈川県）,23,川岸　幹太,DF,5,控え
2026/07/04(土) 12:45 キックオフ,横浜国立大学（神奈川県）,34,長谷川　舜,MF,0,控え
2026/07/04(土) 12:45 キックオフ,横浜国立大学（神奈川県）,38,石榑　悠人,FW,0,控え
2026/07/04(土) 17:00 キックオフ,大東文化大学,1,清水　　天斗,GK,90,先発
2026/07/04(土) 17:00 キックオフ,大東文化大学,2,猿山　　和輝,DF,90,先発
2026/07/04(土) 17:00 キックオフ,大東文化大学,3,雨宮　　壮汰,DF,90,先発
2026/07/04(土) 17:00 キックオフ,大東文化大学,5,池羽　　航輝,DF,84,先発
2026/07/04(土) 17:00 キックオフ,大東文化大学,10,安藤　　稜人,MF,90,先発
2026/07/04(土) 17:00 キックオフ,大東文化大学,14,信國　達也,MF,66,先発
2026/07/04(土) 17:00 キックオフ,大東文化大学,88,松本　浩輝,MF,71,先発
2026/07/04(土) 17:00 キックオフ,大東文化大学,47,渡辺　浩史,MF,71,先発
2026/07/04(土) 17:00 キックオフ,大東文化大学,8,萩原　　駆,MF,90,先発
2026/07/04(土) 17:00 キックオフ,大東文化大学,96,奥田　大翔,FW,66,先発
2026/07/04(土) 17:00 キックオフ,大東文化大学,29,佐藤　大心,MF,90,先発
2026/07/04(土) 17:00 キックオフ,大東文化大学,12,妹尾　典,GK,0,控え
2026/07/04(土) 17:00 キックオフ,大東文化大学,28,田中　颯人,DF,6,控え
2026/07/04(土) 17:00 キックオフ,大東文化大学,22,髙野　　広大,DF,0,控え
2026/07/04(土) 17:00 キックオフ,大東文化大学,39,有賀　　大成,DF,0,控え
2026/07/04(土) 17:00 キックオフ,大東文化大学,11,舘　颯之介,MF,24,控え
2026/07/04(土) 17:00 キックオフ,大東文化大学,23,船津　圭太,MF,19,控え
2026/07/04(土) 17:00 キックオフ,大東文化大学,43,並木　俊輔,MF,24,控え
2026/07/04(土) 17:00 キックオフ,大東文化大学,19,上田　然,FW,19,控え
2026/07/04(土) 17:00 キックオフ,大東文化大学,7,笠原　　壮瑠,FW,0,控え
2026/07/04(土) 17:00 キックオフ,日本大学文理学部,1,磯貝 仁斗,GK,90,先発
2026/07/04(土) 17:00 キックオフ,日本大学文理学部,2,横山 聡大,DF,90,先発
2026/07/04(土) 17:00 キックオフ,日本大学文理学部,3,北村 翼,DF,84,先発
2026/07/04(土) 17:00 キックオフ,日本大学文理学部,10,城田 優,MF,90,先発
2026/07/04(土) 17:00 キックオフ,日本大学文理学部,14,葛西 由晏,MF,81,先発
2026/07/04(土) 17:00 キックオフ,日本大学文理学部,19,有田 海志,FW,72,先発
2026/07/04(土) 17:00 キックオフ,日本大学文理学部,24,川口 友作,MF,69,先発
2026/07/04(土) 17:00 キックオフ,日本大学文理学部,25,間 琥太朗,DF,90,先発
2026/07/04(土) 17:00 キックオフ,日本大学文理学部,31,伊東　拓海,MF,90,先発
2026/07/04(土) 17:00 キックオフ,日本大学文理学部,33,渋谷 竜聖,DF,90,先発
2026/07/04(土) 17:00 キックオフ,日本大学文理学部,93,小川 寧大,DF,90,先発
2026/07/04(土) 17:00 キックオフ,日本大学文理学部,5,星 恒輝,MF,9,控え
2026/07/04(土) 17:00 キックオフ,日本大学文理学部,11,矢田 涼太郎,FW,21,控え
2026/07/04(土) 17:00 キックオフ,日本大学文理学部,12,松尾 凜久,MF,0,控え
2026/07/04(土) 17:00 キックオフ,日本大学文理学部,18,中村 陶冶,FW,0,控え
2026/07/04(土) 17:00 キックオフ,日本大学文理学部,28,谷口 莉都,FW,18,控え
2026/07/04(土) 17:00 キックオフ,日本大学文理学部,32,加藤 匠,GK,0,控え
2026/07/04(土) 17:00 キックオフ,日本大学文理学部,37,清水 佑,DF,0,控え
2026/07/04(土) 17:00 キックオフ,日本大学文理学部,65,千葉　海斗,MF,6,控え
2026/07/04(土) 17:00 キックオフ,日本大学文理学部,77,新門 一晏,DF,0,控え
2026/07/11(土) 18:30 キックオフ,帝京大学,1,佐藤 翔,GK,90,先発
2026/07/11(土) 18:30 キックオフ,帝京大学,2,松本 大地,DF,90,先発
2026/07/11(土) 18:30 キックオフ,帝京大学,3,船木 匡太朗,DF,90,先発
2026/07/11(土) 18:30 キックオフ,帝京大学,6,近江 智哉,MF,55,先発
2026/07/11(土) 18:30 キックオフ,帝京大学,9,緒方 快青,MF,65,先発
2026/07/11(土) 18:30 キックオフ,帝京大学,13,沢 柊斗,MF,55,先発
2026/07/11(土) 18:30 キックオフ,帝京大学,14,藤田 晴,FW,90,先発
2026/07/11(土) 18:30 キックオフ,帝京大学,18,野田 侑聖,MF,45,先発
2026/07/11(土) 18:30 キックオフ,帝京大学,26,桾澤 琢太,MF,78,先発
2026/07/11(土) 18:30 キックオフ,帝京大学,32,矢野　琉瑚,DF,90,先発
2026/07/11(土) 18:30 キックオフ,帝京大学,40,田中　菱,DF,90,先発
2026/07/11(土) 18:30 キックオフ,帝京大学,5,小林 侑希,DF,0,控え
2026/07/11(土) 18:30 キックオフ,帝京大学,8,桒原 一斗,MF,35,控え
2026/07/11(土) 18:30 キックオフ,帝京大学,12,牧野 長太朗,GK,0,控え
2026/07/11(土) 18:30 キックオフ,帝京大学,16,池内 優介,DF,35,控え
2026/07/11(土) 18:30 キックオフ,帝京大学,17,當間 晴琉,DF,45,控え
2026/07/11(土) 18:30 キックオフ,帝京大学,25,山下 翔世,DF,0,控え
2026/07/11(土) 18:30 キックオフ,帝京大学,35,古村　大和,DF,25,控え
2026/07/11(土) 18:30 キックオフ,帝京大学,36,茂木　勇樹,MF,12,控え
2026/07/11(土) 18:30 キックオフ,帝京大学,44,加藤　慧,FW,0,控え
2026/07/11(土) 18:30 キックオフ,学習院大学,1,若尾　林太朗,GK,90,先発
2026/07/11(土) 18:30 キックオフ,学習院大学,3,中川　賢人,DF,90,先発
2026/07/11(土) 18:30 キックオフ,学習院大学,4,木内　温大,DF,73,先発
2026/07/11(土) 18:30 キックオフ,学習院大学,5,小林　恭輔,DF,90,先発
2026/07/11(土) 18:30 キックオフ,学習院大学,7,児島　巧海,MF,90,先発
2026/07/11(土) 18:30 キックオフ,学習院大学,10,小林　千紘,MF,90,先発
2026/07/11(土) 18:30 キックオフ,学習院大学,11,渡辺　創士,MF,78,先発
2026/07/11(土) 18:30 キックオフ,学習院大学,13,梶　圭朝,DF,90,先発
2026/07/11(土) 18:30 キックオフ,学習院大学,20,北林　星七,FW,90,先発
2026/07/11(土) 18:30 キックオフ,学習院大学,27,山田   惟斗,MF,90,先発
2026/07/11(土) 18:30 キックオフ,学習院大学,28,加藤   大毅,MF,90,先発
2026/07/11(土) 18:30 キックオフ,学習院大学,2,松本　隆宏,DF,12,控え
2026/07/11(土) 18:30 キックオフ,学習院大学,6,神山　晃太,MF,0,控え
2026/07/11(土) 18:30 キックオフ,学習院大学,12,加藤   俐功,GK,0,控え
2026/07/11(土) 18:30 キックオフ,学習院大学,16,藤井　冬威,MF,17,控え
2026/07/11(土) 18:30 キックオフ,学習院大学,17,原　壮太,FW,0,控え
2026/07/11(土) 18:30 キックオフ,学習院大学,19,河村　熙玲,DF,0,控え
2026/07/11(土) 18:30 キックオフ,学習院大学,25,西村　藍斗,DF,0,控え
2026/07/11(土) 18:30 キックオフ,学習院大学,29,端谷   蓮,MF,0,控え
2026/07/11(土) 18:30 キックオフ,学習院大学,32,岡本   惇之介,FW,0,控え
