date,team,number,name,grade,position,minutes_played,status,shoot_1st,shoot_2nd,shoot_total,goals,goal_rate
2026/04/04(土) 17:00 キックオフ,大東文化大学,12,妹尾　典,4,GK,90,先発,0,0,0,0,0.0
2026/04/04(土) 17:00 キックオフ,大東文化大学,18,青　海斗,3,DF,90,先発,0,0,0,0,0.0
2026/04/04(土) 17:00 キックオフ,大東文化大学,3,雨宮　壮汰,不明,DF,90,先発,0,0,0,0,0.0
2026/04/04(土) 17:00 キックオフ,大東文化大学,5,池羽　航輝,不明,DF,90,先発,1,0,1,0,0.0
2026/04/04(土) 17:00 キックオフ,大東文化大学,27,津田　楓真,不明,DF,90,先発,1,1,2,0,0.0
2026/04/04(土) 17:00 キックオフ,大東文化大学,80,石神　瞬,3,MF,88,先発,0,0,0,0,0.0
2026/04/04(土) 17:00 キックオフ,大東文化大学,47,渡辺　浩史,3,MF,90,先発,0,2,2,1,50.0
2026/04/04(土) 17:00 キックオフ,大東文化大学,14,信國　達也,3,MF,81,先発,1,1,2,0,0.0
2026/04/04(土) 17:00 キックオフ,大東文化大学,16,栗栖　晴己,3,MF,45,先発,0,0,0,0,0.0
2026/04/04(土) 17:00 キックオフ,大東文化大学,43,並木　俊輔,2,MF,72,先発,0,0,0,0,0.0
2026/04/04(土) 17:00 キックオフ,大東文化大学,96,奥田　大翔,2,FW,45,先発,2,0,2,0,0.0
2026/04/04(土) 17:00 キックオフ,大東文化大学,31,佐藤　晴翔,2,GK,0,控え,0,0,0,0,0.0
2026/04/04(土) 17:00 キックオフ,大東文化大学,6,目黒　嵩人,4,DF,2,控え,0,0,0,0,0.0
2026/04/04(土) 17:00 キックオフ,大東文化大学,46,金子　潤,2,DF,0,控え,0,0,0,0,0.0
2026/04/04(土) 17:00 キックオフ,大東文化大学,13,佐久間　勇斗,3,MF,0,控え,0,0,0,0,0.0
2026/04/04(土) 17:00 キックオフ,大東文化大学,11,舘　颯之介,4,MF,9,控え,0,0,0,0,0.0
2026/04/04(土) 17:00 キックオフ,大東文化大学,10,安藤　稜人,不明,MF,45,控え,0,1,1,0,0.0
2026/04/04(土) 17:00 キックオフ,大東文化大学,29,佐藤　大心,2,MF,45,控え,0,1,1,0,0.0
2026/04/04(土) 17:00 キックオフ,大東文化大学,19,上田　然,3,FW,0,控え,0,0,0,0,0.0
2026/04/04(土) 17:00 キックオフ,大東文化大学,7,笠原　壮瑠,不明,FW,18,控え,0,0,0,0,0.0
2026/04/04(土) 17:00 キックオフ,朝鮮大学校,1,金 柱相,4,GK,90,先発,0,0,0,0,0.0
2026/04/04(土) 17:00 キックオフ,朝鮮大学校,2,沈 瑞輝,3,DF,90,先発,0,0,0,0,0.0
2026/04/04(土) 17:00 キックオフ,朝鮮大学校,4,金 悠宇,4,DF,90,先発,0,0,0,0,0.0
2026/04/04(土) 17:00 キックオフ,朝鮮大学校,5,愼 昌樹,4,DF,90,先発,0,1,1,0,0.0
2026/04/04(土) 17:00 キックオフ,朝鮮大学校,8,朴 創嶺,不明,MF,90,先発,0,0,0,0,0.0
2026/04/04(土) 17:00 キックオフ,朝鮮大学校,10,朴 ソラ,4,MF,62,先発,0,0,0,0,0.0
2026/04/04(土) 17:00 キックオフ,朝鮮大学校,19,金 亨政,3,MF,90,先発,2,1,3,0,0.0
2026/04/04(土) 17:00 キックオフ,朝鮮大学校,23,チョ ヘフィ,4,MF,90,先発,0,0,0,0,0.0
2026/04/04(土) 17:00 キックオフ,朝鮮大学校,29,鄭 誓華,2,MF,62,先発,0,0,0,0,0.0
2026/04/04(土) 17:00 キックオフ,朝鮮大学校,11,鄭 泰男,4,MF,90,先発,0,0,0,0,0.0
2026/04/04(土) 17:00 キックオフ,朝鮮大学校,14,金 世諒,3,MF,71,先発,0,0,0,0,0.0
2026/04/04(土) 17:00 キックオフ,朝鮮大学校,12,金 利優,4,GK,0,控え,0,0,0,0,0.0
2026/04/04(土) 17:00 キックオフ,朝鮮大学校,3,金 龍昇,不明,DF,0,控え,0,0,0,0,0.0
2026/04/04(土) 17:00 キックオフ,朝鮮大学校,20,金 星希,4,MF,28,控え,0,0,0,0,0.0
2026/04/04(土) 17:00 キックオフ,朝鮮大学校,6,姜 正晃,4,MF,0,控え,0,0,0,0,0.0
2026/04/04(土) 17:00 キックオフ,朝鮮大学校,17,金 翔栄,4,MF,19,控え,0,0,0,0,0.0
2026/04/04(土) 17:00 キックオフ,朝鮮大学校,18,ソン スンイ,不明,MF,0,控え,0,0,0,0,0.0
2026/04/04(土) 17:00 キックオフ,朝鮮大学校,9,金 翔元,4,MF,28,控え,0,1,1,0,0.0
2026/04/04(土) 17:00 キックオフ,玉川大学,16,今村　光汰,4,GK,90,先発,0,0,0,0,0.0
2026/04/04(土) 17:00 キックオフ,玉川大学,3,信賀　有希,4,DF,90,先発,0,0,0,0,0.0
2026/04/04(土) 17:00 キックオフ,玉川大学,7,森岡　大地,4,MF,90,先発,0,0,0,0,0.0
2026/04/04(土) 17:00 キックオフ,玉川大学,5,松井　琢磨,2,DF,90,先発,0,1,1,1,100.0
2026/04/04(土) 17:00 キックオフ,玉川大学,36,上野　湊,3,DF,90,先発,0,0,0,0,0.0
2026/04/04(土) 17:00 キックオフ,玉川大学,11,中村　隼人,4,MF,90,先発,1,0,1,0,0.0
2026/04/04(土) 17:00 キックオフ,玉川大学,14,林　雄琉,4,MF,87,先発,1,0,1,1,100.0
2026/04/04(土) 17:00 キックオフ,玉川大学,10,内田　凜,4,MF,90,先発,1,0,1,0,0.0
2026/04/04(土) 17:00 キックオフ,玉川大学,23,國本　純成,3,MF,90,先発,1,2,3,0,0.0
2026/04/04(土) 17:00 キックオフ,玉川大学,13,堀野辺　空,4,MF,72,先発,0,0,0,0,0.0
2026/04/04(土) 17:00 キックオフ,玉川大学,19,国谷　康太,3,FW,78,先発,1,0,1,0,0.0
2026/04/04(土) 17:00 キックオフ,玉川大学,18,佐久間　駿喜,3,FW,12,控え,0,0,0,0,0.0
2026/04/04(土) 17:00 キックオフ,玉川大学,17,上野　兼叶,2,FW,18,控え,0,0,0,0,0.0
2026/04/04(土) 17:00 キックオフ,玉川大学,33,荒井　陽大,2,FW,0,控え,0,0,0,0,0.0
2026/04/04(土) 17:00 キックオフ,玉川大学,26,杉山　和勢,2,MF,3,控え,0,0,0,0,0.0
2026/04/04(土) 17:00 キックオフ,玉川大学,34,坂本　佳晴,2,MF,0,控え,0,0,0,0,0.0
2026/04/04(土) 17:00 キックオフ,玉川大学,22,歳森　杏介,2,MF,0,控え,0,0,0,0,0.0
2026/04/04(土) 17:00 キックオフ,玉川大学,15,丸尾　航琉,4,DF,0,控え,0,0,0,0,0.0
2026/04/04(土) 17:00 キックオフ,玉川大学,27,楠山　奈音,3,DF,0,控え,0,0,0,0,0.0
2026/04/04(土) 17:00 キックオフ,横浜国立大学（神奈川県）,1,神山　洋輝,4,GK,90,先発,0,0,0,0,0.0
2026/04/04(土) 17:00 キックオフ,横浜国立大学（神奈川県）,5,大西　遼久,4,DF,90,先発,0,0,0,0,0.0
2026/04/04(土) 17:00 キックオフ,横浜国立大学（神奈川県）,6,渡邊　元気,2,MF,90,先発,0,0,0,0,0.0
2026/04/04(土) 17:00 キックオフ,横浜国立大学（神奈川県）,7,立入　光記,4,MF,90,先発,0,0,0,0,0.0
2026/04/04(土) 17:00 キックオフ,横浜国立大学（神奈川県）,8,小宮　昂大,3,MF,90,先発,0,0,0,0,0.0
2026/04/04(土) 17:00 キックオフ,横浜国立大学（神奈川県）,9,篠崎　開惺,3,FW,90,先発,2,2,4,0,0.0
2026/04/04(土) 17:00 キックオフ,横浜国立大学（神奈川県）,10,原子　泰地,4,FW,90,先発,1,0,1,0,0.0
2026/04/04(土) 17:00 キックオフ,横浜国立大学（神奈川県）,13,竹中　暖喜,3,DF,90,先発,1,0,1,0,0.0
2026/04/04(土) 17:00 キックオフ,横浜国立大学（神奈川県）,19,森下　優之心,2,DF,84,先発,1,0,1,0,0.0
2026/04/04(土) 17:00 キックオフ,横浜国立大学（神奈川県）,33,中村　朗莞,3,FW,90,先発,0,0,0,0,0.0
2026/04/04(土) 17:00 キックオフ,横浜国立大学（神奈川県）,36,井上　愛翔,2,MF,90,先発,1,0,1,0,0.0
2026/04/04(土) 17:00 キックオフ,横浜国立大学（神奈川県）,11,島田　健央,4,FW,6,控え,0,0,0,0,0.0
2026/04/04(土) 17:00 キックオフ,横浜国立大学（神奈川県）,14,木村　光,3,MF,0,控え,0,0,0,0,0.0
2026/04/04(土) 17:00 キックオフ,横浜国立大学（神奈川県）,15,櫻井　恵太,2,MF,0,控え,0,0,0,0,0.0
2026/04/04(土) 17:00 キックオフ,横浜国立大学（神奈川県）,18,田房　朋樹,2,MF,0,控え,0,0,0,0,0.0
2026/04/04(土) 17:00 キックオフ,横浜国立大学（神奈川県）,21,川瀬　統己,4,GK,0,控え,0,0,0,0,0.0
2026/04/04(土) 17:00 キックオフ,横浜国立大学（神奈川県）,25,川口　湊人,2,MF,0,控え,0,0,0,0,0.0
2026/04/04(土) 17:00 キックオフ,横浜国立大学（神奈川県）,30,中野　楓麻,4,DF,0,控え,0,0,0,0,0.0
2026/04/04(土) 17:00 キックオフ,横浜国立大学（神奈川県）,37,佐々木　統羽,2,MF,0,控え,0,0,0,0,0.0
2026/04/04(土) 17:00 キックオフ,横浜国立大学（神奈川県）,40,小島　滉人,4,DF,0,控え,0,0,0,0,0.0
2026/04/05(日) 10:00 キックオフ,武蔵大学,1,重山　武史,4,GK,90,先発,0,0,0,0,0.0
2026/04/05(日) 10:00 キックオフ,武蔵大学,5,瀧川　穣,4,DF,90,先発,1,1,2,0,0.0
2026/04/05(日) 10:00 キックオフ,武蔵大学,19,加藤　大聖,4,DF,90,先発,1,0,1,0,0.0
2026/04/05(日) 10:00 キックオフ,武蔵大学,24,永山　泰希,3,DF,90,先発,0,2,2,0,0.0
2026/04/05(日) 10:00 キックオフ,武蔵大学,40,泉谷　俊,2,MF,90,先発,1,2,3,0,0.0
2026/04/05(日) 10:00 キックオフ,武蔵大学,8,中里　春輝,4,DF,78,先発,2,0,2,0,0.0
2026/04/05(日) 10:00 キックオフ,武蔵大学,33,宇野　大稀,2,MF,90,先発,0,0,0,0,0.0
2026/04/05(日) 10:00 キックオフ,武蔵大学,22,水越　大心,3,MF,60,先発,2,0,2,0,0.0
2026/04/05(日) 10:00 キックオフ,武蔵大学,11,田辺　伊吹,4,FW,90,先発,0,1,1,1,100.0
2026/04/05(日) 10:00 キックオフ,武蔵大学,13,藤倉　空知,3,MF,64,先発,1,0,1,0,0.0
2026/04/05(日) 10:00 キックオフ,武蔵大学,10,森田　蓮人,4,FW,90,先発,2,1,3,0,0.0
2026/04/05(日) 10:00 キックオフ,武蔵大学,21,神田　謙二郎,2,GK,0,控え,0,0,0,0,0.0
2026/04/05(日) 10:00 キックオフ,武蔵大学,4,小野寺　拓巳,2,DF,0,控え,0,0,0,0,0.0
2026/04/05(日) 10:00 キックオフ,武蔵大学,2,久保田　琳,4,DF,0,控え,0,0,0,0,0.0
2026/04/05(日) 10:00 キックオフ,武蔵大学,45,寺田　聡,2,MF,0,控え,0,0,0,0,0.0
2026/04/05(日) 10:00 キックオフ,武蔵大学,15,柳澤　広喜,3,MF,0,控え,0,0,0,0,0.0
2026/04/05(日) 10:00 キックオフ,武蔵大学,37,関口　陽大,2,MF,26,控え,0,0,0,0,0.0
2026/04/05(日) 10:00 キックオフ,武蔵大学,26,池戸　虹成,2,MF,30,控え,0,0,0,0,0.0
2026/04/05(日) 10:00 キックオフ,武蔵大学,14,石塚　優斗,3,MF,0,控え,0,0,0,0,0.0
2026/04/05(日) 10:00 キックオフ,武蔵大学,47,廣井　悠真,2,FW,0,控え,0,0,0,0,0.0
2026/04/05(日) 10:00 キックオフ,日本大学文理学部,1,磯貝 仁斗,4,GK,90,先発,0,0,0,0,0.0
2026/04/05(日) 10:00 キックオフ,日本大学文理学部,2,横山 聡大,2,DF,90,先発,1,0,1,0,0.0
2026/04/05(日) 10:00 キックオフ,日本大学文理学部,3,北村 翼,3,DF,74,先発,0,0,0,0,0.0
2026/04/05(日) 10:00 キックオフ,日本大学文理学部,25,間 琥太朗,3,DF,90,先発,0,0,0,0,0.0
2026/04/05(日) 10:00 キックオフ,日本大学文理学部,33,渋谷 竜聖,3,DF,90,先発,0,1,1,0,0.0
2026/04/05(日) 10:00 キックオフ,日本大学文理学部,93,小川 寧大,3,DF,90,先発,0,0,0,0,0.0
2026/04/05(日) 10:00 キックオフ,日本大学文理学部,6,大塚 逢祥,3,MF,90,先発,0,0,0,0,0.0
2026/04/05(日) 10:00 キックオフ,日本大学文理学部,10,城田 優,4,MF,90,先発,0,0,0,0,0.0
2026/04/05(日) 10:00 キックオフ,日本大学文理学部,14,葛西 由晏,2,MF,90,先発,1,2,3,1,33.3
2026/04/05(日) 10:00 キックオフ,日本大学文理学部,24,川口 友作,4,MF,64,先発,0,0,0,0,0.0
2026/04/05(日) 10:00 キックオフ,日本大学文理学部,9,遠田 凌,4,FW,76,先発,1,2,3,0,0.0
2026/04/05(日) 10:00 キックオフ,日本大学文理学部,91,嶋﨑 寛大,4,GK,0,控え,0,0,0,0,0.0
2026/04/05(日) 10:00 キックオフ,日本大学文理学部,37,清水 佑,3,DF,0,控え,0,0,0,0,0.0
2026/04/05(日) 10:00 キックオフ,日本大学文理学部,12,松尾 凜久,4,MF,0,控え,0,0,0,0,0.0
2026/04/05(日) 10:00 キックオフ,日本大学文理学部,46,鈴木 堅斗,4,MF,14,控え,0,0,0,0,0.0
2026/04/05(日) 10:00 キックオフ,日本大学文理学部,98,久場 莉稀,3,MF,0,控え,0,0,0,0,0.0
2026/04/05(日) 10:00 キックオフ,日本大学文理学部,18,中村 陶冶,1,FW,16,控え,0,0,0,0,0.0
2026/04/05(日) 10:00 キックオフ,日本大学文理学部,19,有田 海志,3,FW,0,控え,0,0,0,0,0.0
2026/04/05(日) 10:00 キックオフ,日本大学文理学部,28,谷口 莉都,2,FW,26,控え,0,0,0,0,0.0
2026/04/05(日) 10:00 キックオフ,日本大学文理学部,29,髙山 周,3,FW,0,控え,0,0,0,0,0.0
2026/04/05(日) 11:00 キックオフ,桜美林大学,90,三治　陽空,2,GK,90,先発,0,0,0,0,0.0
2026/04/05(日) 11:00 キックオフ,桜美林大学,88,山本　陵聖,4,DF,90,先発,0,1,1,0,0.0
2026/04/05(日) 11:00 キックオフ,桜美林大学,44,堀江　響希,3,DF,90,先発,0,0,0,0,0.0
2026/04/05(日) 11:00 キックオフ,桜美林大学,3,岩本　晴,4,DF,90,先発,0,0,0,0,0.0
2026/04/05(日) 11:00 キックオフ,桜美林大学,22,高橋　陽翔,4,DF,90,先発,1,0,1,0,0.0
2026/04/05(日) 11:00 キックオフ,桜美林大学,5,高井　翔麻,3,DF,90,先発,2,5,7,1,14.3
2026/04/05(日) 11:00 キックオフ,桜美林大学,6,吉川　遥人,4,MF,90,先発,0,4,4,0,0.0
2026/04/05(日) 11:00 キックオフ,桜美林大学,7,佐藤　天真,4,MF,86,先発,0,0,0,0,0.0
2026/04/05(日) 11:00 キックオフ,桜美林大学,96,木村　恵真,1,MF,81,先発,0,1,1,0,0.0
2026/04/05(日) 11:00 キックオフ,桜美林大学,21,菊地　琉世,4,MF,79,先発,0,1,1,0,0.0
2026/04/05(日) 11:00 キックオフ,桜美林大学,25,大成　春斗,4,FW,79,先発,0,1,1,1,100.0
2026/04/05(日) 11:00 キックオフ,桜美林大学,80,小野口　怜望,1,GK,0,控え,0,0,0,0,0.0
2026/04/05(日) 11:00 キックオフ,桜美林大学,31,牧野　歩,1,DF,0,控え,0,0,0,0,0.0
2026/04/05(日) 11:00 キックオフ,桜美林大学,15,大崎　陽斗,4,DF,0,控え,0,0,0,0,0.0
2026/04/05(日) 11:00 キックオフ,桜美林大学,67,細谷　隼生,2,DF,9,控え,0,0,0,0,0.0
2026/04/05(日) 11:00 キックオフ,桜美林大学,2,小野　文也,4,MF,11,控え,0,1,1,0,0.0
2026/04/05(日) 11:00 キックオフ,桜美林大学,36,菊地　勝斗,4,MF,0,控え,0,0,0,0,0.0
2026/04/05(日) 11:00 キックオフ,桜美林大学,9,斎藤　翔太,4,MF,4,控え,0,0,0,0,0.0
2026/04/05(日) 11:00 キックオフ,桜美林大学,18,佐藤　璃央,4,MF,0,控え,0,0,0,0,0.0
2026/04/05(日) 11:00 キックオフ,桜美林大学,20,倉橋　正吾,4,FW,11,控え,0,0,0,0,0.0
2026/04/05(日) 11:00 キックオフ,学習院大学,1,若尾　林太朗,3,GK,90,先発,0,0,0,0,0.0
2026/04/05(日) 11:00 キックオフ,学習院大学,2,松本　隆宏,4,DF,90,先発,0,0,0,0,0.0
2026/04/05(日) 11:00 キックオフ,学習院大学,3,中川　賢人,3,DF,90,先発,0,0,0,0,0.0
2026/04/05(日) 11:00 キックオフ,学習院大学,4,木内　温大,4,DF,90,先発,0,0,0,0,0.0
2026/04/05(日) 11:00 キックオフ,学習院大学,5,小林　恭輔,4,DF,90,先発,0,0,0,0,0.0
2026/04/05(日) 11:00 キックオフ,学習院大学,13,梶　圭朝,2,DF,90,先発,0,0,0,0,0.0
2026/04/05(日) 11:00 キックオフ,学習院大学,6,神山　晃太,3,MF,55,先発,0,0,0,0,0.0
2026/04/05(日) 11:00 キックオフ,学習院大学,7,児島　巧海,2,MF,90,先発,1,1,2,1,50.0
2026/04/05(日) 11:00 キックオフ,学習院大学,8,小川　将弥,3,MF,64,先発,0,0,0,0,0.0
2026/04/05(日) 11:00 キックオフ,学習院大学,10,小林　千紘,4,MF,90,先発,1,2,3,0,0.0
2026/04/05(日) 11:00 キックオフ,学習院大学,11,渡辺　創士,3,MF,90,先発,0,2,2,1,50.0
2026/04/05(日) 11:00 キックオフ,学習院大学,12,大西　怜真,不明,GK,0,控え,0,0,0,0,0.0
2026/04/05(日) 11:00 キックオフ,学習院大学,24,柳澤　和希,3,DF,0,控え,0,0,0,0,0.0
2026/04/05(日) 11:00 キックオフ,学習院大学,14,佐藤　友樹,4,MF,35,控え,0,0,0,0,0.0
2026/04/05(日) 11:00 キックオフ,学習院大学,16,藤井　冬威,2,MF,0,控え,0,0,0,0,0.0
2026/04/05(日) 11:00 キックオフ,学習院大学,18,大久保　史温,2,MF,0,控え,0,0,0,0,0.0
2026/04/05(日) 11:00 キックオフ,学習院大学,9,佐藤　雄哉,3,FW,0,控え,0,0,0,0,0.0
2026/04/05(日) 11:00 キックオフ,学習院大学,15,早稲田　睦,4,FW,0,控え,0,0,0,0,0.0
2026/04/05(日) 11:00 キックオフ,学習院大学,17,原　壮太,4,FW,26,控え,0,0,0,0,0.0
2026/04/05(日) 11:00 キックオフ,学習院大学,20,北林　星七,2,FW,0,控え,0,0,0,0,0.0
2026/04/05(日) 13:30 キックオフ,東京経済大学,12,中村　裕大,2,GK,90,先発,0,0,0,0,0.0
2026/04/05(日) 13:30 キックオフ,東京経済大学,4,北林　嶺,3,DF,90,先発,0,0,0,0,0.0
2026/04/05(日) 13:30 キックオフ,東京経済大学,5,内田　雄真,2,DF,90,先発,0,0,0,0,0.0
2026/04/05(日) 13:30 キックオフ,東京経済大学,7,大塚　恭生,3,MF,90,先発,1,1,2,0,0.0
2026/04/05(日) 13:30 キックオフ,東京経済大学,10,伊崎　耕紀,4,MF,90,先発,0,0,0,0,0.0
2026/04/05(日) 13:30 キックオフ,東京経済大学,13,宮﨑　悠斗,3,MF,83,先発,1,0,1,1,100.0
2026/04/05(日) 13:30 キックオフ,東京経済大学,16,村松　晴登,3,MF,90,先発,1,3,4,1,25.0
2026/04/05(日) 13:30 キックオフ,東京経済大学,19,山田　士雄,2,MF,90,先発,0,1,1,0,0.0
2026/04/05(日) 13:30 キックオフ,東京経済大学,21,古垣　大樹,2,MF,62,先発,0,0,0,0,0.0
2026/04/05(日) 13:30 キックオフ,東京経済大学,28,海老原　寛大,2,MF,62,先発,2,1,3,2,66.7
2026/04/05(日) 13:30 キックオフ,東京経済大学,18,新井　悠河,不明,FW,74,先発,1,2,3,0,0.0
2026/04/05(日) 13:30 キックオフ,東京経済大学,30,寺内　聡,3,GK,0,控え,0,0,0,0,0.0
2026/04/05(日) 13:30 キックオフ,東京経済大学,24,川村　大樹,2,DF,0,控え,0,0,0,0,0.0
2026/04/05(日) 13:30 キックオフ,東京経済大学,27,川畑　宇輝,3,DF,0,控え,0,0,0,0,0.0
2026/04/05(日) 13:30 キックオフ,東京経済大学,3,古澤　友麻,3,MF,0,控え,0,0,0,0,0.0
2026/04/05(日) 13:30 キックオフ,東京経済大学,8,河西　透和,不明,MF,7,控え,0,2,2,0,0.0
2026/04/05(日) 13:30 キックオフ,東京経済大学,17,吉儀　大,3,MF,28,控え,0,0,0,0,0.0
2026/04/05(日) 13:30 キックオフ,東京経済大学,9,小尾　丞斗,4,FW,16,控え,0,1,1,0,0.0
2026/04/05(日) 13:30 キックオフ,東京経済大学,14,中島　洋之介,3,FW,0,控え,0,0,0,0,0.0
2026/04/05(日) 13:30 キックオフ,東京経済大学,15,久保寺　壱晟,3,FW,28,控え,0,1,1,1,100.0
2026/04/05(日) 13:30 キックオフ,神奈川工科大学（神奈川県）,30,大久保　陸翔,1,GK,90,先発,0,0,0,0,0.0
2026/04/05(日) 13:30 キックオフ,神奈川工科大学（神奈川県）,4,吉田　太陽,3,DF,90,先発,1,0,1,0,0.0
2026/04/05(日) 13:30 キックオフ,神奈川工科大学（神奈川県）,11,平田　竜誠,4,DF,76,先発,1,0,1,0,0.0
2026/04/05(日) 13:30 キックオフ,神奈川工科大学（神奈川県）,15,林　晃希,2,DF,90,先発,0,0,0,0,0.0
2026/04/05(日) 13:30 キックオフ,神奈川工科大学（神奈川県）,5,橋本　晃進,3,MF,90,先発,0,0,0,0,0.0
2026/04/05(日) 13:30 キックオフ,神奈川工科大学（神奈川県）,7,小林　優介,3,MF,83,先発,0,0,0,0,0.0
2026/04/05(日) 13:30 キックオフ,神奈川工科大学（神奈川県）,8,春原　	哲汰,3,MF,71,先発,0,0,0,0,0.0
2026/04/05(日) 13:30 キックオフ,神奈川工科大学（神奈川県）,10,小林　暢,4,MF,90,先発,0,0,0,0,0.0
2026/04/05(日) 13:30 キックオフ,神奈川工科大学（神奈川県）,13,齊藤　大翔,1,MF,86,先発,0,0,0,0,0.0
2026/04/05(日) 13:30 キックオフ,神奈川工科大学（神奈川県）,14,杉本　侑哉,3,MF,90,先発,0,1,1,1,100.0
2026/04/05(日) 13:30 キックオフ,神奈川工科大学（神奈川県）,9,功刀　崇斗,4,FW,90,先発,1,1,2,0,0.0
2026/04/05(日) 13:30 キックオフ,神奈川工科大学（神奈川県）,1,古渕　雅喜,4,GK,0,控え,0,0,0,0,0.0
2026/04/05(日) 13:30 キックオフ,神奈川工科大学（神奈川県）,2,菅原　颯太郎,3,DF,0,控え,0,0,0,0,0.0
2026/04/05(日) 13:30 キックオフ,神奈川工科大学（神奈川県）,3,五十嵐　晴生,3,DF,14,控え,0,0,0,0,0.0
2026/04/05(日) 13:30 キックオフ,神奈川工科大学（神奈川県）,29,常盤　啓太,1,DF,0,控え,0,0,0,0,0.0
2026/04/05(日) 13:30 キックオフ,神奈川工科大学（神奈川県）,6,石塚　快,3,MF,0,控え,0,0,0,0,0.0
2026/04/05(日) 13:30 キックオフ,神奈川工科大学（神奈川県）,23,小野　晟和,1,MF,4,控え,0,0,0,0,0.0
2026/04/05(日) 13:30 キックオフ,神奈川工科大学（神奈川県）,27,宮代　匠,4,MF,0,控え,0,0,0,0,0.0
2026/04/05(日) 13:30 キックオフ,神奈川工科大学（神奈川県）,18,前原　海聖,2,FW,19,控え,0,0,0,0,0.0
2026/04/05(日) 13:30 キックオフ,神奈川工科大学（神奈川県）,19,脇屋　颯人,1,FW,7,控え,0,0,0,0,0.0
2026/04/05(日) 14:00 キックオフ,帝京大学,1,佐藤 翔,3,GK,90,先発,0,0,0,0,0.0
2026/04/05(日) 14:00 キックオフ,帝京大学,2,松本 大地,4,DF,90,先発,0,0,0,0,0.0
2026/04/05(日) 14:00 キックオフ,帝京大学,3,船木 匡太朗,2,DF,90,先発,0,0,0,0,0.0
2026/04/05(日) 14:00 キックオフ,帝京大学,4,福平 太一,4,DF,90,先発,1,0,1,0,0.0
2026/04/05(日) 14:00 キックオフ,帝京大学,5,小林 侑希,2,DF,90,先発,0,1,1,0,0.0
2026/04/05(日) 14:00 キックオフ,帝京大学,6,近江 智哉,2,MF,66,先発,0,0,0,0,0.0
2026/04/05(日) 14:00 キックオフ,帝京大学,9,緒方 快青,4,MF,58,先発,5,3,8,0,0.0
2026/04/05(日) 14:00 キックオフ,帝京大学,13,沢 柊斗,4,MF,58,先発,0,1,1,0,0.0
2026/04/05(日) 14:00 キックオフ,帝京大学,14,藤田 晴,4,FW,90,先発,2,2,4,0,0.0
2026/04/05(日) 14:00 キックオフ,帝京大学,19,佐山 洸士,2,MF,58,先発,1,0,1,1,100.0
2026/04/05(日) 14:00 キックオフ,帝京大学,26,桾澤 琢太,3,MF,81,先発,1,0,1,0,0.0
2026/04/05(日) 14:00 キックオフ,帝京大学,7,内堀 太貴,2,MF,32,控え,0,3,3,1,33.3
2026/04/05(日) 14:00 キックオフ,帝京大学,8,桒原 一斗,3,MF,24,控え,0,1,1,0,0.0
2026/04/05(日) 14:00 キックオフ,帝京大学,10,細木 創太,4,FW,32,控え,0,2,2,1,50.0
2026/04/05(日) 14:00 キックオフ,帝京大学,12,牧野 長太朗,2,GK,0,控え,0,0,0,0,0.0
2026/04/05(日) 14:00 キックオフ,帝京大学,15,杉浦 慶樹,4,FW,9,控え,0,0,0,0,0.0
2026/04/05(日) 14:00 キックオフ,帝京大学,16,池内 優介,3,DF,32,控え,0,1,1,0,0.0
2026/04/05(日) 14:00 キックオフ,帝京大学,18,野田 侑聖,2,MF,0,控え,0,0,0,0,0.0
2026/04/05(日) 14:00 キックオフ,帝京大学,23,大塚 樟太,3,FW,0,控え,0,0,0,0,0.0
2026/04/05(日) 14:00 キックオフ,帝京大学,27,山下 湊太郎,3,DF,0,控え,0,0,0,0,0.0
2026/04/05(日) 14:00 キックオフ,上智大学,1,藤田　大輝,4,GK,90,先発,0,0,0,0,0.0
2026/04/05(日) 14:00 キックオフ,上智大学,3,松本　和輝,3,DF,90,先発,0,0,0,0,0.0
2026/04/05(日) 14:00 キックオフ,上智大学,6,荒川　哲平,3,MF,90,先発,0,0,0,0,0.0
2026/04/05(日) 14:00 キックオフ,上智大学,8,福島　広大,4,MF,86,先発,1,0,1,0,0.0
2026/04/05(日) 14:00 キックオフ,上智大学,9,田中　佑樹,3,FW,90,先発,0,1,1,1,100.0
2026/04/05(日) 14:00 キックオフ,上智大学,10,塙　　仁成,4,MF,78,先発,0,0,0,0,0.0
2026/04/05(日) 14:00 キックオフ,上智大学,33,村田　幸基,1,DF,90,先発,0,0,0,0,0.0
2026/04/05(日) 14:00 キックオフ,上智大学,44,山崎　颯介,2,MF,86,先発,0,0,0,0,0.0
2026/04/05(日) 14:00 キックオフ,上智大学,79,杉崎　皐輔,2,MF,70,先発,0,0,0,0,0.0
2026/04/05(日) 14:00 キックオフ,上智大学,88,廣恒　龍,2,MF,62,先発,0,0,0,0,0.0
2026/04/05(日) 14:00 キックオフ,上智大学,97,須田　悠斗,2,DF,90,先発,0,0,0,0,0.0
2026/04/05(日) 14:00 キックオフ,上智大学,2,唐澤　健太,4,DF,0,控え,0,0,0,0,0.0
2026/04/05(日) 14:00 キックオフ,上智大学,4,須藤　智洋,4,DF,0,控え,0,0,0,0,0.0
2026/04/05(日) 14:00 キックオフ,上智大学,11,笠原　真尋,3,MF,4,控え,0,0,0,0,0.0
2026/04/05(日) 14:00 キックオフ,上智大学,20,川島　晴空,3,DF,0,控え,0,0,0,0,0.0
2026/04/05(日) 14:00 キックオフ,上智大学,21,橋本　斗雅,2,MF,4,控え,0,0,0,0,0.0
2026/04/05(日) 14:00 キックオフ,上智大学,32,堀江　風雅,3,MF,28,控え,0,0,0,0,0.0
2026/04/05(日) 14:00 キックオフ,上智大学,35,大西　十和,1,FW,12,控え,0,0,0,0,0.0
2026/04/05(日) 14:00 キックオフ,上智大学,50,五十嵐　陽人,2,MF,0,控え,0,0,0,0,0.0
2026/04/05(日) 14:00 キックオフ,上智大学,80,大島　千虎,2,FW,20,控え,0,0,0,0,0.0
2026/04/11(土) 12:45 キックオフ,横浜国立大学（神奈川県）,1,神山　洋輝,4,GK,90,先発,0,0,0,0,0.0
2026/04/11(土) 12:45 キックオフ,横浜国立大学（神奈川県）,5,大西　遼久,4,DF,90,先発,0,0,0,0,0.0
2026/04/11(土) 12:45 キックオフ,横浜国立大学（神奈川県）,6,渡邊　元気,2,MF,90,先発,2,1,3,0,0.0
2026/04/11(土) 12:45 キックオフ,横浜国立大学（神奈川県）,7,立入　光記,4,MF,90,先発,1,2,3,0,0.0
2026/04/11(土) 12:45 キックオフ,横浜国立大学（神奈川県）,8,小宮　昂大,3,MF,90,先発,0,0,0,0,0.0
2026/04/11(土) 12:45 キックオフ,横浜国立大学（神奈川県）,9,篠崎　開惺,3,FW,90,先発,1,2,3,0,0.0
2026/04/11(土) 12:45 キックオフ,横浜国立大学（神奈川県）,10,原子　泰地,4,FW,90,先発,1,0,1,1,100.0
2026/04/11(土) 12:45 キックオフ,横浜国立大学（神奈川県）,13,竹中　暖喜,3,DF,90,先発,1,0,1,1,100.0
2026/04/11(土) 12:45 キックオフ,横浜国立大学（神奈川県）,19,森下　優之心,2,DF,69,先発,0,0,0,0,0.0
2026/04/11(土) 12:45 キックオフ,横浜国立大学（神奈川県）,26,加藤　士門,4,FW,90,先発,0,0,0,0,0.0
2026/04/11(土) 12:45 キックオフ,横浜国立大学（神奈川県）,36,井上　愛翔,2,MF,79,先発,2,0,2,0,0.0
2026/04/11(土) 12:45 キックオフ,横浜国立大学（神奈川県）,3,髙木　直,2,MF,11,控え,0,0,0,0,0.0
2026/04/11(土) 12:45 キックオフ,横浜国立大学（神奈川県）,4,飯島　浩輝,4,MF,0,控え,0,0,0,0,0.0
2026/04/11(土) 12:45 キックオフ,横浜国立大学（神奈川県）,14,木村　光,3,MF,0,控え,0,0,0,0,0.0
2026/04/11(土) 12:45 キックオフ,横浜国立大学（神奈川県）,15,櫻井　恵太,2,MF,21,控え,0,0,0,0,0.0
2026/04/11(土) 12:45 キックオフ,横浜国立大学（神奈川県）,18,田房　朋樹,2,MF,0,控え,0,0,0,0,0.0
2026/04/11(土) 12:45 キックオフ,横浜国立大学（神奈川県）,21,川瀬　統己,4,GK,0,控え,0,0,0,0,0.0
2026/04/11(土) 12:45 キックオフ,横浜国立大学（神奈川県）,25,川口　湊人,2,MF,0,控え,0,0,0,0,0.0
2026/04/11(土) 12:45 キックオフ,横浜国立大学（神奈川県）,30,中野　楓麻,4,DF,0,控え,0,0,0,0,0.0
2026/04/11(土) 12:45 キックオフ,横浜国立大学（神奈川県）,40,小島　滉人,4,DF,0,控え,0,0,0,0,0.0
2026/04/11(土) 12:45 キックオフ,桜美林大学,3,岩本　晴,4,DF,90,先発,1,1,2,1,50.0
2026/04/11(土) 12:45 キックオフ,桜美林大学,5,高井　翔麻,3,DF,90,先発,3,1,4,0,0.0
2026/04/11(土) 12:45 キックオフ,桜美林大学,6,吉川　遥人,4,MF,81,先発,0,0,0,0,0.0
2026/04/11(土) 12:45 キックオフ,桜美林大学,7,佐藤　天真,4,MF,90,先発,0,0,0,0,0.0
2026/04/11(土) 12:45 キックオフ,桜美林大学,10,石澤　海陽,4,FW,90,先発,3,0,3,1,33.3
2026/04/11(土) 12:45 キックオフ,桜美林大学,21,菊地　琉世,4,MF,86,先発,1,2,3,2,66.7
2026/04/11(土) 12:45 キックオフ,桜美林大学,22,高橋　陽翔,4,DF,90,先発,0,1,1,1,100.0
2026/04/11(土) 12:45 キックオフ,桜美林大学,25,大成　春斗,4,FW,78,先発,1,0,1,0,0.0
2026/04/11(土) 12:45 キックオフ,桜美林大学,44,堀江　響希,3,DF,90,先発,0,1,1,0,0.0
2026/04/11(土) 12:45 キックオフ,桜美林大学,90,三治　陽空,2,GK,90,先発,0,0,0,0,0.0
2026/04/11(土) 12:45 キックオフ,桜美林大学,96,木村　恵真,1,MF,64,先発,0,0,0,0,0.0
2026/04/11(土) 12:45 キックオフ,桜美林大学,2,小野　文也,4,MF,0,控え,0,0,0,0,0.0
2026/04/11(土) 12:45 キックオフ,桜美林大学,9,斎藤　翔太,4,MF,9,控え,0,1,1,1,100.0
2026/04/11(土) 12:45 キックオフ,桜美林大学,15,大崎　陽斗,4,DF,0,控え,0,0,0,0,0.0
2026/04/11(土) 12:45 キックオフ,桜美林大学,20,倉橋　正吾,4,FW,12,控え,0,1,1,1,100.0
2026/04/11(土) 12:45 キックオフ,桜美林大学,31,牧野　歩,1,DF,0,控え,0,0,0,0,0.0
2026/04/11(土) 12:45 キックオフ,桜美林大学,36,菊地　勝斗,4,MF,4,控え,0,0,0,0,0.0
2026/04/11(土) 12:45 キックオフ,桜美林大学,67,細谷　隼生,2,DF,26,控え,0,0,0,0,0.0
2026/04/11(土) 12:45 キックオフ,桜美林大学,80,小野口　怜望,1,GK,0,控え,0,0,0,0,0.0
2026/04/11(土) 12:45 キックオフ,桜美林大学,88,山本　陵聖,4,DF,0,控え,0,0,0,0,0.0
2026/04/11(土) 14:30 キックオフ,上智大学,1,藤田　大輝,4,GK,90,先発,0,0,0,0,0.0
2026/04/11(土) 14:30 キックオフ,上智大学,97,須田　悠斗,2,DF,20,先発,0,0,0,0,0.0
2026/04/11(土) 14:30 キックオフ,上智大学,3,松本　和輝,3,DF,90,先発,0,0,0,0,0.0
2026/04/11(土) 14:30 キックオフ,上智大学,33,村田　幸基,1,DF,90,先発,0,1,1,0,0.0
2026/04/11(土) 14:30 キックオフ,上智大学,44,山崎　颯介,2,MF,90,先発,0,0,0,0,0.0
2026/04/11(土) 14:30 キックオフ,上智大学,79,杉崎　皐輔,2,MF,90,先発,1,0,1,0,0.0
2026/04/11(土) 14:30 キックオフ,上智大学,6,荒川　哲平,3,MF,90,先発,0,0,0,0,0.0
2026/04/11(土) 14:30 キックオフ,上智大学,32,堀江　風雅,3,MF,61,先発,0,0,0,0,0.0
2026/04/11(土) 14:30 キックオフ,上智大学,8,福島　広大,4,MF,70,先発,0,0,0,0,0.0
2026/04/11(土) 14:30 キックオフ,上智大学,10,塙　　仁成,4,MF,82,先発,2,0,2,0,0.0
2026/04/11(土) 14:30 キックオフ,上智大学,9,田中　佑樹,3,FW,90,先発,0,0,0,0,0.0
2026/04/11(土) 14:30 キックオフ,上智大学,4,須藤　智洋,4,DF,70,控え,0,0,0,0,0.0
2026/04/11(土) 14:30 キックオフ,上智大学,20,川島　晴空,3,DF,0,控え,0,0,0,0,0.0
2026/04/11(土) 14:30 キックオフ,上智大学,26,宇野　伶,3,DF,0,控え,0,0,0,0,0.0
2026/04/11(土) 14:30 キックオフ,上智大学,94,安野　一颯,2,DF,8,控え,0,0,0,0,0.0
2026/04/11(土) 14:30 キックオフ,上智大学,11,笠原　真尋,3,MF,0,控え,0,0,0,0,0.0
2026/04/11(土) 14:30 キックオフ,上智大学,17,白坂　航大,4,MF,0,控え,0,0,0,0,0.0
2026/04/11(土) 14:30 キックオフ,上智大学,88,廣恒　龍,2,MF,20,控え,0,0,0,0,0.0
2026/04/11(土) 14:30 キックオフ,上智大学,35,大西　十和,1,FW,0,控え,0,0,0,0,0.0
2026/04/11(土) 14:30 キックオフ,上智大学,80,大島　千虎,2,FW,29,控え,0,1,1,0,0.0
2026/04/11(土) 14:30 キックオフ,東京経済大学,12,中村　裕大,2,GK,90,先発,0,0,0,0,0.0
2026/04/11(土) 14:30 キックオフ,東京経済大学,4,北林　嶺,3,DF,90,先発,0,1,1,0,0.0
2026/04/11(土) 14:30 キックオフ,東京経済大学,5,内田　雄真,2,DF,90,先発,1,1,2,0,0.0
2026/04/11(土) 14:30 キックオフ,東京経済大学,8,河西　透和,不明,MF,90,先発,0,0,0,0,0.0
2026/04/11(土) 14:30 キックオフ,東京経済大学,10,伊崎　耕紀,4,MF,79,先発,2,1,3,0,0.0
2026/04/11(土) 14:30 キックオフ,東京経済大学,7,大塚　恭生,3,MF,90,先発,0,0,0,0,0.0
2026/04/11(土) 14:30 キックオフ,東京経済大学,13,宮﨑　悠斗,3,MF,90,先発,0,0,0,0,0.0
2026/04/11(土) 14:30 キックオフ,東京経済大学,16,村松　晴登,3,MF,90,先発,1,2,3,0,0.0
2026/04/11(土) 14:30 キックオフ,東京経済大学,21,古垣　大樹,2,MF,63,先発,1,3,4,1,25.0
2026/04/11(土) 14:30 キックオフ,東京経済大学,28,海老原　寛大,2,MF,63,先発,0,1,1,0,0.0
2026/04/11(土) 14:30 キックオフ,東京経済大学,18,新井　悠河,不明,FW,72,先発,0,1,1,0,0.0
2026/04/11(土) 14:30 キックオフ,東京経済大学,30,寺内　聡,3,GK,0,控え,0,0,0,0,0.0
2026/04/11(土) 14:30 キックオフ,東京経済大学,3,古澤　友麻,3,DF,11,控え,0,0,0,0,0.0
2026/04/11(土) 14:30 キックオフ,東京経済大学,6,松井　一晟,3,DF,0,控え,0,0,0,0,0.0
2026/04/11(土) 14:30 キックオフ,東京経済大学,14,中島　洋之介,3,MF,0,控え,0,0,0,0,0.0
2026/04/11(土) 14:30 キックオフ,東京経済大学,15,久保寺　壱晟,3,MF,0,控え,0,0,0,0,0.0
2026/04/11(土) 14:30 キックオフ,東京経済大学,17,吉儀　大,3,MF,27,控え,0,2,2,0,0.0
2026/04/11(土) 14:30 キックオフ,東京経済大学,26,田中　大夢,不明,MF,0,控え,0,0,0,0,0.0
2026/04/11(土) 14:30 キックオフ,東京経済大学,29,駒田　晴生,3,MF,27,控え,0,3,3,1,33.3
2026/04/11(土) 14:30 キックオフ,東京経済大学,9,小尾　丞斗,4,FW,18,控え,0,1,1,0,0.0
2026/04/11(土) 17:03 キックオフ,玉川大学,3,信賀　有希,4,DF,90,先発,0,0,0,0,0.0
2026/04/11(土) 17:03 キックオフ,玉川大学,5,松井　琢磨,2,DF,90,先発,0,0,0,0,0.0
2026/04/11(土) 17:03 キックオフ,玉川大学,7,森岡　大地,4,MF,85,先発,1,0,1,0,0.0
2026/04/11(土) 17:03 キックオフ,玉川大学,10,内田　凜,4,MF,90,先発,0,0,0,0,0.0
2026/04/11(土) 17:03 キックオフ,玉川大学,11,中村　隼人,4,MF,90,先発,0,0,0,0,0.0
2026/04/11(土) 17:03 キックオフ,玉川大学,13,堀野辺　空,4,MF,74,先発,1,0,1,0,0.0
2026/04/11(土) 17:03 キックオフ,玉川大学,14,林　雄琉,4,MF,83,先発,0,1,1,0,0.0
2026/04/11(土) 17:03 キックオフ,玉川大学,16,今村　光汰,4,GK,90,先発,0,0,0,0,0.0
2026/04/11(土) 17:03 キックオフ,玉川大学,19,国谷　康太,3,FW,63,先発,0,0,0,0,0.0
2026/04/11(土) 17:03 キックオフ,玉川大学,23,國本　純成,3,MF,90,先発,1,1,2,0,0.0
2026/04/11(土) 17:03 キックオフ,玉川大学,36,上野　湊,3,DF,90,先発,0,0,0,0,0.0
2026/04/11(土) 17:03 キックオフ,玉川大学,12,松本　里央,2,FW,0,控え,0,0,0,0,0.0
2026/04/11(土) 17:03 キックオフ,玉川大学,15,丸尾　航琉,4,DF,0,控え,0,0,0,0,0.0
2026/04/11(土) 17:03 キックオフ,玉川大学,17,上野　兼叶,2,FW,27,控え,0,0,0,0,0.0
2026/04/11(土) 17:03 キックオフ,玉川大学,18,佐久間　駿喜,3,FW,7,控え,0,0,0,1,0.0
2026/04/11(土) 17:03 キックオフ,玉川大学,22,歳森　杏介,2,MF,7,控え,0,0,0,0,0.0
2026/04/11(土) 17:03 キックオフ,玉川大学,26,杉山　和勢,2,MF,0,控え,0,0,0,0,0.0
2026/04/11(土) 17:03 キックオフ,玉川大学,27,楠山　奈音,3,DF,5,控え,0,0,0,0,0.0
2026/04/11(土) 17:03 キックオフ,玉川大学,33,荒井　陽大,2,FW,16,控え,0,0,0,0,0.0
2026/04/11(土) 17:03 キックオフ,玉川大学,34,坂本　佳晴,2,MF,0,控え,0,0,0,0,0.0
2026/04/11(土) 17:03 キックオフ,武蔵大学,1,重山　武史,4,GK,90,先発,0,0,0,0,0.0
2026/04/11(土) 17:03 キックオフ,武蔵大学,2,久保田　琳,4,DF,90,先発,0,0,0,0,0.0
2026/04/11(土) 17:03 キックオフ,武蔵大学,3,中嶋　惇仁,4,DF,90,先発,0,1,1,0,0.0
2026/04/11(土) 17:03 キックオフ,武蔵大学,8,中里　春輝,4,DF,90,先発,0,0,0,0,0.0
2026/04/11(土) 17:03 キックオフ,武蔵大学,10,森田　蓮人,4,FW,90,先発,0,3,3,0,0.0
2026/04/11(土) 17:03 キックオフ,武蔵大学,11,田辺　伊吹,4,FW,90,先発,1,2,3,0,0.0
2026/04/11(土) 17:03 キックオフ,武蔵大学,13,藤倉　空知,3,MF,80,先発,1,0,1,0,0.0
2026/04/11(土) 17:03 キックオフ,武蔵大学,19,加藤　大聖,4,DF,90,先発,0,0,0,0,0.0
2026/04/11(土) 17:03 キックオフ,武蔵大学,22,水越　大心,3,MF,72,先発,1,1,2,0,0.0
2026/04/11(土) 17:03 キックオフ,武蔵大学,33,宇野　大稀,2,MF,90,先発,0,0,0,0,0.0
2026/04/11(土) 17:03 キックオフ,武蔵大学,40,泉谷　俊,2,MF,90,先発,0,0,0,0,0.0
2026/04/11(土) 17:03 キックオフ,武蔵大学,4,小野寺　拓巳,2,DF,0,控え,0,0,0,0,0.0
2026/04/11(土) 17:03 キックオフ,武蔵大学,14,石塚　優斗,3,MF,0,控え,0,0,0,0,0.0
2026/04/11(土) 17:03 キックオフ,武蔵大学,15,柳澤　広喜,3,MF,0,控え,0,0,0,0,0.0
2026/04/11(土) 17:03 キックオフ,武蔵大学,21,神田　謙二郎,2,GK,0,控え,0,0,0,0,0.0
2026/04/11(土) 17:03 キックオフ,武蔵大学,24,永山　泰希,3,DF,0,控え,0,0,0,0,0.0
2026/04/11(土) 17:03 キックオフ,武蔵大学,26,池戸　虹成,2,MF,18,控え,0,0,0,0,0.0
2026/04/11(土) 17:03 キックオフ,武蔵大学,28,藤田　和,2,MF,0,控え,0,0,0,0,0.0
2026/04/11(土) 17:03 キックオフ,武蔵大学,45,寺田　聡,2,MF,0,控え,0,0,0,0,0.0
2026/04/11(土) 17:03 キックオフ,武蔵大学,47,廣井　悠真,2,FW,10,控え,0,1,1,0,0.0
2026/04/12(日) 10:00 キックオフ,朝鮮大学校,1,金 柱相,4,GK,90,先発,0,0,0,0,0.0
2026/04/12(日) 10:00 キックオフ,朝鮮大学校,2,沈 瑞輝,3,DF,90,先発,0,0,0,0,0.0
2026/04/12(日) 10:00 キックオフ,朝鮮大学校,4,金 悠宇,4,DF,90,先発,2,0,2,0,0.0
2026/04/12(日) 10:00 キックオフ,朝鮮大学校,20,金 星希,4,DF,90,先発,0,0,0,0,0.0
2026/04/12(日) 10:00 キックオフ,朝鮮大学校,8,朴 創嶺,不明,MF,80,先発,1,0,1,0,0.0
2026/04/12(日) 10:00 キックオフ,朝鮮大学校,10,朴 ソラ,4,MF,72,先発,2,1,3,0,0.0
2026/04/12(日) 10:00 キックオフ,朝鮮大学校,19,金 亨政,3,MF,90,先発,1,1,2,0,0.0
2026/04/12(日) 10:00 キックオフ,朝鮮大学校,28,崔 廣敏,4,MF,45,先発,2,0,2,0,0.0
2026/04/12(日) 10:00 キックオフ,朝鮮大学校,29,鄭 誓華,2,MF,90,先発,0,1,1,0,0.0
2026/04/12(日) 10:00 キックオフ,朝鮮大学校,11,鄭 泰男,4,FW,90,先発,1,0,1,0,0.0
2026/04/12(日) 10:00 キックオフ,朝鮮大学校,14,金 世諒,3,FW,89,先発,4,2,6,1,16.7
2026/04/12(日) 10:00 キックオフ,朝鮮大学校,12,金 利優,4,GK,0,控え,0,0,0,0,0.0
2026/04/12(日) 10:00 キックオフ,朝鮮大学校,5,愼 昌樹,4,DF,0,控え,0,0,0,0,0.0
2026/04/12(日) 10:00 キックオフ,朝鮮大学校,6,姜 正晃,4,MF,10,控え,0,0,0,0,0.0
2026/04/12(日) 10:00 キックオフ,朝鮮大学校,17,金 翔栄,4,MF,18,控え,0,0,0,0,0.0
2026/04/12(日) 10:00 キックオフ,朝鮮大学校,23,チョ ヘフィ,4,MF,1,控え,0,0,0,0,0.0
2026/04/12(日) 10:00 キックオフ,朝鮮大学校,9,金 翔元,4,FW,45,控え,0,0,0,0,0.0
2026/04/12(日) 10:00 キックオフ,神奈川工科大学（神奈川県）,30,大久保　陸翔,1,GK,90,先発,0,0,0,0,0.0
2026/04/12(日) 10:00 キックオフ,神奈川工科大学（神奈川県）,3,五十嵐　晴生,3,DF,90,先発,0,0,0,0,0.0
2026/04/12(日) 10:00 キックオフ,神奈川工科大学（神奈川県）,11,平田　竜誠,4,DF,90,先発,0,0,0,0,0.0
2026/04/12(日) 10:00 キックオフ,神奈川工科大学（神奈川県）,15,林　晃希,2,DF,90,先発,0,0,0,0,0.0
2026/04/12(日) 10:00 キックオフ,神奈川工科大学（神奈川県）,5,橋本　晃進,3,MF,90,先発,0,0,0,0,0.0
2026/04/12(日) 10:00 キックオフ,神奈川工科大学（神奈川県）,7,小林　優介,3,MF,90,先発,1,0,1,0,0.0
2026/04/12(日) 10:00 キックオフ,神奈川工科大学（神奈川県）,8,春原　	哲汰,3,MF,90,先発,2,0,2,0,0.0
2026/04/12(日) 10:00 キックオフ,神奈川工科大学（神奈川県）,10,小林　暢,4,MF,90,先発,1,0,1,0,0.0
2026/04/12(日) 10:00 キックオフ,神奈川工科大学（神奈川県）,13,齊藤　大翔,1,MF,77,先発,0,0,0,0,0.0
2026/04/12(日) 10:00 キックオフ,神奈川工科大学（神奈川県）,14,杉本　侑哉,3,MF,90,先発,0,0,0,0,0.0
2026/04/12(日) 10:00 キックオフ,神奈川工科大学（神奈川県）,9,功刀　崇斗,4,FW,90,先発,1,1,2,0,0.0
2026/04/12(日) 10:00 キックオフ,神奈川工科大学（神奈川県）,1,古渕　雅喜,4,GK,0,控え,0,0,0,0,0.0
2026/04/12(日) 10:00 キックオフ,神奈川工科大学（神奈川県）,2,菅原　颯太郎,3,DF,0,控え,0,0,0,0,0.0
2026/04/12(日) 10:00 キックオフ,神奈川工科大学（神奈川県）,29,常盤　啓太,1,DF,0,控え,0,0,0,0,0.0
2026/04/12(日) 10:00 キックオフ,神奈川工科大学（神奈川県）,6,石塚　快,3,MF,0,控え,0,0,0,0,0.0
2026/04/12(日) 10:00 キックオフ,神奈川工科大学（神奈川県）,23,小野　晟和,1,MF,0,控え,0,0,0,0,0.0
2026/04/12(日) 10:00 キックオフ,神奈川工科大学（神奈川県）,27,宮代　匠,4,MF,0,控え,0,0,0,0,0.0
2026/04/12(日) 10:00 キックオフ,神奈川工科大学（神奈川県）,12,川瀬　桜介,1,FW,13,控え,0,0,0,0,0.0
2026/04/12(日) 10:00 キックオフ,神奈川工科大学（神奈川県）,18,前原　海聖,2,FW,0,控え,0,0,0,0,0.0
2026/04/12(日) 10:00 キックオフ,神奈川工科大学（神奈川県）,19,脇屋　颯人,1,FW,0,控え,0,0,0,0,0.0
2026/04/12(日) 14:00 キックオフ,日本大学文理学部,1,磯貝 仁斗,4,GK,90,先発,0,0,0,0,0.0
2026/04/12(日) 14:00 キックオフ,日本大学文理学部,2,横山 聡大,2,DF,77,先発,0,0,0,0,0.0
2026/04/12(日) 14:00 キックオフ,日本大学文理学部,3,北村 翼,3,DF,90,先発,0,0,0,0,0.0
2026/04/12(日) 14:00 キックオフ,日本大学文理学部,25,間 琥太朗,3,DF,90,先発,2,0,2,0,0.0
2026/04/12(日) 14:00 キックオフ,日本大学文理学部,37,清水 佑,3,DF,90,先発,0,0,0,0,0.0
2026/04/12(日) 14:00 キックオフ,日本大学文理学部,93,小川 寧大,3,DF,90,先発,0,0,0,0,0.0
2026/04/12(日) 14:00 キックオフ,日本大学文理学部,6,大塚 逢祥,3,MF,90,先発,0,0,0,0,0.0
2026/04/12(日) 14:00 キックオフ,日本大学文理学部,10,城田 優,4,MF,90,先発,0,1,1,0,0.0
2026/04/12(日) 14:00 キックオフ,日本大学文理学部,14,葛西 由晏,2,MF,90,先発,1,0,1,0,0.0
2026/04/12(日) 14:00 キックオフ,日本大学文理学部,24,川口 友作,4,MF,82,先発,1,0,1,1,100.0
2026/04/12(日) 14:00 キックオフ,日本大学文理学部,9,遠田 凌,4,FW,73,先発,2,0,2,1,50.0
2026/04/12(日) 14:00 キックオフ,日本大学文理学部,91,嶋﨑 寛大,4,GK,0,控え,0,0,0,0,0.0
2026/04/12(日) 14:00 キックオフ,日本大学文理学部,77,新門 一晏,2,DF,0,控え,0,0,0,0,0.0
2026/04/12(日) 14:00 キックオフ,日本大学文理学部,5,星 恒輝,3,MF,0,控え,0,0,0,0,0.0
2026/04/12(日) 14:00 キックオフ,日本大学文理学部,46,鈴木 堅斗,4,MF,0,控え,0,0,0,0,0.0
2026/04/12(日) 14:00 キックオフ,日本大学文理学部,98,久場 莉稀,3,MF,0,控え,0,0,0,0,0.0
2026/04/12(日) 14:00 キックオフ,日本大学文理学部,18,中村 陶冶,1,FW,13,控え,0,1,1,0,0.0
2026/04/12(日) 14:00 キックオフ,日本大学文理学部,19,有田 海志,3,FW,0,控え,0,0,0,0,0.0
2026/04/12(日) 14:00 キックオフ,日本大学文理学部,28,谷口 莉都,2,FW,8,控え,0,0,0,0,0.0
2026/04/12(日) 14:00 キックオフ,日本大学文理学部,29,髙山 周,3,FW,17,控え,0,0,0,0,0.0
2026/04/12(日) 14:00 キックオフ,大東文化大学,1,清水　天斗,不明,GK,90,先発,0,0,0,0,0.0
2026/04/12(日) 14:00 キックオフ,大東文化大学,6,目黒　嵩人,4,DF,90,先発,0,1,1,0,0.0
2026/04/12(日) 14:00 キックオフ,大東文化大学,3,雨宮　壮汰,不明,DF,64,先発,0,0,0,0,0.0
2026/04/12(日) 14:00 キックオフ,大東文化大学,5,池羽　航輝,不明,DF,90,先発,0,0,0,0,0.0
2026/04/12(日) 14:00 キックオフ,大東文化大学,27,津田　楓真,不明,DF,90,先発,0,0,0,0,0.0
2026/04/12(日) 14:00 キックオフ,大東文化大学,41,佃　孝太,2,MF,82,先発,2,0,2,1,50.0
2026/04/12(日) 14:00 キックオフ,大東文化大学,47,渡辺　浩史,3,MF,90,先発,1,1,2,0,0.0
2026/04/12(日) 14:00 キックオフ,大東文化大学,14,信國　達也,3,MF,90,先発,1,0,1,0,0.0
2026/04/12(日) 14:00 キックオフ,大東文化大学,10,安藤　稜人,不明,MF,64,先発,2,0,2,0,0.0
2026/04/12(日) 14:00 キックオフ,大東文化大学,29,佐藤　大心,2,MF,90,先発,1,0,1,0,0.0
2026/04/12(日) 14:00 キックオフ,大東文化大学,16,栗栖　晴己,3,MF,77,先発,1,0,1,0,0.0
2026/04/12(日) 14:00 キックオフ,大東文化大学,12,妹尾　典,4,GK,0,控え,0,0,0,0,0.0
2026/04/12(日) 14:00 キックオフ,大東文化大学,4,正木　翠羽,不明,DF,0,控え,0,0,0,0,0.0
2026/04/12(日) 14:00 キックオフ,大東文化大学,22,髙野　広大,不明,DF,0,控え,0,0,0,0,0.0
2026/04/12(日) 14:00 キックオフ,大東文化大学,13,佐久間　勇斗,3,MF,0,控え,0,0,0,0,0.0
2026/04/12(日) 14:00 キックオフ,大東文化大学,11,舘　颯之介,4,MF,26,控え,0,1,1,1,100.0
2026/04/12(日) 14:00 キックオフ,大東文化大学,9,熊田　裕,不明,MF,13,控え,0,0,0,0,0.0
2026/04/12(日) 14:00 キックオフ,大東文化大学,96,奥田　大翔,2,FW,26,控え,0,0,0,0,0.0
2026/04/12(日) 14:00 キックオフ,大東文化大学,43,並木　俊輔,2,MF,8,控え,0,0,0,0,0.0
2026/04/12(日) 14:00 キックオフ,大東文化大学,7,笠原　壮瑠,不明,FW,0,控え,0,0,0,0,0.0
2026/04/12(日) 15:00 キックオフ,学習院大学,1,若尾　林太朗,3,GK,90,先発,0,0,0,0,0.0
2026/04/12(日) 15:00 キックオフ,学習院大学,2,松本　隆宏,4,DF,90,先発,0,0,0,0,0.0
2026/04/12(日) 15:00 キックオフ,学習院大学,3,中川　賢人,3,DF,90,先発,0,1,1,0,0.0
2026/04/12(日) 15:00 キックオフ,学習院大学,5,小林　恭輔,4,DF,90,先発,1,1,2,0,0.0
2026/04/12(日) 15:00 キックオフ,学習院大学,6,神山　晃太,3,MF,64,先発,0,0,0,0,0.0
2026/04/12(日) 15:00 キックオフ,学習院大学,7,児島　巧海,2,MF,90,先発,0,0,0,0,0.0
2026/04/12(日) 15:00 キックオフ,学習院大学,8,小川　将弥,3,MF,90,先発,0,1,1,0,0.0
2026/04/12(日) 15:00 キックオフ,学習院大学,10,小林　千紘,4,MF,90,先発,2,1,3,0,0.0
2026/04/12(日) 15:00 キックオフ,学習院大学,11,渡辺　創士,3,MF,90,先発,1,0,1,1,100.0
2026/04/12(日) 15:00 キックオフ,学習院大学,13,梶　圭朝,2,DF,90,先発,0,0,0,0,0.0
2026/04/12(日) 15:00 キックオフ,学習院大学,16,藤井　冬威,2,MF,90,先発,0,0,0,0,0.0
2026/04/12(日) 15:00 キックオフ,学習院大学,4,木内　温大,4,DF,0,控え,0,0,0,0,0.0
2026/04/12(日) 15:00 キックオフ,学習院大学,9,佐藤　雄哉,3,FW,0,控え,0,0,0,0,0.0
2026/04/12(日) 15:00 キックオフ,学習院大学,12,大西　怜真,不明,GK,0,控え,0,0,0,0,0.0
2026/04/12(日) 15:00 キックオフ,学習院大学,14,佐藤　友樹,4,MF,26,控え,0,0,0,0,0.0
2026/04/12(日) 15:00 キックオフ,学習院大学,15,早稲田　睦,4,FW,0,控え,0,0,0,0,0.0
2026/04/12(日) 15:00 キックオフ,学習院大学,17,原　壮太,4,FW,0,控え,0,0,0,0,0.0
2026/04/12(日) 15:00 キックオフ,学習院大学,18,大久保　史温,2,MF,0,控え,0,0,0,0,0.0
2026/04/12(日) 15:00 キックオフ,学習院大学,24,柳澤　和希,3,DF,0,控え,0,0,0,0,0.0
2026/04/12(日) 15:00 キックオフ,学習院大学,25,西村　藍斗,3,DF,0,控え,0,0,0,0,0.0
2026/04/12(日) 15:00 キックオフ,帝京大学,1,佐藤 翔,3,GK,90,先発,0,0,0,0,0.0
2026/04/12(日) 15:00 キックオフ,帝京大学,2,松本 大地,4,DF,90,先発,1,0,1,0,0.0
2026/04/12(日) 15:00 キックオフ,帝京大学,3,船木 匡太朗,2,DF,90,先発,0,0,0,0,0.0
2026/04/12(日) 15:00 キックオフ,帝京大学,4,福平 太一,4,DF,90,先発,0,0,0,0,0.0
2026/04/12(日) 15:00 キックオフ,帝京大学,5,小林 侑希,2,DF,90,先発,0,1,1,0,0.0
2026/04/12(日) 15:00 キックオフ,帝京大学,7,内堀 太貴,2,MF,45,先発,2,0,2,0,0.0
2026/04/12(日) 15:00 キックオフ,帝京大学,8,桒原 一斗,3,MF,61,先発,0,0,0,0,0.0
2026/04/12(日) 15:00 キックオフ,帝京大学,9,緒方 快青,4,MF,69,先発,2,3,5,0,0.0
2026/04/12(日) 15:00 キックオフ,帝京大学,13,沢 柊斗,4,MF,61,先発,1,0,1,0,0.0
2026/04/12(日) 15:00 キックオフ,帝京大学,14,藤田 晴,4,FW,90,先発,2,2,4,1,25.0
2026/04/12(日) 15:00 キックオフ,帝京大学,26,桾澤 琢太,3,MF,78,先発,0,1,1,0,0.0
2026/04/12(日) 15:00 キックオフ,帝京大学,6,近江 智哉,2,MF,29,控え,0,0,0,0,0.0
2026/04/12(日) 15:00 キックオフ,帝京大学,10,細木 創太,4,FW,21,控え,0,2,2,1,50.0
2026/04/12(日) 15:00 キックオフ,帝京大学,11,渡辺 結心,4,MF,45,控え,0,1,1,0,0.0
2026/04/12(日) 15:00 キックオフ,帝京大学,12,牧野 長太朗,2,GK,0,控え,0,0,0,0,0.0
2026/04/12(日) 15:00 キックオフ,帝京大学,15,杉浦 慶樹,4,FW,12,控え,0,1,1,0,0.0
2026/04/12(日) 15:00 キックオフ,帝京大学,16,池内 優介,3,DF,29,控え,0,1,1,0,0.0
2026/04/12(日) 15:00 キックオフ,帝京大学,19,佐山 洸士,2,MF,0,控え,0,0,0,0,0.0
2026/04/12(日) 15:00 キックオフ,帝京大学,27,山下 湊太郎,3,DF,0,控え,0,0,0,0,0.0
2026/04/18(土) 10:00 キックオフ,神奈川工科大学（神奈川県）,3,五十嵐　晴生,3,DF,90,先発,0,0,0,0,0.0
2026/04/18(土) 10:00 キックオフ,神奈川工科大学（神奈川県）,5,橋本　晃進,3,MF,90,先発,0,0,0,0,0.0
2026/04/18(土) 10:00 キックオフ,神奈川工科大学（神奈川県）,7,小林　優介,3,MF,90,先発,0,0,0,0,0.0
2026/04/18(土) 10:00 キックオフ,神奈川工科大学（神奈川県）,8,春原　	哲汰,3,MF,81,先発,0,0,0,0,0.0
2026/04/18(土) 10:00 キックオフ,神奈川工科大学（神奈川県）,9,功刀　崇斗,4,FW,78,先発,1,1,2,0,0.0
2026/04/18(土) 10:00 キックオフ,神奈川工科大学（神奈川県）,10,小林　暢,4,MF,90,先発,1,1,2,0,0.0
2026/04/18(土) 10:00 キックオフ,神奈川工科大学（神奈川県）,11,平田　竜誠,4,DF,58,先発,2,1,3,0,0.0
2026/04/18(土) 10:00 キックオフ,神奈川工科大学（神奈川県）,13,齊藤　大翔,1,MF,78,先発,0,0,0,0,0.0
2026/04/18(土) 10:00 キックオフ,神奈川工科大学（神奈川県）,14,杉本　侑哉,3,MF,90,先発,2,1,3,1,33.3
2026/04/18(土) 10:00 キックオフ,神奈川工科大学（神奈川県）,15,林　晃希,2,DF,78,先発,0,0,0,0,0.0
2026/04/18(土) 10:00 キックオフ,神奈川工科大学（神奈川県）,30,大久保　陸翔,1,GK,90,先発,0,0,0,0,0.0
2026/04/18(土) 10:00 キックオフ,神奈川工科大学（神奈川県）,1,古渕　雅喜,4,GK,0,控え,0,0,0,0,0.0
2026/04/18(土) 10:00 キックオフ,神奈川工科大学（神奈川県）,2,菅原　颯太郎,3,DF,0,控え,0,0,0,0,0.0
2026/04/18(土) 10:00 キックオフ,神奈川工科大学（神奈川県）,6,石塚　快,3,MF,0,控え,0,0,0,0,0.0
2026/04/18(土) 10:00 キックオフ,神奈川工科大学（神奈川県）,12,川瀬　桜介,1,FW,12,控え,0,0,0,0,0.0
2026/04/18(土) 10:00 キックオフ,神奈川工科大学（神奈川県）,18,前原　海聖,2,FW,32,控え,0,0,0,0,0.0
2026/04/18(土) 10:00 キックオフ,神奈川工科大学（神奈川県）,23,小野　晟和,1,MF,9,控え,0,0,0,0,0.0
2026/04/18(土) 10:00 キックオフ,神奈川工科大学（神奈川県）,29,常盤　啓太,1,DF,12,控え,0,0,0,0,0.0
2026/04/18(土) 10:00 キックオフ,神奈川工科大学（神奈川県）,27,宮代　匠,4,MF,0,控え,0,0,0,0,0.0
2026/04/18(土) 10:00 キックオフ,神奈川工科大学（神奈川県）,19,脇屋　颯人,1,FW,12,控え,0,0,0,0,0.0
2026/04/18(土) 10:00 キックオフ,日本大学文理学部,1,磯貝 仁斗,4,GK,90,先発,0,0,0,0,0.0
2026/04/18(土) 10:00 キックオフ,日本大学文理学部,2,横山 聡大,2,DF,90,先発,0,0,0,0,0.0
2026/04/18(土) 10:00 キックオフ,日本大学文理学部,3,北村 翼,3,DF,90,先発,0,1,1,0,0.0
2026/04/18(土) 10:00 キックオフ,日本大学文理学部,6,大塚 逢祥,3,MF,46,先発,1,0,1,0,0.0
2026/04/18(土) 10:00 キックオフ,日本大学文理学部,9,遠田 凌,4,FW,85,先発,1,0,1,1,100.0
2026/04/18(土) 10:00 キックオフ,日本大学文理学部,10,城田 優,4,MF,90,先発,0,1,1,0,0.0
2026/04/18(土) 10:00 キックオフ,日本大学文理学部,14,葛西 由晏,2,MF,85,先発,1,1,2,1,50.0
2026/04/18(土) 10:00 キックオフ,日本大学文理学部,24,川口 友作,4,MF,85,先発,1,1,2,0,0.0
2026/04/18(土) 10:00 キックオフ,日本大学文理学部,25,間 琥太朗,3,DF,78,先発,0,1,1,1,100.0
2026/04/18(土) 10:00 キックオフ,日本大学文理学部,37,清水 佑,3,DF,90,先発,0,0,0,0,0.0
2026/04/18(土) 10:00 キックオフ,日本大学文理学部,93,小川 寧大,3,DF,90,先発,0,0,0,0,0.0
2026/04/18(土) 10:00 キックオフ,日本大学文理学部,5,星 恒輝,3,MF,44,控え,0,0,0,0,0.0
2026/04/18(土) 10:00 キックオフ,日本大学文理学部,18,中村 陶冶,1,FW,12,控え,0,0,0,0,0.0
2026/04/18(土) 10:00 キックオフ,日本大学文理学部,19,有田 海志,3,FW,5,控え,0,0,0,0,0.0
2026/04/18(土) 10:00 キックオフ,日本大学文理学部,29,髙山 周,3,FW,0,控え,0,0,0,0,0.0
2026/04/18(土) 10:00 キックオフ,日本大学文理学部,33,渋谷 竜聖,3,DF,0,控え,0,0,0,0,0.0
2026/04/18(土) 10:00 キックオフ,日本大学文理学部,46,鈴木 堅斗,4,MF,5,控え,0,1,1,0,0.0
2026/04/18(土) 10:00 キックオフ,日本大学文理学部,77,新門 一晏,2,DF,0,控え,0,0,0,0,0.0
2026/04/18(土) 10:00 キックオフ,日本大学文理学部,91,嶋﨑 寛大,4,GK,0,控え,0,0,0,0,0.0
2026/04/18(土) 10:00 キックオフ,日本大学文理学部,98,久場 莉稀,3,MF,5,控え,0,0,0,0,0.0
2026/04/18(土) 15:00 キックオフ,上智大学,1,藤田　大輝,4,GK,90,先発,0,0,0,0,0.0
2026/04/18(土) 15:00 キックオフ,上智大学,33,村田　幸基,1,DF,86,先発,0,0,0,0,0.0
2026/04/18(土) 15:00 キックオフ,上智大学,3,松本　和輝,3,DF,82,先発,1,1,2,0,0.0
2026/04/18(土) 15:00 キックオフ,上智大学,2,唐澤　健太,4,DF,69,先発,0,0,0,0,0.0
2026/04/18(土) 15:00 キックオフ,上智大学,8,福島　広大,4,MF,88,先発,0,0,0,0,0.0
2026/04/18(土) 15:00 キックオフ,上智大学,6,荒川　哲平,3,MF,90,先発,0,0,0,0,0.0
2026/04/18(土) 15:00 キックオフ,上智大学,44,山崎　颯介,2,MF,90,先発,1,0,1,0,0.0
2026/04/18(土) 15:00 キックオフ,上智大学,32,堀江　風雅,3,MF,61,先発,0,0,0,0,0.0
2026/04/18(土) 15:00 キックオフ,上智大学,88,廣恒　龍,2,MF,90,先発,2,1,3,0,0.0
2026/04/18(土) 15:00 キックオフ,上智大学,10,塙　　仁成,4,MF,90,先発,0,1,1,2,200.0
2026/04/18(土) 15:00 キックオフ,上智大学,9,田中　佑樹,3,FW,90,先発,0,1,1,0,0.0
2026/04/18(土) 15:00 キックオフ,上智大学,4,須藤　智洋,4,DF,8,控え,0,0,0,0,0.0
2026/04/18(土) 15:00 キックオフ,上智大学,20,川島　晴空,3,DF,4,控え,0,0,0,0,0.0
2026/04/18(土) 15:00 キックオフ,上智大学,26,宇野　伶,3,DF,0,控え,0,0,0,0,0.0
2026/04/18(土) 15:00 キックオフ,上智大学,94,安野　一颯,2,DF,2,控え,0,0,0,0,0.0
2026/04/18(土) 15:00 キックオフ,上智大学,17,白坂　航大,4,MF,0,控え,0,0,0,0,0.0
2026/04/18(土) 15:00 キックオフ,上智大学,79,杉崎　皐輔,2,MF,21,控え,0,0,0,0,0.0
2026/04/18(土) 15:00 キックオフ,上智大学,35,大西　十和,1,FW,0,控え,0,0,0,0,0.0
2026/04/18(土) 15:00 キックオフ,上智大学,48,岩永　悠社,不明,FW,0,控え,0,0,0,0,0.0
2026/04/18(土) 15:00 キックオフ,上智大学,80,大島　千虎,2,FW,29,控え,0,0,0,0,0.0
2026/04/18(土) 15:00 キックオフ,学習院大学,1,若尾　林太朗,3,GK,90,先発,0,0,0,0,0.0
2026/04/18(土) 15:00 キックオフ,学習院大学,2,松本　隆宏,4,DF,90,先発,0,0,0,0,0.0
2026/04/18(土) 15:00 キックオフ,学習院大学,3,中川　賢人,3,DF,90,先発,0,0,0,0,0.0
2026/04/18(土) 15:00 キックオフ,学習院大学,4,木内　温大,4,DF,90,先発,0,1,1,0,0.0
2026/04/18(土) 15:00 キックオフ,学習院大学,5,小林　恭輔,4,DF,90,先発,0,1,1,0,0.0
2026/04/18(土) 15:00 キックオフ,学習院大学,13,梶　圭朝,2,DF,90,先発,2,1,3,0,0.0
2026/04/18(土) 15:00 キックオフ,学習院大学,6,神山　晃太,3,MF,61,先発,0,0,0,0,0.0
2026/04/18(土) 15:00 キックオフ,学習院大学,7,児島　巧海,2,MF,90,先発,0,1,1,0,0.0
2026/04/18(土) 15:00 キックオフ,学習院大学,8,小川　将弥,3,MF,78,先発,0,1,1,0,0.0
2026/04/18(土) 15:00 キックオフ,学習院大学,10,小林　千紘,4,MF,90,先発,1,1,2,1,50.0
2026/04/18(土) 15:00 キックオフ,学習院大学,11,渡辺　創士,3,MF,90,先発,0,2,2,1,50.0
2026/04/18(土) 15:00 キックオフ,学習院大学,12,大西　怜真,不明,GK,0,控え,0,0,0,0,0.0
2026/04/18(土) 15:00 キックオフ,学習院大学,24,柳澤　和希,3,DF,0,控え,0,0,0,0,0.0
2026/04/18(土) 15:00 キックオフ,学習院大学,25,西村　藍斗,3,DF,0,控え,0,0,0,0,0.0
2026/04/18(土) 15:00 キックオフ,学習院大学,14,佐藤　友樹,4,MF,29,控え,0,0,0,0,0.0
2026/04/18(土) 15:00 キックオフ,学習院大学,16,藤井　冬威,2,MF,0,控え,0,0,0,0,0.0
2026/04/18(土) 15:00 キックオフ,学習院大学,9,佐藤　雄哉,3,FW,0,控え,0,0,0,0,0.0
2026/04/18(土) 15:00 キックオフ,学習院大学,15,早稲田　睦,4,FW,0,控え,0,0,0,0,0.0
2026/04/18(土) 15:00 キックオフ,学習院大学,17,原　壮太,4,FW,12,控え,0,0,0,0,0.0
2026/04/18(土) 15:00 キックオフ,学習院大学,20,北林　星七,2,FW,0,控え,0,0,0,0,0.0
2026/04/18(土) 15:00 キックオフ,帝京大学,1,佐藤 翔,3,GK,90,先発,0,0,0,0,0.0
2026/04/18(土) 15:00 キックオフ,帝京大学,2,松本 大地,4,DF,90,先発,0,0,0,0,0.0
2026/04/18(土) 15:00 キックオフ,帝京大学,3,船木 匡太朗,2,DF,90,先発,0,0,0,0,0.0
2026/04/18(土) 15:00 キックオフ,帝京大学,4,福平 太一,4,DF,90,先発,0,0,0,0,0.0
2026/04/18(土) 15:00 キックオフ,帝京大学,5,小林 侑希,2,DF,90,先発,0,0,0,0,0.0
2026/04/18(土) 15:00 キックオフ,帝京大学,6,近江 智哉,2,MF,60,先発,0,0,0,0,0.0
2026/04/18(土) 15:00 キックオフ,帝京大学,7,内堀 太貴,2,MF,50,先発,0,0,0,0,0.0
2026/04/18(土) 15:00 キックオフ,帝京大学,13,沢 柊斗,4,MF,56,先発,4,0,4,1,25.0
2026/04/18(土) 15:00 キックオフ,帝京大学,26,桾澤 琢太,3,MF,90,先発,0,0,0,0,0.0
2026/04/18(土) 15:00 キックオフ,帝京大学,10,細木 創太,4,FW,50,先発,0,0,0,0,0.0
2026/04/18(土) 15:00 キックオフ,帝京大学,14,藤田 晴,4,FW,90,先発,2,7,9,0,0.0
2026/04/18(土) 15:00 キックオフ,帝京大学,12,牧野 長太朗,2,GK,0,控え,0,0,0,0,0.0
2026/04/18(土) 15:00 キックオフ,帝京大学,16,池内 優介,3,DF,34,控え,0,0,0,0,0.0
2026/04/18(土) 15:00 キックオフ,帝京大学,27,山下 湊太郎,3,DF,0,控え,0,0,0,0,0.0
2026/04/18(土) 15:00 キックオフ,帝京大学,8,桒原 一斗,3,MF,30,控え,0,2,2,0,0.0
2026/04/18(土) 15:00 キックオフ,帝京大学,15,杉浦 慶樹,4,MF,0,控え,0,1,1,0,0.0
2026/04/18(土) 15:00 キックオフ,帝京大学,19,佐山 洸士,2,MF,0,控え,0,0,0,0,0.0
2026/04/18(土) 15:00 キックオフ,帝京大学,11,渡辺 結心,4,MF,40,控え,0,1,1,0,0.0
2026/04/18(土) 15:00 キックオフ,帝京大学,9,緒方 快青,4,FW,40,控え,0,7,7,3,42.9
2026/04/18(土) 15:00 キックオフ,帝京大学,23,大塚 樟太,3,FW,0,控え,0,0,0,0,0.0
2026/04/18(土) 15:00 キックオフ,横浜国立大学（神奈川県）,1,神山　洋輝,4,GK,90,先発,0,0,0,0,0.0
2026/04/18(土) 15:00 キックオフ,横浜国立大学（神奈川県）,5,大西　遼久,4,DF,73,先発,0,0,0,0,0.0
2026/04/18(土) 15:00 キックオフ,横浜国立大学（神奈川県）,6,渡邊　元気,2,MF,90,先発,1,1,2,0,0.0
2026/04/18(土) 15:00 キックオフ,横浜国立大学（神奈川県）,7,立入　光記,4,MF,90,先発,0,0,0,0,0.0
2026/04/18(土) 15:00 キックオフ,横浜国立大学（神奈川県）,8,小宮　昂大,3,MF,90,先発,0,0,0,0,0.0
2026/04/18(土) 15:00 キックオフ,横浜国立大学（神奈川県）,9,篠崎　開惺,3,FW,63,先発,0,0,0,0,0.0
2026/04/18(土) 15:00 キックオフ,横浜国立大学（神奈川県）,10,原子　泰地,4,FW,90,先発,1,1,2,0,0.0
2026/04/18(土) 15:00 キックオフ,横浜国立大学（神奈川県）,13,竹中　暖喜,3,DF,90,先発,0,0,0,0,0.0
2026/04/18(土) 15:00 キックオフ,横浜国立大学（神奈川県）,19,森下　優之心,2,DF,12,先発,0,0,0,0,0.0
2026/04/18(土) 15:00 キックオフ,横浜国立大学（神奈川県）,26,加藤　士門,4,FW,90,先発,0,1,1,0,0.0
2026/04/18(土) 15:00 キックオフ,横浜国立大学（神奈川県）,36,井上　愛翔,2,MF,90,先発,0,0,0,0,0.0
2026/04/18(土) 15:00 キックオフ,横浜国立大学（神奈川県）,3,髙木　直,2,MF,27,控え,0,0,0,0,0.0
2026/04/18(土) 15:00 キックオフ,横浜国立大学（神奈川県）,4,飯島　浩輝,4,MF,0,控え,0,0,0,0,0.0
2026/04/18(土) 15:00 キックオフ,横浜国立大学（神奈川県）,11,島田　健央,4,FW,17,控え,0,0,0,0,0.0
2026/04/18(土) 15:00 キックオフ,横浜国立大学（神奈川県）,14,木村　光,3,MF,0,控え,0,0,0,0,0.0
2026/04/18(土) 15:00 キックオフ,横浜国立大学（神奈川県）,15,櫻井　恵太,2,MF,78,控え,0,0,0,0,0.0
2026/04/18(土) 15:00 キックオフ,横浜国立大学（神奈川県）,21,川瀬　統己,4,GK,0,控え,0,0,0,0,0.0
2026/04/18(土) 15:00 キックオフ,横浜国立大学（神奈川県）,25,川口　湊人,2,MF,0,控え,0,0,0,0,0.0
2026/04/18(土) 15:00 キックオフ,横浜国立大学（神奈川県）,30,中野　楓麻,4,DF,0,控え,0,0,0,0,0.0
2026/04/18(土) 15:00 キックオフ,横浜国立大学（神奈川県）,40,小島　滉人,4,DF,0,控え,0,0,0,0,0.0
2026/04/18(土) 17:00 キックオフ,大東文化大学,1,清水　　天斗,4,GK,90,先発,0,0,0,0,0.0
2026/04/18(土) 17:00 キックオフ,大東文化大学,3,雨宮　　壮汰,3,DF,90,先発,0,0,0,0,0.0
2026/04/18(土) 17:00 キックオフ,大東文化大学,6,目黒　嵩人,4,DF,90,先発,0,0,0,0,0.0
2026/04/18(土) 17:00 キックオフ,大東文化大学,5,池羽　　航輝,4,DF,90,先発,0,0,0,0,0.0
2026/04/18(土) 17:00 キックオフ,大東文化大学,27,津田　　楓真,2,DF,77,先発,0,0,0,0,0.0
2026/04/18(土) 17:00 キックオフ,大東文化大学,47,渡辺　浩史,3,MF,70,先発,0,0,0,0,0.0
2026/04/18(土) 17:00 キックオフ,大東文化大学,41,佃　孝太,2,MF,90,先発,0,0,0,0,0.0
2026/04/18(土) 17:00 キックオフ,大東文化大学,11,舘　颯之介,4,MF,90,先発,0,0,0,0,0.0
2026/04/18(土) 17:00 キックオフ,大東文化大学,16,栗栖　晴己,3,MF,62,先発,0,1,1,0,0.0
2026/04/18(土) 17:00 キックオフ,大東文化大学,7,笠原　　壮瑠,4,FW,62,先発,2,0,2,1,50.0
2026/04/18(土) 17:00 キックオフ,大東文化大学,10,安藤　　稜人,4,MF,83,先発,1,1,2,1,50.0
2026/04/18(土) 17:00 キックオフ,大東文化大学,12,妹尾　典,4,GK,0,控え,0,0,0,0,0.0
2026/04/18(土) 17:00 キックオフ,大東文化大学,4,正木　　翠羽,4,DF,0,控え,0,0,0,0,0.0
2026/04/18(土) 17:00 キックオフ,大東文化大学,22,髙野　　広大,2,DF,13,控え,0,0,0,0,0.0
2026/04/18(土) 17:00 キックオフ,大東文化大学,18,青　海斗,3,DF,0,控え,0,0,0,0,0.0
2026/04/18(土) 17:00 キックオフ,大東文化大学,14,信國　達也,3,MF,0,控え,0,0,0,0,0.0
2026/04/18(土) 17:00 キックオフ,大東文化大学,19,上田　然,3,FW,7,控え,0,0,0,0,0.0
2026/04/18(土) 17:00 キックオフ,大東文化大学,9,熊田　　裕,4,MF,28,控え,0,1,1,0,0.0
2026/04/18(土) 17:00 キックオフ,大東文化大学,96,奥田　大翔,2,FW,28,控え,0,1,1,1,100.0
2026/04/18(土) 17:00 キックオフ,大東文化大学,13,佐久間　勇斗,3,MF,20,控え,0,1,1,0,0.0
2026/04/18(土) 17:00 キックオフ,玉川大学,16,今村　光汰,4,GK,90,先発,0,0,0,0,0.0
2026/04/18(土) 17:00 キックオフ,玉川大学,3,信賀　有希,4,DF,90,先発,0,0,0,0,0.0
2026/04/18(土) 17:00 キックオフ,玉川大学,7,森岡　大地,4,MF,90,先発,0,0,0,0,0.0
2026/04/18(土) 17:00 キックオフ,玉川大学,5,松井　琢磨,2,DF,90,先発,0,0,0,0,0.0
2026/04/18(土) 17:00 キックオフ,玉川大学,36,上野　湊,3,DF,90,先発,1,0,1,0,0.0
2026/04/18(土) 17:00 キックオフ,玉川大学,11,中村　隼人,4,MF,73,先発,0,0,0,0,0.0
2026/04/18(土) 17:00 キックオフ,玉川大学,14,林　雄琉,4,MF,84,先発,0,0,0,0,0.0
2026/04/18(土) 17:00 キックオフ,玉川大学,10,内田　凜,4,MF,90,先発,0,0,0,0,0.0
2026/04/18(土) 17:00 キックオフ,玉川大学,23,國本　純成,3,MF,90,先発,1,0,1,0,0.0
2026/04/18(土) 17:00 キックオフ,玉川大学,17,上野　兼叶,2,FW,61,先発,2,0,2,0,0.0
2026/04/18(土) 17:00 キックオフ,玉川大学,19,国谷　康太,3,FW,84,先発,0,0,0,0,0.0
2026/04/18(土) 17:00 キックオフ,玉川大学,1,大熊　大輔,1,GK,0,控え,0,0,0,0,0.0
2026/04/18(土) 17:00 キックオフ,玉川大学,13,堀野辺　空,4,MF,29,控え,0,0,0,0,0.0
2026/04/18(土) 17:00 キックオフ,玉川大学,8,亀田　大空,1,DF,17,控え,0,0,0,0,0.0
2026/04/18(土) 17:00 キックオフ,玉川大学,26,杉山　和勢,2,MF,0,控え,0,0,0,0,0.0
2026/04/18(土) 17:00 キックオフ,玉川大学,18,佐久間　駿喜,3,FW,6,控え,0,0,0,0,0.0
2026/04/18(土) 17:00 キックオフ,玉川大学,22,歳森　杏介,2,MF,6,控え,0,0,0,0,0.0
2026/04/18(土) 17:00 キックオフ,玉川大学,15,丸尾　航琉,4,DF,0,控え,0,0,0,0,0.0
2026/04/18(土) 17:00 キックオフ,玉川大学,27,楠山　奈音,3,DF,0,控え,0,0,0,0,0.0
2026/04/18(土) 17:00 キックオフ,玉川大学,12,松本　里央,2,FW,0,控え,0,0,0,0,0.0
2026/04/19(日) 10:00 キックオフ,桜美林大学,90,三治　陽空,2,GK,90,先発,0,0,0,0,0.0
2026/04/19(日) 10:00 キックオフ,桜美林大学,3,岩本　晴,4,DF,90,先発,0,0,0,0,0.0
2026/04/19(日) 10:00 キックオフ,桜美林大学,5,高井　翔麻,3,DF,90,先発,1,2,3,0,0.0
2026/04/19(日) 10:00 キックオフ,桜美林大学,22,高橋　陽翔,4,DF,90,先発,0,1,1,0,0.0
2026/04/19(日) 10:00 キックオフ,桜美林大学,44,堀江　響希,3,DF,90,先発,0,0,0,0,0.0
2026/04/19(日) 10:00 キックオフ,桜美林大学,6,吉川　遥人,4,MF,90,先発,0,0,0,0,0.0
2026/04/19(日) 10:00 キックオフ,桜美林大学,7,佐藤　天真,4,MF,80,先発,0,1,1,0,0.0
2026/04/19(日) 10:00 キックオフ,桜美林大学,21,菊地　琉世,4,MF,88,先発,1,2,3,2,66.7
2026/04/19(日) 10:00 キックオフ,桜美林大学,9,斎藤　翔太,4,MF,60,先発,0,0,0,0,0.0
2026/04/19(日) 10:00 キックオフ,桜美林大学,10,石澤　海陽,4,FW,90,先発,0,2,2,0,0.0
2026/04/19(日) 10:00 キックオフ,桜美林大学,25,大成　春斗,4,FW,68,先発,5,1,6,0,0.0
2026/04/19(日) 10:00 キックオフ,桜美林大学,80,小野口　怜望,1,GK,0,控え,0,0,0,0,0.0
2026/04/19(日) 10:00 キックオフ,桜美林大学,15,大崎　陽斗,4,DF,0,控え,0,0,0,0,0.0
2026/04/19(日) 10:00 キックオフ,桜美林大学,67,細谷　隼生,2,DF,10,控え,0,1,1,0,0.0
2026/04/19(日) 10:00 キックオフ,桜美林大学,88,山本　陵聖,4,DF,0,控え,0,0,0,0,0.0
2026/04/19(日) 10:00 キックオフ,桜美林大学,96,木村　恵真,1,MF,30,控え,0,1,1,0,0.0
2026/04/19(日) 10:00 キックオフ,桜美林大学,17,山田 　結互,1,MF,0,控え,0,0,0,0,0.0
2026/04/19(日) 10:00 キックオフ,桜美林大学,18,佐藤　璃央,4,MF,0,控え,0,0,0,0,0.0
2026/04/19(日) 10:00 キックオフ,桜美林大学,36,菊地　勝斗,4,MF,2,控え,0,0,0,0,0.0
2026/04/19(日) 10:00 キックオフ,桜美林大学,20,倉橋　正吾,4,FW,22,控え,0,1,1,1,100.0
2026/04/19(日) 10:00 キックオフ,武蔵大学,1,重山　武史,4,GK,90,先発,0,0,0,0,0.0
2026/04/19(日) 10:00 キックオフ,武蔵大学,2,久保田　琳,4,DF,90,先発,0,1,1,0,0.0
2026/04/19(日) 10:00 キックオフ,武蔵大学,5,瀧川　穣,4,DF,90,先発,0,0,0,0,0.0
2026/04/19(日) 10:00 キックオフ,武蔵大学,24,永山　泰希,3,DF,90,先発,0,0,0,0,0.0
2026/04/19(日) 10:00 キックオフ,武蔵大学,19,加藤　大聖,4,DF,90,先発,0,0,0,0,0.0
2026/04/19(日) 10:00 キックオフ,武蔵大学,33,宇野　大稀,2,MF,90,先発,0,0,0,0,0.0
2026/04/19(日) 10:00 キックオフ,武蔵大学,8,中里　春輝,4,DF,74,先発,0,0,0,0,0.0
2026/04/19(日) 10:00 キックオフ,武蔵大学,11,田辺　伊吹,4,FW,90,先発,1,0,1,0,0.0
2026/04/19(日) 10:00 キックオフ,武蔵大学,13,藤倉　空知,3,MF,82,先発,0,0,0,0,0.0
2026/04/19(日) 10:00 キックオフ,武蔵大学,26,池戸　虹成,2,MF,90,先発,0,0,0,0,0.0
2026/04/19(日) 10:00 キックオフ,武蔵大学,10,森田　蓮人,4,FW,74,先発,0,0,0,0,0.0
2026/04/19(日) 10:00 キックオフ,武蔵大学,21,神田　謙二郎,2,GK,0,控え,0,0,0,0,0.0
2026/04/19(日) 10:00 キックオフ,武蔵大学,4,小野寺　拓巳,2,DF,0,控え,0,0,0,0,0.0
2026/04/19(日) 10:00 キックオフ,武蔵大学,34,島田　康誠,2,DF,0,控え,0,0,0,0,0.0
2026/04/19(日) 10:00 キックオフ,武蔵大学,28,藤田　和,2,MF,0,控え,0,0,0,0,0.0
2026/04/19(日) 10:00 キックオフ,武蔵大学,15,柳澤　広喜,3,MF,16,控え,0,0,0,0,0.0
2026/04/19(日) 10:00 キックオフ,武蔵大学,45,寺田　聡,2,MF,0,控え,0,0,0,0,0.0
2026/04/19(日) 10:00 キックオフ,武蔵大学,37,関口　陽大,2,MF,0,控え,0,0,0,0,0.0
2026/04/19(日) 10:00 キックオフ,武蔵大学,50,甲斐田　裕大,2,MF,8,控え,0,1,1,1,100.0
2026/04/19(日) 10:00 キックオフ,武蔵大学,47,廣井　悠真,2,FW,16,控え,0,0,0,0,0.0
2026/04/19(日) 13:30 キックオフ,東京経済大学,12,中村　裕大,2,GK,90,先発,0,0,0,0,0.0
2026/04/19(日) 13:30 キックオフ,東京経済大学,4,北林　嶺,3,DF,90,先発,0,0,0,0,0.0
2026/04/19(日) 13:30 キックオフ,東京経済大学,5,内田　雄真,2,DF,90,先発,0,1,1,0,0.0
2026/04/19(日) 13:30 キックオフ,東京経済大学,7,大塚　恭生,3,MF,87,先発,0,3,3,1,33.3
2026/04/19(日) 13:30 キックオフ,東京経済大学,8,河西　透和,不明,MF,90,先発,0,0,0,0,0.0
2026/04/19(日) 13:30 キックオフ,東京経済大学,10,伊崎　耕紀,4,MF,90,先発,0,0,0,0,0.0
2026/04/19(日) 13:30 キックオフ,東京経済大学,13,宮﨑　悠斗,3,MF,90,先発,0,1,1,0,0.0
2026/04/19(日) 13:30 キックオフ,東京経済大学,16,村松　晴登,3,MF,90,先発,1,0,1,0,0.0
2026/04/19(日) 13:30 キックオフ,東京経済大学,21,古垣　大樹,2,MF,68,先発,0,2,2,0,0.0
2026/04/19(日) 13:30 キックオフ,東京経済大学,18,新井　悠河,不明,FW,77,先発,2,0,2,0,0.0
2026/04/19(日) 13:30 キックオフ,東京経済大学,28,海老原　寛大,2,MF,68,先発,2,1,3,1,33.3
2026/04/19(日) 13:30 キックオフ,東京経済大学,30,寺内　聡,3,GK,0,控え,0,0,0,0,0.0
2026/04/19(日) 13:30 キックオフ,東京経済大学,6,松井　一晟,3,DF,3,控え,0,0,0,0,0.0
2026/04/19(日) 13:30 キックオフ,東京経済大学,24,川村　大樹,2,DF,0,控え,0,0,0,0,0.0
2026/04/19(日) 13:30 キックオフ,東京経済大学,26,田中　大夢,不明,DF,0,控え,0,0,0,0,0.0
2026/04/19(日) 13:30 キックオフ,東京経済大学,14,中島　洋之介,3,FW,0,控え,0,0,0,0,0.0
2026/04/19(日) 13:30 キックオフ,東京経済大学,9,小尾　丞斗,4,FW,0,控え,0,0,0,0,0.0
2026/04/19(日) 13:30 キックオフ,東京経済大学,17,吉儀　大,3,MF,22,控え,0,1,1,0,0.0
2026/04/19(日) 13:30 キックオフ,東京経済大学,29,駒田　晴生,3,MF,22,控え,0,1,1,1,100.0
2026/04/19(日) 13:30 キックオフ,東京経済大学,15,久保寺　壱晟,3,FW,13,控え,0,0,0,0,0.0
2026/04/19(日) 13:30 キックオフ,朝鮮大学校,1,金 柱相,4,GK,90,先発,0,0,0,0,0.0
2026/04/19(日) 13:30 キックオフ,朝鮮大学校,2,沈 瑞輝,3,DF,90,先発,0,0,0,0,0.0
2026/04/19(日) 13:30 キックオフ,朝鮮大学校,4,金 悠宇,4,DF,90,先発,0,0,0,0,0.0
2026/04/19(日) 13:30 キックオフ,朝鮮大学校,5,愼 昌樹,4,DF,53,先発,0,0,0,0,0.0
2026/04/19(日) 13:30 キックオフ,朝鮮大学校,6,姜 正晃,4,MF,53,先発,0,0,0,0,0.0
2026/04/19(日) 13:30 キックオフ,朝鮮大学校,8,朴 創嶺,不明,MF,90,先発,0,0,0,0,0.0
2026/04/19(日) 13:30 キックオフ,朝鮮大学校,11,鄭 泰男,4,MF,90,先発,1,0,1,0,0.0
2026/04/19(日) 13:30 キックオフ,朝鮮大学校,29,鄭 誓華,2,MF,75,先発,0,0,0,0,0.0
2026/04/19(日) 13:30 キックオフ,朝鮮大学校,19,金 亨政,3,MF,87,先発,1,0,1,0,0.0
2026/04/19(日) 13:30 キックオフ,朝鮮大学校,14,金 世諒,3,MF,90,先発,2,0,2,1,50.0
2026/04/19(日) 13:30 キックオフ,朝鮮大学校,13,李　京樹,不明,MF,87,先発,1,2,3,0,0.0
2026/04/19(日) 13:30 キックオフ,朝鮮大学校,9,金 翔元,4,MF,3,控え,0,0,0,0,0.0
2026/04/19(日) 13:30 キックオフ,朝鮮大学校,10,朴 ソラ,4,MF,37,控え,0,0,0,0,0.0
2026/04/19(日) 13:30 キックオフ,朝鮮大学校,12,金 利優,4,GK,0,控え,0,0,0,0,0.0
2026/04/19(日) 13:30 キックオフ,朝鮮大学校,18,ソン スンイ,不明,MF,15,控え,0,0,0,0,0.0
2026/04/19(日) 13:30 キックオフ,朝鮮大学校,20,金 星希,4,MF,37,控え,0,0,0,0,0.0
2026/04/19(日) 13:30 キックオフ,朝鮮大学校,27,金　毅昂,2,MF,3,控え,0,0,0,0,0.0
2026/04/25(土) 10:00 キックオフ,玉川大学,16,今村　光汰,4,GK,90,先発,0,0,0,0,0.0
2026/04/25(土) 10:00 キックオフ,玉川大学,3,信賀　有希,4,DF,90,先発,1,1,2,0,0.0
2026/04/25(土) 10:00 キックオフ,玉川大学,7,森岡　大地,4,MF,90,先発,0,0,0,0,0.0
2026/04/25(土) 10:00 キックオフ,玉川大学,5,松井　琢磨,2,DF,90,先発,1,0,1,0,0.0
2026/04/25(土) 10:00 キックオフ,玉川大学,36,上野　湊,3,DF,90,先発,0,0,0,0,0.0
2026/04/25(土) 10:00 キックオフ,玉川大学,11,中村　隼人,4,MF,90,先発,1,0,1,0,0.0
2026/04/25(土) 10:00 キックオフ,玉川大学,14,林　雄琉,4,MF,82,先発,1,0,1,0,0.0
2026/04/25(土) 10:00 キックオフ,玉川大学,10,内田　凜,4,MF,90,先発,0,1,1,0,0.0
2026/04/25(土) 10:00 キックオフ,玉川大学,23,國本　純成,3,MF,90,先発,0,1,1,0,0.0
2026/04/25(土) 10:00 キックオフ,玉川大学,17,上野　兼叶,2,FW,86,先発,1,5,6,1,16.7
2026/04/25(土) 10:00 キックオフ,玉川大学,13,堀野辺　空,4,MF,74,先発,1,0,1,0,0.0
2026/04/25(土) 10:00 キックオフ,玉川大学,1,大熊　大輔,1,GK,0,控え,0,0,0,0,0.0
2026/04/25(土) 10:00 キックオフ,玉川大学,19,国谷　康太,3,FW,0,控え,0,0,0,0,0.0
2026/04/25(土) 10:00 キックオフ,玉川大学,34,坂本　佳晴,2,MF,0,控え,0,0,0,0,0.0
2026/04/25(土) 10:00 キックオフ,玉川大学,26,杉山　和勢,2,MF,4,控え,0,0,0,0,0.0
2026/04/25(土) 10:00 キックオフ,玉川大学,18,佐久間　駿喜,3,FW,8,控え,0,0,0,0,0.0
2026/04/25(土) 10:00 キックオフ,玉川大学,22,歳森　杏介,2,MF,16,控え,0,0,0,0,0.0
2026/04/25(土) 10:00 キックオフ,玉川大学,15,丸尾　航琉,4,DF,0,控え,0,0,0,0,0.0
2026/04/25(土) 10:00 キックオフ,玉川大学,27,楠山　奈音,3,DF,0,控え,0,0,0,0,0.0
2026/04/25(土) 10:00 キックオフ,玉川大学,12,松本　里央,2,FW,0,控え,0,0,0,0,0.0
2026/04/25(土) 10:00 キックオフ,神奈川工科大学（神奈川県）,30,大久保　陸翔,1,GK,90,先発,0,0,0,0,0.0
2026/04/25(土) 10:00 キックオフ,神奈川工科大学（神奈川県）,4,吉田　太陽,3,DF,86,先発,0,0,0,0,0.0
2026/04/25(土) 10:00 キックオフ,神奈川工科大学（神奈川県）,11,平田　竜誠,4,DF,79,先発,0,0,0,0,0.0
2026/04/25(土) 10:00 キックオフ,神奈川工科大学（神奈川県）,15,林　晃希,2,DF,45,先発,0,0,0,0,0.0
2026/04/25(土) 10:00 キックオフ,神奈川工科大学（神奈川県）,5,橋本　晃進,3,MF,90,先発,0,0,0,0,0.0
2026/04/25(土) 10:00 キックオフ,神奈川工科大学（神奈川県）,7,小林　優介,3,MF,90,先発,2,1,3,0,0.0
2026/04/25(土) 10:00 キックオフ,神奈川工科大学（神奈川県）,8,春原　	哲汰,3,MF,90,先発,0,2,2,2,100.0
2026/04/25(土) 10:00 キックオフ,神奈川工科大学（神奈川県）,10,小林　暢,4,MF,90,先発,0,0,0,0,0.0
2026/04/25(土) 10:00 キックオフ,神奈川工科大学（神奈川県）,13,齊藤　大翔,1,MF,90,先発,0,1,1,0,0.0
2026/04/25(土) 10:00 キックオフ,神奈川工科大学（神奈川県）,14,杉本　侑哉,3,MF,90,先発,0,0,0,0,0.0
2026/04/25(土) 10:00 キックオフ,神奈川工科大学（神奈川県）,9,功刀　崇斗,4,FW,90,先発,0,0,0,0,0.0
2026/04/25(土) 10:00 キックオフ,神奈川工科大学（神奈川県）,1,古渕　雅喜,4,GK,0,控え,0,0,0,0,0.0
2026/04/25(土) 10:00 キックオフ,神奈川工科大学（神奈川県）,3,五十嵐　晴生,3,DF,4,控え,0,0,0,0,0.0
2026/04/25(土) 10:00 キックオフ,神奈川工科大学（神奈川県）,26,平野　龍斗,1,DF,0,控え,0,0,0,0,0.0
2026/04/25(土) 10:00 キックオフ,神奈川工科大学（神奈川県）,29,常盤　啓太,1,DF,45,控え,0,0,0,0,0.0
2026/04/25(土) 10:00 キックオフ,神奈川工科大学（神奈川県）,6,石塚　快,3,MF,0,控え,0,0,0,0,0.0
2026/04/25(土) 10:00 キックオフ,神奈川工科大学（神奈川県）,17,大山　和真,2,MF,0,控え,0,0,0,0,0.0
2026/04/25(土) 10:00 キックオフ,神奈川工科大学（神奈川県）,12,川瀬　桜介,1,FW,0,控え,0,0,0,0,0.0
2026/04/25(土) 10:00 キックオフ,神奈川工科大学（神奈川県）,18,前原　海聖,2,FW,0,控え,0,0,0,0,0.0
2026/04/25(土) 10:00 キックオフ,神奈川工科大学（神奈川県）,19,脇屋　颯人,1,FW,11,控え,0,0,0,0,0.0
2026/04/25(土) 12:45 キックオフ,横浜国立大学（神奈川県）,1,神山　洋輝,4,GK,90,先発,0,0,0,0,0.0
2026/04/25(土) 12:45 キックオフ,横浜国立大学（神奈川県）,5,大西　遼久,4,DF,90,先発,0,0,0,0,0.0
2026/04/25(土) 12:45 キックオフ,横浜国立大学（神奈川県）,6,渡邊　元気,2,MF,80,先発,1,2,3,0,0.0
2026/04/25(土) 12:45 キックオフ,横浜国立大学（神奈川県）,7,立入　光記,4,MF,90,先発,6,0,6,0,0.0
2026/04/25(土) 12:45 キックオフ,横浜国立大学（神奈川県）,8,小宮　昂大,3,MF,90,先発,0,0,0,0,0.0
2026/04/25(土) 12:45 キックオフ,横浜国立大学（神奈川県）,9,篠崎　開惺,3,FW,45,先発,2,0,2,0,0.0
2026/04/25(土) 12:45 キックオフ,横浜国立大学（神奈川県）,10,原子　泰地,4,FW,90,先発,1,2,3,0,0.0
2026/04/25(土) 12:45 キックオフ,横浜国立大学（神奈川県）,13,竹中　暖喜,3,DF,90,先発,0,0,0,0,0.0
2026/04/25(土) 12:45 キックオフ,横浜国立大学（神奈川県）,26,加藤　士門,4,FW,90,先発,1,0,1,0,0.0
2026/04/25(土) 12:45 キックオフ,横浜国立大学（神奈川県）,33,中村　朗莞,3,FW,90,先発,1,1,2,0,0.0
2026/04/25(土) 12:45 キックオフ,横浜国立大学（神奈川県）,36,井上　愛翔,2,MF,90,先発,1,1,2,0,0.0
2026/04/25(土) 12:45 キックオフ,横浜国立大学（神奈川県）,3,髙木　直,2,MF,45,控え,0,2,2,0,0.0
2026/04/25(土) 12:45 キックオフ,横浜国立大学（神奈川県）,4,飯島　浩輝,4,MF,0,控え,0,0,0,0,0.0
2026/04/25(土) 12:45 キックオフ,横浜国立大学（神奈川県）,11,島田　健央,4,FW,10,控え,0,0,0,0,0.0
2026/04/25(土) 12:45 キックオフ,横浜国立大学（神奈川県）,14,木村　光,3,MF,0,控え,0,0,0,0,0.0
2026/04/25(土) 12:45 キックオフ,横浜国立大学（神奈川県）,15,櫻井　恵太,2,MF,0,控え,0,0,0,0,0.0
2026/04/25(土) 12:45 キックオフ,横浜国立大学（神奈川県）,19,森下　優之心,2,DF,0,控え,0,0,0,0,0.0
2026/04/25(土) 12:45 キックオフ,横浜国立大学（神奈川県）,21,川瀬　統己,4,GK,0,控え,0,0,0,0,0.0
2026/04/25(土) 12:45 キックオフ,横浜国立大学（神奈川県）,25,川口　湊人,2,MF,0,控え,0,0,0,0,0.0
2026/04/25(土) 12:45 キックオフ,横浜国立大学（神奈川県）,40,小島　滉人,4,DF,0,控え,0,0,0,0,0.0
2026/04/25(土) 12:45 キックオフ,上智大学,1,藤田　大輝,4,GK,90,先発,0,0,0,0,0.0
2026/04/25(土) 12:45 キックオフ,上智大学,3,松本　和輝,3,DF,90,先発,0,0,0,0,0.0
2026/04/25(土) 12:45 キックオフ,上智大学,6,荒川　哲平,3,MF,90,先発,0,2,2,0,0.0
2026/04/25(土) 12:45 キックオフ,上智大学,8,福島　広大,4,MF,70,先発,0,0,0,0,0.0
2026/04/25(土) 12:45 キックオフ,上智大学,9,田中　佑樹,3,FW,90,先発,0,2,2,0,0.0
2026/04/25(土) 12:45 キックオフ,上智大学,10,塙　　仁成,4,MF,88,先発,1,1,2,0,0.0
2026/04/25(土) 12:45 キックオフ,上智大学,32,堀江　風雅,3,MF,61,先発,0,0,0,0,0.0
2026/04/25(土) 12:45 キックオフ,上智大学,33,村田　幸基,1,DF,90,先発,0,2,2,0,0.0
2026/04/25(土) 12:45 キックオフ,上智大学,44,山崎　颯介,2,MF,90,先発,0,0,0,0,0.0
2026/04/25(土) 12:45 キックオフ,上智大学,88,廣恒　龍,2,MF,81,先発,0,2,2,2,100.0
2026/04/25(土) 12:45 キックオフ,上智大学,97,須田　悠斗,2,DF,90,先発,0,0,0,0,0.0
2026/04/25(土) 12:45 キックオフ,上智大学,2,唐澤　健太,4,DF,0,控え,0,0,0,0,0.0
2026/04/25(土) 12:45 キックオフ,上智大学,4,須藤　智洋,4,DF,0,控え,0,0,0,0,0.0
2026/04/25(土) 12:45 キックオフ,上智大学,14,関口　雄士,3,MF,29,控え,0,1,1,0,0.0
2026/04/25(土) 12:45 キックオフ,上智大学,17,白坂　航大,4,MF,2,控え,0,0,0,0,0.0
2026/04/25(土) 12:45 キックオフ,上智大学,20,川島　晴空,3,DF,0,控え,0,0,0,0,0.0
2026/04/25(土) 12:45 キックオフ,上智大学,35,大西　十和,1,FW,0,控え,0,0,0,0,0.0
2026/04/25(土) 12:45 キックオフ,上智大学,80,大島　千虎,2,FW,0,控え,0,0,0,0,0.0
2026/04/25(土) 12:45 キックオフ,上智大学,81,福尾　涼太,1,MF,9,控え,0,0,0,0,0.0
2026/04/25(土) 12:45 キックオフ,上智大学,94,安野　一颯,2,DF,20,控え,0,0,0,0,0.0
2026/04/25(土) 14:00 キックオフ,桜美林大学,90,三治　陽空,2,GK,90,先発,0,0,0,0,0.0
2026/04/25(土) 14:00 キックオフ,桜美林大学,5,高井　翔麻,3,DF,90,先発,0,2,2,0,0.0
2026/04/25(土) 14:00 キックオフ,桜美林大学,44,堀江　響希,3,DF,90,先発,1,0,1,0,0.0
2026/04/25(土) 14:00 キックオフ,桜美林大学,3,岩本　晴,4,DF,90,先発,0,1,1,0,0.0
2026/04/25(土) 14:00 キックオフ,桜美林大学,22,高橋　陽翔,4,DF,90,先発,1,2,3,0,0.0
2026/04/25(土) 14:00 キックオフ,桜美林大学,6,吉川　遥人,4,MF,90,先発,1,1,2,1,50.0
2026/04/25(土) 14:00 キックオフ,桜美林大学,9,斎藤　翔太,4,MF,90,先発,1,1,2,0,0.0
2026/04/25(土) 14:00 キックオフ,桜美林大学,7,佐藤　天真,4,MF,72,先発,1,1,2,0,0.0
2026/04/25(土) 14:00 キックオフ,桜美林大学,21,菊地　琉世,4,MF,86,先発,0,2,2,0,0.0
2026/04/25(土) 14:00 キックオフ,桜美林大学,10,石澤　海陽,4,FW,67,先発,1,0,1,0,0.0
2026/04/25(土) 14:00 キックオフ,桜美林大学,25,大成　春斗,4,FW,75,先発,1,3,4,0,0.0
2026/04/25(土) 14:00 キックオフ,桜美林大学,80,小野口　怜望,1,GK,0,控え,0,0,0,0,0.0
2026/04/25(土) 14:00 キックオフ,桜美林大学,88,山本　陵聖,4,DF,0,控え,0,0,0,0,0.0
2026/04/25(土) 14:00 キックオフ,桜美林大学,15,大崎　陽斗,4,DF,23,控え,0,0,0,0,0.0
2026/04/25(土) 14:00 キックオフ,桜美林大学,96,木村　恵真,1,MF,18,控え,0,2,2,0,0.0
2026/04/25(土) 14:00 キックオフ,桜美林大学,2,小野　文也,4,MF,0,控え,0,0,0,0,0.0
2026/04/25(土) 14:00 キックオフ,桜美林大学,68,三浦　瑠恩,1,MF,4,控え,0,0,0,0,0.0
2026/04/25(土) 14:00 キックオフ,桜美林大学,23,和田　倖輔,3,MF,0,控え,0,0,0,0,0.0
2026/04/25(土) 14:00 キックオフ,桜美林大学,50,丸田　楽空,1,MF,0,控え,0,0,0,0,0.0
2026/04/25(土) 14:00 キックオフ,桜美林大学,20,倉橋　正吾,4,FW,15,控え,0,2,2,0,0.0
2026/04/25(土) 14:00 キックオフ,大東文化大学,1,清水　　天斗,4,GK,90,先発,0,0,0,0,0.0
2026/04/25(土) 14:00 キックオフ,大東文化大学,6,目黒　嵩人,4,DF,72,先発,0,0,0,0,0.0
2026/04/25(土) 14:00 キックオフ,大東文化大学,3,雨宮　　壮汰,3,DF,90,先発,0,0,0,0,0.0
2026/04/25(土) 14:00 キックオフ,大東文化大学,5,池羽　　航輝,4,DF,90,先発,0,0,0,0,0.0
2026/04/25(土) 14:00 キックオフ,大東文化大学,27,津田　　楓真,2,DF,90,先発,1,0,1,1,100.0
2026/04/25(土) 14:00 キックオフ,大東文化大学,47,渡辺　浩史,3,MF,90,先発,0,0,0,0,0.0
2026/04/25(土) 14:00 キックオフ,大東文化大学,9,熊田　　裕,4,MF,60,先発,0,0,0,0,0.0
2026/04/25(土) 14:00 キックオフ,大東文化大学,11,舘　颯之介,4,MF,86,先発,0,1,1,0,0.0
2026/04/25(土) 14:00 キックオフ,大東文化大学,10,安藤　　稜人,4,MF,90,先発,0,0,0,0,0.0
2026/04/25(土) 14:00 キックオフ,大東文化大学,96,奥田　大翔,2,FW,65,先発,0,1,1,0,0.0
2026/04/25(土) 14:00 キックオフ,大東文化大学,16,栗栖　晴己,3,MF,79,先発,0,0,0,0,0.0
2026/04/25(土) 14:00 キックオフ,大東文化大学,12,妹尾　典,4,GK,0,控え,0,0,0,0,0.0
2026/04/25(土) 14:00 キックオフ,大東文化大学,18,青　海斗,3,DF,18,控え,0,0,0,0,0.0
2026/04/25(土) 14:00 キックオフ,大東文化大学,4,正木　　翠羽,4,DF,0,控え,0,0,0,0,0.0
2026/04/25(土) 14:00 キックオフ,大東文化大学,22,髙野　　広大,2,DF,0,控え,0,0,0,0,0.0
2026/04/25(土) 14:00 キックオフ,大東文化大学,41,佃　孝太,2,MF,0,控え,0,0,0,0,0.0
2026/04/25(土) 14:00 キックオフ,大東文化大学,14,信國　達也,3,MF,4,控え,0,0,0,0,0.0
2026/04/25(土) 14:00 キックオフ,大東文化大学,13,佐久間　勇斗,3,MF,11,控え,0,0,0,0,0.0
2026/04/25(土) 14:00 キックオフ,大東文化大学,43,並木　俊輔,2,MF,25,控え,0,0,0,0,0.0
2026/04/25(土) 14:00 キックオフ,大東文化大学,7,笠原　　壮瑠,4,FW,30,控え,0,0,0,0,0.0
2026/04/25(土) 16:00 キックオフ,日本大学文理学部,1,磯貝 仁斗,4,GK,90,先発,0,0,0,0,0.0
2026/04/25(土) 16:00 キックオフ,日本大学文理学部,2,横山 聡大,2,DF,90,先発,0,0,0,0,0.0
2026/04/25(土) 16:00 キックオフ,日本大学文理学部,3,北村 翼,3,DF,90,先発,0,0,0,0,0.0
2026/04/25(土) 16:00 キックオフ,日本大学文理学部,25,間 琥太朗,3,DF,90,先発,0,0,0,0,0.0
2026/04/25(土) 16:00 キックオフ,日本大学文理学部,37,清水 佑,3,DF,90,先発,0,0,0,0,0.0
2026/04/25(土) 16:00 キックオフ,日本大学文理学部,93,小川 寧大,3,DF,90,先発,0,0,0,0,0.0
2026/04/25(土) 16:00 キックオフ,日本大学文理学部,65,千葉　海斗,1,MF,90,先発,0,2,2,0,0.0
2026/04/25(土) 16:00 キックオフ,日本大学文理学部,10,城田 優,4,MF,90,先発,3,0,3,0,0.0
2026/04/25(土) 16:00 キックオフ,日本大学文理学部,14,葛西 由晏,2,MF,90,先発,2,0,2,0,0.0
2026/04/25(土) 16:00 キックオフ,日本大学文理学部,24,川口 友作,4,MF,77,先発,0,0,0,0,0.0
2026/04/25(土) 16:00 キックオフ,日本大学文理学部,9,遠田 凌,4,FW,89,先発,2,0,2,0,0.0
2026/04/25(土) 16:00 キックオフ,日本大学文理学部,91,嶋﨑 寛大,4,GK,0,控え,0,0,0,0,0.0
2026/04/25(土) 16:00 キックオフ,日本大学文理学部,33,渋谷 竜聖,3,DF,0,控え,0,0,0,0,0.0
2026/04/25(土) 16:00 キックオフ,日本大学文理学部,77,新門 一晏,2,DF,0,控え,0,0,0,0,0.0
2026/04/25(土) 16:00 キックオフ,日本大学文理学部,5,星 恒輝,3,MF,13,控え,0,1,1,0,0.0
2026/04/25(土) 16:00 キックオフ,日本大学文理学部,46,鈴木 堅斗,4,MF,0,控え,0,0,0,0,0.0
2026/04/25(土) 16:00 キックオフ,日本大学文理学部,98,久場 莉稀,3,MF,0,控え,0,0,0,0,0.0
2026/04/25(土) 16:00 キックオフ,日本大学文理学部,18,中村 陶冶,1,FW,0,控え,0,0,0,0,0.0
2026/04/25(土) 16:00 キックオフ,日本大学文理学部,19,有田 海志,3,FW,0,控え,0,0,0,0,0.0
2026/04/25(土) 16:00 キックオフ,日本大学文理学部,29,髙山 周,3,FW,1,控え,0,0,0,0,0.0
2026/04/25(土) 16:00 キックオフ,朝鮮大学校,1,金 柱相,4,GK,90,先発,0,0,0,0,0.0
2026/04/25(土) 16:00 キックオフ,朝鮮大学校,2,沈 瑞輝,3,DF,90,先発,0,0,0,0,0.0
2026/04/25(土) 16:00 キックオフ,朝鮮大学校,4,金 悠宇,4,DF,90,先発,1,0,1,0,0.0
2026/04/25(土) 16:00 キックオフ,朝鮮大学校,5,愼 昌樹,4,DF,90,先発,0,0,0,0,0.0
2026/04/25(土) 16:00 キックオフ,朝鮮大学校,10,朴 ソラ,4,MF,45,先発,0,0,0,0,0.0
2026/04/25(土) 16:00 キックオフ,朝鮮大学校,8,朴 創嶺,不明,MF,90,先発,0,1,1,0,0.0
2026/04/25(土) 16:00 キックオフ,朝鮮大学校,14,金 世諒,3,MF,90,先発,1,4,5,1,20.0
2026/04/25(土) 16:00 キックオフ,朝鮮大学校,19,金 亨政,3,MF,90,先発,1,1,2,0,0.0
2026/04/25(土) 16:00 キックオフ,朝鮮大学校,9,金 翔元,4,MF,77,先発,0,0,0,0,0.0
2026/04/25(土) 16:00 キックオフ,朝鮮大学校,11,鄭 泰男,4,MF,89,先発,0,0,0,0,0.0
2026/04/25(土) 16:00 キックオフ,朝鮮大学校,13,李　京樹,不明,MF,84,先発,0,1,1,0,0.0
2026/04/25(土) 16:00 キックオフ,朝鮮大学校,12,金 利優,4,GK,0,控え,0,0,0,0,0.0
2026/04/25(土) 16:00 キックオフ,朝鮮大学校,6,姜 正晃,4,MF,0,控え,0,0,0,0,0.0
2026/04/25(土) 16:00 キックオフ,朝鮮大学校,20,金 星希,4,MF,13,控え,0,0,0,0,0.0
2026/04/25(土) 16:00 キックオフ,朝鮮大学校,23,チョ ヘフィ,4,MF,6,控え,0,0,0,0,0.0
2026/04/25(土) 16:00 キックオフ,朝鮮大学校,28,崔 廣敏,4,MF,1,控え,0,0,0,0,0.0
2026/04/25(土) 16:00 キックオフ,朝鮮大学校,29,鄭 誓華,2,MF,45,控え,0,0,0,0,0.0
2026/04/26(日) 10:00 キックオフ,武蔵大学,5,瀧川　穣,4,DF,90,先発,0,0,0,0,0.0
2026/04/26(日) 10:00 キックオフ,武蔵大学,8,中里　春輝,4,DF,90,先発,0,1,1,0,0.0
2026/04/26(日) 10:00 キックオフ,武蔵大学,10,森田　蓮人,4,FW,86,先発,0,1,1,0,0.0
2026/04/26(日) 10:00 キックオフ,武蔵大学,11,田辺　伊吹,4,FW,90,先発,1,0,1,0,0.0
2026/04/26(日) 10:00 キックオフ,武蔵大学,19,加藤　大聖,4,DF,90,先発,0,0,0,0,0.0
2026/04/26(日) 10:00 キックオフ,武蔵大学,22,水越　大心,3,MF,90,先発,1,0,1,0,0.0
2026/04/26(日) 10:00 キックオフ,武蔵大学,31,湯浅　世琉亜,3,GK,90,先発,0,0,0,0,0.0
2026/04/26(日) 10:00 キックオフ,武蔵大学,33,宇野　大稀,2,MF,79,先発,0,0,0,0,0.0
2026/04/26(日) 10:00 キックオフ,武蔵大学,34,島田　康誠,2,DF,75,先発,0,1,1,0,0.0
2026/04/26(日) 10:00 キックオフ,武蔵大学,43,高橋　慶,1,DF,56,先発,0,0,0,0,0.0
2026/04/26(日) 10:00 キックオフ,武蔵大学,47,廣井　悠真,2,FW,66,先発,0,1,1,0,0.0
2026/04/26(日) 10:00 キックオフ,武蔵大学,1,重山　武史,4,GK,0,控え,0,0,0,0,0.0
2026/04/26(日) 10:00 キックオフ,武蔵大学,40,泉谷　俊,2,MF,15,控え,0,0,0,0,0.0
2026/04/26(日) 10:00 キックオフ,武蔵大学,28,藤田　和,2,MF,0,控え,0,0,0,0,0.0
2026/04/26(日) 10:00 キックオフ,武蔵大学,15,柳澤　広喜,3,MF,0,控え,0,0,0,0,0.0
2026/04/26(日) 10:00 キックオフ,武蔵大学,45,寺田　聡,2,MF,11,控え,0,0,0,0,0.0
2026/04/26(日) 10:00 キックオフ,武蔵大学,50,甲斐田　裕大,2,MF,0,控え,0,0,0,0,0.0
2026/04/26(日) 10:00 キックオフ,武蔵大学,13,藤倉　空知,3,MF,24,控え,0,0,0,0,0.0
2026/04/26(日) 10:00 キックオフ,武蔵大学,9,及川　紘輝,2,FW,4,控え,0,0,0,0,0.0
2026/04/26(日) 10:00 キックオフ,武蔵大学,2,久保田　琳,4,DF,34,控え,0,0,0,0,0.0
2026/04/26(日) 10:00 キックオフ,帝京大学,1,佐藤 翔,3,GK,90,先発,0,0,0,0,0.0
2026/04/26(日) 10:00 キックオフ,帝京大学,2,松本 大地,4,DF,90,先発,0,0,0,0,0.0
2026/04/26(日) 10:00 キックオフ,帝京大学,3,船木 匡太朗,2,DF,90,先発,0,0,0,0,0.0
2026/04/26(日) 10:00 キックオフ,帝京大学,4,福平 太一,4,DF,90,先発,0,0,0,0,0.0
2026/04/26(日) 10:00 キックオフ,帝京大学,6,近江 智哉,2,MF,65,先発,0,0,0,0,0.0
2026/04/26(日) 10:00 キックオフ,帝京大学,9,緒方 快青,4,MF,65,先発,0,0,0,0,0.0
2026/04/26(日) 10:00 キックオフ,帝京大学,13,沢 柊斗,4,MF,84,先発,0,0,0,0,0.0
2026/04/26(日) 10:00 キックオフ,帝京大学,14,藤田 晴,4,FW,90,先発,1,1,2,0,0.0
2026/04/26(日) 10:00 キックオフ,帝京大学,16,池内 優介,3,DF,90,先発,0,0,0,0,0.0
2026/04/26(日) 10:00 キックオフ,帝京大学,19,佐山 洸士,2,MF,51,先発,0,0,0,0,0.0
2026/04/26(日) 10:00 キックオフ,帝京大学,26,桾澤 琢太,3,MF,77,先発,0,2,2,0,0.0
2026/04/26(日) 10:00 キックオフ,帝京大学,31,飯島　悠翔,3,GK,0,控え,0,0,0,0,0.0
2026/04/26(日) 10:00 キックオフ,帝京大学,7,内堀 太貴,2,MF,39,控え,0,0,0,0,0.0
2026/04/26(日) 10:00 キックオフ,帝京大学,8,桒原 一斗,3,MF,25,控え,0,0,0,0,0.0
2026/04/26(日) 10:00 キックオフ,帝京大学,10,細木 創太,4,FW,25,控え,0,0,0,0,0.0
2026/04/26(日) 10:00 キックオフ,帝京大学,15,杉浦 慶樹,4,FW,13,控え,0,3,3,0,0.0
2026/04/26(日) 10:00 キックオフ,帝京大学,27,山下 湊太郎,3,DF,6,控え,0,0,0,0,0.0
2026/04/26(日) 10:00 キックオフ,帝京大学,28,田中 奏匠,2,DF,0,控え,0,0,0,0,0.0
2026/04/26(日) 11:00 キックオフ,学習院大学,1,若尾　林太朗,3,GK,90,先発,0,0,0,0,0.0
2026/04/26(日) 11:00 キックオフ,学習院大学,2,松本　隆宏,4,DF,90,先発,0,0,0,0,0.0
2026/04/26(日) 11:00 キックオフ,学習院大学,3,中川　賢人,3,DF,90,先発,0,0,0,0,0.0
2026/04/26(日) 11:00 キックオフ,学習院大学,5,小林　恭輔,4,DF,90,先発,0,0,0,0,0.0
2026/04/26(日) 11:00 キックオフ,学習院大学,6,神山　晃太,3,MF,90,先発,0,0,0,0,0.0
2026/04/26(日) 11:00 キックオフ,学習院大学,7,児島　巧海,2,MF,90,先発,0,0,0,0,0.0
2026/04/26(日) 11:00 キックオフ,学習院大学,8,小川　将弥,3,MF,72,先発,0,0,0,0,0.0
2026/04/26(日) 11:00 キックオフ,学習院大学,10,小林　千紘,4,MF,90,先発,0,0,0,0,0.0
2026/04/26(日) 11:00 キックオフ,学習院大学,11,渡辺　創士,3,MF,90,先発,0,1,1,0,0.0
2026/04/26(日) 11:00 キックオフ,学習院大学,13,梶　圭朝,2,DF,90,先発,0,0,0,0,0.0
2026/04/26(日) 11:00 キックオフ,学習院大学,16,藤井　冬威,2,MF,90,先発,0,0,0,0,0.0
2026/04/26(日) 11:00 キックオフ,学習院大学,9,佐藤　雄哉,3,FW,0,控え,0,0,0,0,0.0
2026/04/26(日) 11:00 キックオフ,学習院大学,12,加藤   俐功,1,GK,0,控え,0,0,0,0,0.0
2026/04/26(日) 11:00 キックオフ,学習院大学,15,早稲田　睦,4,FW,0,控え,0,0,0,0,0.0
2026/04/26(日) 11:00 キックオフ,学習院大学,17,原　壮太,4,FW,18,控え,0,0,0,0,0.0
2026/04/26(日) 11:00 キックオフ,学習院大学,18,大久保　史温,2,MF,0,控え,0,0,0,0,0.0
2026/04/26(日) 11:00 キックオフ,学習院大学,20,北林　星七,2,FW,0,控え,0,0,0,0,0.0
2026/04/26(日) 11:00 キックオフ,学習院大学,22,柴田　佳輝,4,MF,0,控え,0,0,0,0,0.0
2026/04/26(日) 11:00 キックオフ,学習院大学,24,柳澤　和希,3,DF,0,控え,0,0,0,0,0.0
2026/04/26(日) 11:00 キックオフ,学習院大学,28,加藤   大毅,1,MF,0,控え,0,0,0,0,0.0
2026/04/26(日) 11:00 キックオフ,東京経済大学,5,内田　雄真,2,DF,90,先発,1,0,1,0,0.0
2026/04/26(日) 11:00 キックオフ,東京経済大学,6,松井　一晟,3,DF,90,先発,0,0,0,0,0.0
2026/04/26(日) 11:00 キックオフ,東京経済大学,7,大塚　恭生,3,MF,90,先発,1,2,3,0,0.0
2026/04/26(日) 11:00 キックオフ,東京経済大学,10,伊崎　耕紀,4,MF,90,先発,0,0,0,0,0.0
2026/04/26(日) 11:00 キックオフ,東京経済大学,12,中村　裕大,2,GK,90,先発,0,0,0,0,0.0
2026/04/26(日) 11:00 キックオフ,東京経済大学,13,宮﨑　悠斗,3,MF,90,先発,1,1,2,0,0.0
2026/04/26(日) 11:00 キックオフ,東京経済大学,17,吉儀　大,3,MF,90,先発,2,0,2,0,0.0
2026/04/26(日) 11:00 キックオフ,東京経済大学,18,新井　悠河,不明,FW,77,先発,2,0,2,0,0.0
2026/04/26(日) 11:00 キックオフ,東京経済大学,21,古垣　大樹,2,MF,58,先発,0,0,0,0,0.0
2026/04/26(日) 11:00 キックオフ,東京経済大学,24,川村　大樹,2,DF,90,先発,0,0,0,0,0.0
2026/04/26(日) 11:00 キックオフ,東京経済大学,28,海老原　寛大,2,MF,64,先発,1,0,1,0,0.0
2026/04/26(日) 11:00 キックオフ,東京経済大学,4,北林　嶺,3,DF,0,控え,0,0,0,0,0.0
2026/04/26(日) 11:00 キックオフ,東京経済大学,8,河西　透和,不明,MF,0,控え,0,0,0,0,0.0
2026/04/26(日) 11:00 キックオフ,東京経済大学,9,小尾　丞斗,4,FW,0,控え,0,0,0,0,0.0
2026/04/26(日) 11:00 キックオフ,東京経済大学,15,久保寺　壱晟,3,FW,13,控え,0,0,0,0,0.0
2026/04/26(日) 11:00 キックオフ,東京経済大学,16,村松　晴登,3,MF,32,控え,0,0,0,0,0.0
2026/04/26(日) 11:00 キックオフ,東京経済大学,26,田中　大夢,不明,DF,0,控え,0,0,0,0,0.0
2026/04/26(日) 11:00 キックオフ,東京経済大学,27,川畑　宇輝,3,DF,0,控え,0,0,0,0,0.0
2026/04/26(日) 11:00 キックオフ,東京経済大学,29,駒田　晴生,3,MF,26,控え,0,0,0,0,0.0
2026/04/26(日) 11:00 キックオフ,東京経済大学,30,寺内　聡,3,GK,0,控え,0,0,0,0,0.0
2026/05/02(土) 10:00 キックオフ,神奈川工科大学（神奈川県）,4,吉田　太陽,3,DF,90,先発,0,0,0,0,0.0
2026/05/02(土) 10:00 キックオフ,神奈川工科大学（神奈川県）,5,橋本　晃進,3,MF,64,先発,0,0,0,0,0.0
2026/05/02(土) 10:00 キックオフ,神奈川工科大学（神奈川県）,7,小林　優介,3,MF,90,先発,0,1,1,0,0.0
2026/05/02(土) 10:00 キックオフ,神奈川工科大学（神奈川県）,8,春原　	哲汰,3,MF,90,先発,0,0,0,0,0.0
2026/05/02(土) 10:00 キックオフ,神奈川工科大学（神奈川県）,9,功刀　崇斗,4,FW,69,先発,0,0,0,0,0.0
2026/05/02(土) 10:00 キックオフ,神奈川工科大学（神奈川県）,11,平田　竜誠,4,DF,77,先発,0,0,0,0,0.0
2026/05/02(土) 10:00 キックオフ,神奈川工科大学（神奈川県）,13,齊藤　大翔,1,MF,81,先発,0,0,0,0,0.0
2026/05/02(土) 10:00 キックオフ,神奈川工科大学（神奈川県）,15,林　晃希,2,DF,90,先発,0,0,0,0,0.0
2026/05/02(土) 10:00 キックオフ,神奈川工科大学（神奈川県）,30,大久保　陸翔,1,GK,90,先発,0,0,0,0,0.0
2026/05/02(土) 10:00 キックオフ,神奈川工科大学（神奈川県）,14,杉本　侑哉,3,MF,90,先発,0,0,0,0,0.0
2026/05/02(土) 10:00 キックオフ,神奈川工科大学（神奈川県）,10,小林　暢,4,MF,90,先発,0,1,1,0,0.0
2026/05/02(土) 10:00 キックオフ,神奈川工科大学（神奈川県）,6,石塚　快,3,MF,0,控え,0,0,0,0,0.0
2026/05/02(土) 10:00 キックオフ,神奈川工科大学（神奈川県）,17,大山　和真,2,MF,13,控え,0,0,0,0,0.0
2026/05/02(土) 10:00 キックオフ,神奈川工科大学（神奈川県）,18,前原　海聖,2,FW,0,控え,0,0,0,0,0.0
2026/05/02(土) 10:00 キックオフ,神奈川工科大学（神奈川県）,19,脇屋　颯人,1,FW,0,控え,0,0,0,0,0.0
2026/05/02(土) 10:00 キックオフ,神奈川工科大学（神奈川県）,28,八島　渉太,1,FW,21,控え,0,0,0,0,0.0
2026/05/02(土) 10:00 キックオフ,神奈川工科大学（神奈川県）,29,常盤　啓太,1,DF,26,控え,0,0,0,0,0.0
2026/05/02(土) 10:00 キックオフ,神奈川工科大学（神奈川県）,1,古渕　雅喜,4,GK,0,控え,0,0,0,0,0.0
2026/05/02(土) 10:00 キックオフ,神奈川工科大学（神奈川県）,3,五十嵐　晴生,3,DF,0,控え,0,0,0,0,0.0
2026/05/02(土) 10:00 キックオフ,神奈川工科大学（神奈川県）,12,川瀬　桜介,1,FW,9,控え,0,1,1,0,0.0
2026/05/02(土) 10:00 キックオフ,桜美林大学,3,岩本　晴,4,DF,90,先発,1,2,3,0,0.0
2026/05/02(土) 10:00 キックオフ,桜美林大学,5,高井　翔麻,3,DF,90,先発,2,2,4,0,0.0
2026/05/02(土) 10:00 キックオフ,桜美林大学,6,吉川　遥人,4,MF,90,先発,0,1,1,0,0.0
2026/05/02(土) 10:00 キックオフ,桜美林大学,15,大崎　陽斗,4,DF,90,先発,1,1,2,0,0.0
2026/05/02(土) 10:00 キックオフ,桜美林大学,20,倉橋　正吾,4,FW,77,先発,1,1,2,2,100.0
2026/05/02(土) 10:00 キックオフ,桜美林大学,21,菊地　琉世,4,MF,64,先発,1,2,3,2,66.7
2026/05/02(土) 10:00 キックオフ,桜美林大学,44,堀江　響希,3,DF,72,先発,1,1,2,0,0.0
2026/05/02(土) 10:00 キックオフ,桜美林大学,88,山本　陵聖,4,DF,69,先発,0,1,1,0,0.0
2026/05/02(土) 10:00 キックオフ,桜美林大学,90,三治　陽空,2,GK,90,先発,0,0,0,0,0.0
2026/05/02(土) 10:00 キックオフ,桜美林大学,96,木村　恵真,1,MF,64,先発,2,1,3,1,33.3
2026/05/02(土) 10:00 キックオフ,桜美林大学,7,佐藤　天真,4,MF,90,先発,0,0,0,0,0.0
2026/05/02(土) 10:00 キックオフ,桜美林大学,2,小野　文也,4,MF,21,控え,0,0,0,0,0.0
2026/05/02(土) 10:00 キックオフ,桜美林大学,9,斎藤　翔太,4,MF,0,控え,0,0,0,0,0.0
2026/05/02(土) 10:00 キックオフ,桜美林大学,17,山田 　結互,1,MF,26,控え,0,0,0,0,0.0
2026/05/02(土) 10:00 キックオフ,桜美林大学,25,大成　春斗,4,FW,13,控え,0,2,2,0,0.0
2026/05/02(土) 10:00 キックオフ,桜美林大学,31,牧野　歩,1,DF,18,控え,0,0,0,0,0.0
2026/05/02(土) 10:00 キックオフ,桜美林大学,36,菊地　勝斗,4,MF,26,控え,0,1,1,0,0.0
2026/05/02(土) 10:00 キックオフ,桜美林大学,50,丸田　楽空,1,MF,0,控え,0,0,0,0,0.0
2026/05/02(土) 10:00 キックオフ,桜美林大学,68,三浦　瑠恩,1,MF,0,控え,0,0,0,0,0.0
2026/05/02(土) 10:00 キックオフ,桜美林大学,80,小野口　怜望,1,GK,0,控え,0,0,0,0,0.0
2026/05/02(土) 14:30 キックオフ,東京経済大学,12,中村　裕大,2,GK,90,先発,0,0,0,0,0.0
2026/05/02(土) 14:30 キックオフ,東京経済大学,5,内田　雄真,2,DF,90,先発,0,1,1,0,0.0
2026/05/02(土) 14:30 キックオフ,東京経済大学,6,松井　一晟,3,DF,90,先発,1,0,1,0,0.0
2026/05/02(土) 14:30 キックオフ,東京経済大学,7,大塚　恭生,3,MF,90,先発,2,1,3,0,0.0
2026/05/02(土) 14:30 キックオフ,東京経済大学,10,伊崎　耕紀,4,MF,90,先発,0,0,0,0,0.0
2026/05/02(土) 14:30 キックオフ,東京経済大学,13,宮﨑　悠斗,3,MF,90,先発,0,3,3,0,0.0
2026/05/02(土) 14:30 キックオフ,東京経済大学,16,村松　晴登,3,MF,90,先発,3,1,4,1,25.0
2026/05/02(土) 14:30 キックオフ,東京経済大学,17,吉儀　大,3,MF,75,先発,1,2,3,0,0.0
2026/05/02(土) 14:30 キックオフ,東京経済大学,19,山田　士雄,2,MF,90,先発,0,2,2,0,0.0
2026/05/02(土) 14:30 キックオフ,東京経済大学,28,海老原　寛大,2,MF,61,先発,4,0,4,0,0.0
2026/05/02(土) 14:30 キックオフ,東京経済大学,29,駒田　晴生,3,MF,75,先発,0,3,3,1,33.3
2026/05/02(土) 14:30 キックオフ,東京経済大学,30,寺内　聡,3,GK,0,控え,0,0,0,0,0.0
2026/05/02(土) 14:30 キックオフ,東京経済大学,4,北林　嶺,3,DF,0,控え,0,0,0,0,0.0
2026/05/02(土) 14:30 キックオフ,東京経済大学,26,田中　大夢,不明,DF,0,控え,0,0,0,0,0.0
2026/05/02(土) 14:30 キックオフ,東京経済大学,24,川村　大樹,2,DF,0,控え,0,0,0,0,0.0
2026/05/02(土) 14:30 キックオフ,東京経済大学,8,河西　透和,不明,MF,29,控え,0,0,0,0,0.0
2026/05/02(土) 14:30 キックオフ,東京経済大学,21,古垣　大樹,2,MF,15,控え,0,1,1,1,100.0
2026/05/02(土) 14:30 キックオフ,東京経済大学,9,小尾　丞斗,4,FW,15,控え,0,0,0,0,0.0
2026/05/02(土) 14:30 キックオフ,東京経済大学,14,中島　洋之介,3,FW,0,控え,0,0,0,0,0.0
2026/05/02(土) 14:30 キックオフ,東京経済大学,15,久保寺　壱晟,3,FW,0,控え,0,0,0,0,0.0
2026/05/02(土) 14:30 キックオフ,日本大学文理学部,1,磯貝 仁斗,4,GK,90,先発,0,0,0,0,0.0
2026/05/02(土) 14:30 キックオフ,日本大学文理学部,2,横山 聡大,2,DF,85,先発,1,0,1,0,0.0
2026/05/02(土) 14:30 キックオフ,日本大学文理学部,3,北村 翼,3,DF,90,先発,0,0,0,0,0.0
2026/05/02(土) 14:30 キックオフ,日本大学文理学部,25,間 琥太朗,3,DF,90,先発,1,0,1,0,0.0
2026/05/02(土) 14:30 キックオフ,日本大学文理学部,37,清水 佑,3,DF,90,先発,0,0,0,0,0.0
2026/05/02(土) 14:30 キックオフ,日本大学文理学部,93,小川 寧大,3,DF,90,先発,0,0,0,0,0.0
2026/05/02(土) 14:30 キックオフ,日本大学文理学部,10,城田 優,4,MF,90,先発,0,0,0,0,0.0
2026/05/02(土) 14:30 キックオフ,日本大学文理学部,14,葛西 由晏,2,MF,90,先発,0,1,1,0,0.0
2026/05/02(土) 14:30 キックオフ,日本大学文理学部,24,川口 友作,4,MF,75,先発,0,0,0,0,0.0
2026/05/02(土) 14:30 キックオフ,日本大学文理学部,65,千葉　海斗,1,MF,90,先発,0,0,0,0,0.0
2026/05/02(土) 14:30 キックオフ,日本大学文理学部,19,有田 海志,3,FW,75,先発,0,0,0,0,0.0
2026/05/02(土) 14:30 キックオフ,日本大学文理学部,91,嶋﨑 寛大,4,GK,0,控え,0,0,0,0,0.0
2026/05/02(土) 14:30 キックオフ,日本大学文理学部,33,渋谷 竜聖,3,DF,0,控え,0,0,0,0,0.0
2026/05/02(土) 14:30 キックオフ,日本大学文理学部,77,新門 一晏,2,DF,0,控え,0,0,0,0,0.0
2026/05/02(土) 14:30 キックオフ,日本大学文理学部,5,星 恒輝,3,MF,0,控え,0,0,0,0,0.0
2026/05/02(土) 14:30 キックオフ,日本大学文理学部,8,石川　雄大,1,MF,0,控え,0,0,0,0,0.0
2026/05/02(土) 14:30 キックオフ,日本大学文理学部,46,鈴木 堅斗,4,MF,5,控え,0,1,1,0,0.0
2026/05/02(土) 14:30 キックオフ,日本大学文理学部,98,久場 莉稀,3,MF,15,控え,0,0,0,0,0.0
2026/05/02(土) 14:30 キックオフ,日本大学文理学部,18,中村 陶冶,1,FW,0,控え,0,0,0,0,0.0
2026/05/02(土) 14:30 キックオフ,日本大学文理学部,29,髙山 周,3,FW,15,控え,0,0,0,0,0.0
2026/05/02(土) 15:00 キックオフ,学習院大学,1,若尾　林太朗,3,GK,90,先発,0,0,0,0,0.0
2026/05/02(土) 15:00 キックオフ,学習院大学,2,松本　隆宏,4,DF,74,先発,0,0,0,0,0.0
2026/05/02(土) 15:00 キックオフ,学習院大学,3,中川　賢人,3,DF,90,先発,0,0,0,0,0.0
2026/05/02(土) 15:00 キックオフ,学習院大学,4,木内　温大,4,DF,90,先発,1,0,1,1,100.0
2026/05/02(土) 15:00 キックオフ,学習院大学,5,小林　恭輔,4,DF,90,先発,1,1,2,0,0.0
2026/05/02(土) 15:00 キックオフ,学習院大学,6,神山　晃太,3,MF,72,先発,0,0,0,0,0.0
2026/05/02(土) 15:00 キックオフ,学習院大学,7,児島　巧海,2,MF,90,先発,0,2,2,1,50.0
2026/05/02(土) 15:00 キックオフ,学習院大学,8,小川　将弥,3,MF,80,先発,1,0,1,0,0.0
2026/05/02(土) 15:00 キックオフ,学習院大学,10,小林　千紘,4,MF,90,先発,1,2,3,1,33.3
2026/05/02(土) 15:00 キックオフ,学習院大学,11,渡辺　創士,3,MF,90,先発,2,3,5,0,0.0
2026/05/02(土) 15:00 キックオフ,学習院大学,13,梶　圭朝,2,DF,90,先発,1,0,1,1,100.0
2026/05/02(土) 15:00 キックオフ,学習院大学,12,加藤   俐功,1,GK,0,控え,0,0,0,0,0.0
2026/05/02(土) 15:00 キックオフ,学習院大学,14,佐藤　友樹,4,MF,0,控え,0,0,0,0,0.0
2026/05/02(土) 15:00 キックオフ,学習院大学,15,早稲田　睦,4,FW,0,控え,0,0,0,0,0.0
2026/05/02(土) 15:00 キックオフ,学習院大学,16,藤井　冬威,2,MF,0,控え,0,0,0,0,0.0
2026/05/02(土) 15:00 キックオフ,学習院大学,17,原　壮太,4,FW,10,控え,0,1,1,0,0.0
2026/05/02(土) 15:00 キックオフ,学習院大学,18,大久保　史温,2,MF,0,控え,0,0,0,0,0.0
2026/05/02(土) 15:00 キックオフ,学習院大学,20,北林　星七,2,FW,18,控え,0,0,0,0,0.0
2026/05/02(土) 15:00 キックオフ,学習院大学,22,柴田　佳輝,4,MF,0,控え,0,0,0,0,0.0
2026/05/02(土) 15:00 キックオフ,学習院大学,28,加藤   大毅,1,MF,16,控え,0,0,0,0,0.0
2026/05/02(土) 15:00 キックオフ,横浜国立大学（神奈川県）,1,神山　洋輝,4,GK,90,先発,0,0,0,0,0.0
2026/05/02(土) 15:00 キックオフ,横浜国立大学（神奈川県）,3,髙木　直,2,MF,83,先発,1,0,1,0,0.0
2026/05/02(土) 15:00 キックオフ,横浜国立大学（神奈川県）,5,大西　遼久,4,DF,90,先発,1,0,1,0,0.0
2026/05/02(土) 15:00 キックオフ,横浜国立大学（神奈川県）,6,渡邊　元気,2,MF,45,先発,1,0,1,0,0.0
2026/05/02(土) 15:00 キックオフ,横浜国立大学（神奈川県）,7,立入　光記,4,MF,90,先発,0,3,3,0,0.0
2026/05/02(土) 15:00 キックオフ,横浜国立大学（神奈川県）,8,小宮　昂大,3,MF,90,先発,0,0,0,0,0.0
2026/05/02(土) 15:00 キックオフ,横浜国立大学（神奈川県）,10,原子　泰地,4,FW,87,先発,1,3,4,2,50.0
2026/05/02(土) 15:00 キックオフ,横浜国立大学（神奈川県）,13,竹中　暖喜,3,DF,90,先発,0,0,0,0,0.0
2026/05/02(土) 15:00 キックオフ,横浜国立大学（神奈川県）,26,加藤　士門,4,FW,77,先発,1,0,1,0,0.0
2026/05/02(土) 15:00 キックオフ,横浜国立大学（神奈川県）,33,中村　朗莞,3,FW,90,先発,0,2,2,0,0.0
2026/05/02(土) 15:00 キックオフ,横浜国立大学（神奈川県）,36,井上　愛翔,2,MF,90,先発,0,2,2,0,0.0
2026/05/02(土) 15:00 キックオフ,横浜国立大学（神奈川県）,9,篠崎　開惺,3,FW,3,控え,0,0,0,0,0.0
2026/05/02(土) 15:00 キックオフ,横浜国立大学（神奈川県）,11,島田　健央,4,FW,0,控え,0,0,0,0,0.0
2026/05/02(土) 15:00 キックオフ,横浜国立大学（神奈川県）,14,木村　光,3,MF,0,控え,0,0,0,0,0.0
2026/05/02(土) 15:00 キックオフ,横浜国立大学（神奈川県）,15,櫻井　恵太,2,MF,45,控え,0,0,0,0,0.0
2026/05/02(土) 15:00 キックオフ,横浜国立大学（神奈川県）,16,井上　哲志,4,GK,0,控え,0,0,0,0,0.0
2026/05/02(土) 15:00 キックオフ,横浜国立大学（神奈川県）,19,森下　優之心,2,DF,0,控え,0,0,0,0,0.0
2026/05/02(土) 15:00 キックオフ,横浜国立大学（神奈川県）,25,川口　湊人,2,MF,0,控え,0,0,0,0,0.0
2026/05/02(土) 15:00 キックオフ,横浜国立大学（神奈川県）,27,菊地　海凪,1,MF,7,控え,0,0,0,0,0.0
2026/05/02(土) 15:00 キックオフ,横浜国立大学（神奈川県）,28,田邉　快斗,1,DF,13,控え,0,0,0,0,0.0
2026/05/02(土) 15:00 キックオフ,帝京大学,1,佐藤 翔,3,GK,90,先発,0,0,0,0,0.0
2026/05/02(土) 15:00 キックオフ,帝京大学,2,松本 大地,4,DF,90,先発,0,0,0,0,0.0
2026/05/02(土) 15:00 キックオフ,帝京大学,3,船木 匡太朗,2,DF,90,先発,0,0,0,0,0.0
2026/05/02(土) 15:00 キックオフ,帝京大学,4,福平 太一,4,DF,90,先発,1,1,2,0,0.0
2026/05/02(土) 15:00 キックオフ,帝京大学,6,近江 智哉,2,MF,88,先発,0,0,0,0,0.0
2026/05/02(土) 15:00 キックオフ,帝京大学,7,内堀 太貴,2,MF,50,先発,2,0,2,0,0.0
2026/05/02(土) 15:00 キックオフ,帝京大学,10,細木 創太,4,FW,50,先発,1,0,1,0,0.0
2026/05/02(土) 15:00 キックオフ,帝京大学,13,沢 柊斗,4,MF,65,先発,1,0,1,0,0.0
2026/05/02(土) 15:00 キックオフ,帝京大学,14,藤田 晴,4,FW,90,先発,2,2,4,0,0.0
2026/05/02(土) 15:00 キックオフ,帝京大学,26,桾澤 琢太,3,MF,65,先発,0,0,0,0,0.0
2026/05/02(土) 15:00 キックオフ,帝京大学,32,矢野　琉瑚,3,DF,90,先発,1,0,1,0,0.0
2026/05/02(土) 15:00 キックオフ,帝京大学,5,小林 侑希,2,DF,0,控え,0,0,0,0,0.0
2026/05/02(土) 15:00 キックオフ,帝京大学,8,桒原 一斗,3,MF,25,控え,0,2,2,0,0.0
2026/05/02(土) 15:00 キックオフ,帝京大学,9,緒方 快青,4,MF,40,控え,0,3,3,0,0.0
2026/05/02(土) 15:00 キックオフ,帝京大学,11,渡辺 結心,4,MF,40,控え,0,0,0,0,0.0
2026/05/02(土) 15:00 キックオフ,帝京大学,16,池内 優介,3,DF,25,控え,0,1,1,1,100.0
2026/05/02(土) 15:00 キックオフ,帝京大学,21,吉村 晴喜,2,GK,0,控え,0,0,0,0,0.0
2026/05/02(土) 15:00 キックオフ,帝京大学,25,山下 翔世,3,DF,2,控え,0,0,0,0,0.0
2026/05/02(土) 15:00 キックオフ,帝京大学,35,古村　大和,3,DF,0,控え,0,0,0,0,0.0
2026/05/02(土) 15:00 キックオフ,大東文化大学,1,清水　　天斗,4,GK,90,先発,0,0,0,0,0.0
2026/05/02(土) 15:00 キックオフ,大東文化大学,3,雨宮　　壮汰,3,DF,50,先発,1,0,1,0,0.0
2026/05/02(土) 15:00 キックオフ,大東文化大学,5,池羽　　航輝,4,DF,90,先発,1,0,1,0,0.0
2026/05/02(土) 15:00 キックオフ,大東文化大学,10,安藤　　稜人,4,MF,90,先発,0,1,1,0,0.0
2026/05/02(土) 15:00 キックオフ,大東文化大学,11,舘　颯之介,4,MF,67,先発,1,0,1,0,0.0
2026/05/02(土) 15:00 キックオフ,大東文化大学,14,信國　達也,3,MF,90,先発,0,0,0,0,0.0
2026/05/02(土) 15:00 キックオフ,大東文化大学,18,青　海斗,3,DF,90,先発,0,0,0,0,0.0
2026/05/02(土) 15:00 キックオフ,大東文化大学,27,津田　　楓真,2,DF,90,先発,0,1,1,0,0.0
2026/05/02(土) 15:00 キックオフ,大東文化大学,43,並木　俊輔,2,MF,67,先発,0,0,0,0,0.0
2026/05/02(土) 15:00 キックオフ,大東文化大学,47,渡辺　浩史,3,MF,83,先発,1,1,2,0,0.0
2026/05/02(土) 15:00 キックオフ,大東文化大学,96,奥田　大翔,2,FW,67,先発,0,1,1,0,0.0
2026/05/02(土) 15:00 キックオフ,大東文化大学,4,正木　　翠羽,4,DF,40,控え,0,0,0,0,0.0
2026/05/02(土) 15:00 キックオフ,大東文化大学,7,笠原　　壮瑠,4,FW,23,控え,0,0,0,0,0.0
2026/05/02(土) 15:00 キックオフ,大東文化大学,9,熊田　　裕,4,MF,0,控え,0,0,0,0,0.0
2026/05/02(土) 15:00 キックオフ,大東文化大学,12,妹尾　典,4,GK,0,控え,0,0,0,0,0.0
2026/05/02(土) 15:00 キックオフ,大東文化大学,13,佐久間　勇斗,3,MF,23,控え,0,0,0,0,0.0
2026/05/02(土) 15:00 キックオフ,大東文化大学,19,上田　然,3,FW,23,控え,0,0,0,0,0.0
2026/05/02(土) 15:00 キックオフ,大東文化大学,41,佃　孝太,2,MF,0,控え,0,0,0,0,0.0
2026/05/02(土) 15:00 キックオフ,大東文化大学,44,宮坂　哲之真,2,MF,7,控え,0,0,0,0,0.0
2026/05/02(土) 15:00 キックオフ,大東文化大学,46,金子　潤,2,DF,0,控え,0,0,0,0,0.0
2026/05/03(日) 10:00 キックオフ,朝鮮大学校,12,金 利優,4,GK,90,先発,0,0,0,0,0.0
2026/05/03(日) 10:00 キックオフ,朝鮮大学校,2,沈 瑞輝,3,DF,90,先発,0,0,0,0,0.0
2026/05/03(日) 10:00 キックオフ,朝鮮大学校,4,金 悠宇,4,DF,90,先発,0,0,0,0,0.0
2026/05/03(日) 10:00 キックオフ,朝鮮大学校,20,金 星希,4,MF,21,先発,0,0,0,0,0.0
2026/05/03(日) 10:00 キックオフ,朝鮮大学校,10,朴 ソラ,4,MF,90,先発,0,0,0,0,0.0
2026/05/03(日) 10:00 キックオフ,朝鮮大学校,13,李　京樹,不明,MF,11,先発,0,0,0,0,0.0
2026/05/03(日) 10:00 キックオフ,朝鮮大学校,19,金 亨政,3,MF,90,先発,0,0,0,0,0.0
2026/05/03(日) 10:00 キックオフ,朝鮮大学校,21,朴　創嶺,3,MF,90,先発,0,0,0,0,0.0
2026/05/03(日) 10:00 キックオフ,朝鮮大学校,29,鄭 誓華,2,MF,90,先発,0,0,0,0,0.0
2026/05/03(日) 10:00 キックオフ,朝鮮大学校,11,鄭 泰男,4,MF,90,先発,1,0,1,0,0.0
2026/05/03(日) 10:00 キックオフ,朝鮮大学校,14,金 世諒,3,MF,21,先発,1,0,1,1,100.0
2026/05/03(日) 10:00 キックオフ,朝鮮大学校,30,李 燦喜,2,GK,0,控え,0,0,0,0,0.0
2026/05/03(日) 10:00 キックオフ,朝鮮大学校,15,高 茂邦,4,DF,0,控え,0,0,0,0,0.0
2026/05/03(日) 10:00 キックオフ,朝鮮大学校,16,高　悠邦,2,DF,69,控え,0,0,0,0,0.0
2026/05/03(日) 10:00 キックオフ,朝鮮大学校,9,金 翔元,4,MF,69,控え,0,0,0,0,0.0
2026/05/03(日) 10:00 キックオフ,朝鮮大学校,23,チョ ヘフィ,4,MF,0,控え,0,0,0,0,0.0
2026/05/03(日) 10:00 キックオフ,朝鮮大学校,27,金　毅昂,2,MF,79,控え,0,0,0,0,0.0
2026/05/03(日) 10:00 キックオフ,朝鮮大学校,7,金 民学,4,FW,0,控え,0,0,0,0,0.0
2026/05/03(日) 10:00 キックオフ,玉川大学,16,今村　光汰,4,GK,90,先発,0,0,0,0,0.0
2026/05/03(日) 10:00 キックオフ,玉川大学,3,信賀　有希,4,DF,90,先発,1,0,1,0,0.0
2026/05/03(日) 10:00 キックオフ,玉川大学,7,森岡　大地,4,MF,90,先発,0,0,0,0,0.0
2026/05/03(日) 10:00 キックオフ,玉川大学,5,松井　琢磨,2,DF,90,先発,0,1,1,0,0.0
2026/05/03(日) 10:00 キックオフ,玉川大学,36,上野　湊,3,DF,32,先発,1,0,1,0,0.0
2026/05/03(日) 10:00 キックオフ,玉川大学,11,中村　隼人,4,MF,25,先発,0,1,1,0,0.0
2026/05/03(日) 10:00 キックオフ,玉川大学,14,林　雄琉,4,MF,90,先発,0,0,0,0,0.0
2026/05/03(日) 10:00 キックオフ,玉川大学,10,内田　凜,4,MF,35,先発,0,0,0,0,0.0
2026/05/03(日) 10:00 キックオフ,玉川大学,26,杉山　和勢,2,MF,90,先発,0,0,0,0,0.0
2026/05/03(日) 10:00 キックオフ,玉川大学,19,国谷　康太,3,FW,25,先発,0,1,1,0,0.0
2026/05/03(日) 10:00 キックオフ,玉川大学,13,堀野辺　空,4,MF,11,先発,1,0,1,0,0.0
2026/05/03(日) 10:00 キックオフ,玉川大学,1,大熊　大輔,1,GK,0,控え,0,0,0,0,0.0
2026/05/03(日) 10:00 キックオフ,玉川大学,27,楠山　奈音,3,DF,65,控え,0,0,0,0,0.0
2026/05/03(日) 10:00 キックオフ,玉川大学,15,丸尾　航琉,4,DF,58,控え,0,0,0,0,0.0
2026/05/03(日) 10:00 キックオフ,玉川大学,34,坂本　佳晴,2,MF,0,控え,0,0,0,0,0.0
2026/05/03(日) 10:00 キックオフ,玉川大学,23,國本　純成,3,MF,55,控え,0,0,0,0,0.0
2026/05/03(日) 10:00 キックオフ,玉川大学,22,歳森　杏介,2,MF,65,控え,0,0,0,0,0.0
2026/05/03(日) 10:00 キックオフ,玉川大学,18,佐久間　駿喜,3,FW,79,控え,0,0,0,0,0.0
2026/05/03(日) 10:00 キックオフ,上智大学,1,藤田　大輝,4,GK,90,先発,0,0,0,0,0.0
2026/05/03(日) 10:00 キックオフ,上智大学,97,須田　悠斗,2,DF,90,先発,0,0,0,0,0.0
2026/05/03(日) 10:00 キックオフ,上智大学,3,松本　和輝,3,DF,90,先発,0,1,1,0,0.0
2026/05/03(日) 10:00 キックオフ,上智大学,33,村田　幸基,1,DF,90,先発,0,0,0,0,0.0
2026/05/03(日) 10:00 キックオフ,上智大学,44,山崎　颯介,2,MF,90,先発,0,0,0,0,0.0
2026/05/03(日) 10:00 キックオフ,上智大学,6,荒川　哲平,3,MF,90,先発,1,0,1,0,0.0
2026/05/03(日) 10:00 キックオフ,上智大学,14,関口　雄士,3,MF,83,先発,0,0,0,0,0.0
2026/05/03(日) 10:00 キックオフ,上智大学,88,廣恒　龍,2,MF,89,先発,0,0,0,0,0.0
2026/05/03(日) 10:00 キックオフ,上智大学,8,福島　広大,4,MF,69,先発,2,0,2,1,50.0
2026/05/03(日) 10:00 キックオフ,上智大学,10,塙　　仁成,4,MF,80,先発,0,1,1,0,0.0
2026/05/03(日) 10:00 キックオフ,上智大学,9,田中　佑樹,3,FW,90,先発,1,0,1,0,0.0
2026/05/03(日) 10:00 キックオフ,上智大学,20,川島　晴空,3,GK,0,控え,0,0,0,0,0.0
2026/05/03(日) 10:00 キックオフ,上智大学,2,唐澤　健太,4,DF,0,控え,0,0,0,0,0.0
2026/05/03(日) 10:00 キックオフ,上智大学,4,須藤　智洋,4,DF,0,控え,0,0,0,0,0.0
2026/05/03(日) 10:00 キックオフ,上智大学,94,安野　一颯,2,DF,1,控え,0,0,0,0,0.0
2026/05/03(日) 10:00 キックオフ,上智大学,17,白坂　航大,4,MF,7,控え,0,0,0,0,0.0
2026/05/03(日) 10:00 キックオフ,上智大学,21,橋本　斗雅,2,MF,0,控え,0,0,0,0,0.0
2026/05/03(日) 10:00 キックオフ,上智大学,32,堀江　風雅,3,MF,21,控え,0,0,0,0,0.0
2026/05/03(日) 10:00 キックオフ,上智大学,35,大西　十和,1,FW,0,控え,0,0,0,0,0.0
2026/05/03(日) 10:00 キックオフ,上智大学,80,大島　千虎,2,FW,10,控え,0,0,0,0,0.0
2026/05/03(日) 10:00 キックオフ,武蔵大学,31,湯浅　世琉亜,3,GK,90,先発,0,0,0,0,0.0
2026/05/03(日) 10:00 キックオフ,武蔵大学,5,瀧川　穣,4,DF,90,先発,0,1,1,0,0.0
2026/05/03(日) 10:00 キックオフ,武蔵大学,19,加藤　大聖,4,DF,90,先発,0,0,0,0,0.0
2026/05/03(日) 10:00 キックオフ,武蔵大学,34,島田　康誠,2,DF,90,先発,0,0,0,0,0.0
2026/05/03(日) 10:00 キックオフ,武蔵大学,43,高橋　慶,1,DF,69,先発,0,0,0,0,0.0
2026/05/03(日) 10:00 キックオフ,武蔵大学,8,中里　春輝,4,DF,55,先発,1,1,2,0,0.0
2026/05/03(日) 10:00 キックオフ,武蔵大学,11,田辺　伊吹,4,FW,90,先発,2,0,2,0,0.0
2026/05/03(日) 10:00 キックオフ,武蔵大学,22,水越　大心,3,MF,45,先発,0,0,0,0,0.0
2026/05/03(日) 10:00 キックオフ,武蔵大学,33,宇野　大稀,2,MF,79,先発,0,0,0,0,0.0
2026/05/03(日) 10:00 キックオフ,武蔵大学,45,寺田　聡,2,MF,69,先発,0,0,0,0,0.0
2026/05/03(日) 10:00 キックオフ,武蔵大学,47,廣井　悠真,2,FW,90,先発,3,0,3,0,0.0
2026/05/03(日) 10:00 キックオフ,武蔵大学,1,重山　武史,4,GK,0,控え,0,0,0,0,0.0
2026/05/03(日) 10:00 キックオフ,武蔵大学,24,永山　泰希,3,DF,0,控え,0,0,0,0,0.0
2026/05/03(日) 10:00 キックオフ,武蔵大学,14,石塚　優斗,3,MF,45,控え,0,0,0,0,0.0
2026/05/03(日) 10:00 キックオフ,武蔵大学,15,柳澤　広喜,3,MF,21,控え,0,0,0,1,0.0
2026/05/03(日) 10:00 キックオフ,武蔵大学,28,藤田　和,2,MF,21,控え,0,0,0,0,0.0
2026/05/03(日) 10:00 キックオフ,武蔵大学,4,小野寺　拓巳,2,DF,11,控え,0,0,0,0,0.0
2026/05/03(日) 10:00 キックオフ,武蔵大学,50,甲斐田　裕大,2,MF,35,控え,0,6,6,1,16.7
2026/05/03(日) 10:00 キックオフ,武蔵大学,7,二杉　茶利,4,FW,0,控え,0,0,0,0,0.0
2026/05/03(日) 10:00 キックオフ,武蔵大学,9,及川　紘輝,2,FW,0,控え,0,0,0,0,0.0
2026/05/09(土) 10:00 キックオフ,神奈川工科大学（神奈川県）,30,大久保　陸翔,1,GK,90,先発,0,0,0,0,0.0
2026/05/09(土) 10:00 キックオフ,神奈川工科大学（神奈川県）,3,五十嵐　晴生,3,DF,90,先発,0,0,0,0,0.0
2026/05/09(土) 10:00 キックオフ,神奈川工科大学（神奈川県）,4,吉田　太陽,3,DF,90,先発,0,0,0,0,0.0
2026/05/09(土) 10:00 キックオフ,神奈川工科大学（神奈川県）,15,林　晃希,2,DF,79,先発,0,0,0,0,0.0
2026/05/09(土) 10:00 キックオフ,神奈川工科大学（神奈川県）,29,常盤　啓太,1,DF,90,先発,0,0,0,0,0.0
2026/05/09(土) 10:00 キックオフ,神奈川工科大学（神奈川県）,7,小林　優介,3,MF,90,先発,0,0,0,0,0.0
2026/05/09(土) 10:00 キックオフ,神奈川工科大学（神奈川県）,11,平田　竜誠,4,MF,73,先発,0,1,1,0,0.0
2026/05/09(土) 10:00 キックオフ,神奈川工科大学（神奈川県）,8,春原　	哲汰,3,MF,90,先発,0,0,0,0,0.0
2026/05/09(土) 10:00 キックオフ,神奈川工科大学（神奈川県）,14,杉本　侑哉,3,MF,90,先発,0,0,0,0,0.0
2026/05/09(土) 10:00 キックオフ,神奈川工科大学（神奈川県）,9,功刀　崇斗,4,FW,90,先発,1,0,1,0,0.0
2026/05/09(土) 10:00 キックオフ,神奈川工科大学（神奈川県）,12,川瀬　桜介,1,FW,63,先発,0,0,0,0,0.0
2026/05/09(土) 10:00 キックオフ,神奈川工科大学（神奈川県）,1,古渕　雅喜,4,GK,0,控え,0,0,0,0,0.0
2026/05/09(土) 10:00 キックオフ,神奈川工科大学（神奈川県）,2,菅原　颯太郎,3,DF,11,控え,0,0,0,0,0.0
2026/05/09(土) 10:00 キックオフ,神奈川工科大学（神奈川県）,5,橋本　晃進,3,MF,0,控え,0,0,0,0,0.0
2026/05/09(土) 10:00 キックオフ,神奈川工科大学（神奈川県）,13,齊藤　大翔,1,MF,27,控え,0,0,0,0,0.0
2026/05/09(土) 10:00 キックオフ,神奈川工科大学（神奈川県）,19,脇屋　颯人,1,FW,0,控え,0,0,0,0,0.0
2026/05/09(土) 10:00 キックオフ,神奈川工科大学（神奈川県）,22,吉谷　颯,3,DF,0,控え,0,0,0,0,0.0
2026/05/09(土) 10:00 キックオフ,神奈川工科大学（神奈川県）,23,小野　晟和,1,MF,0,控え,0,0,0,0,0.0
2026/05/09(土) 10:00 キックオフ,神奈川工科大学（神奈川県）,25,和田　岳空,1,MF,17,控え,0,0,0,0,0.0
2026/05/09(土) 10:00 キックオフ,神奈川工科大学（神奈川県）,28,八島　渉太,1,FW,0,控え,0,0,0,0,0.0
2026/05/09(土) 10:00 キックオフ,帝京大学,1,佐藤 翔,3,GK,90,先発,0,0,0,0,0.0
2026/05/09(土) 10:00 キックオフ,帝京大学,3,船木 匡太朗,2,DF,90,先発,0,0,0,0,0.0
2026/05/09(土) 10:00 キックオフ,帝京大学,5,小林 侑希,2,DF,90,先発,0,0,0,0,0.0
2026/05/09(土) 10:00 キックオフ,帝京大学,6,近江 智哉,2,DF,63,先発,1,2,3,0,0.0
2026/05/09(土) 10:00 キックオフ,帝京大学,8,桒原 一斗,3,DF,90,先発,1,0,1,0,0.0
2026/05/09(土) 10:00 キックオフ,帝京大学,11,渡辺 結心,4,MF,79,先発,0,1,1,0,0.0
2026/05/09(土) 10:00 キックオフ,帝京大学,13,沢 柊斗,4,MF,71,先発,1,0,1,1,100.0
2026/05/09(土) 10:00 キックオフ,帝京大学,14,藤田 晴,4,MF,79,先発,3,3,6,1,16.7
2026/05/09(土) 10:00 キックオフ,帝京大学,16,池内 優介,3,MF,90,先発,0,1,1,0,0.0
2026/05/09(土) 10:00 キックオフ,帝京大学,32,矢野　琉瑚,3,FW,90,先発,0,0,0,0,0.0
2026/05/09(土) 10:00 キックオフ,帝京大学,35,古村　大和,3,FW,45,先発,1,0,1,0,0.0
2026/05/09(土) 10:00 キックオフ,帝京大学,4,福平 太一,4,DF,0,控え,0,0,0,0,0.0
2026/05/09(土) 10:00 キックオフ,帝京大学,7,内堀 太貴,2,DF,19,控え,0,2,2,0,0.0
2026/05/09(土) 10:00 キックオフ,帝京大学,9,緒方 快青,4,MF,45,控え,0,4,4,1,25.0
2026/05/09(土) 10:00 キックオフ,帝京大学,10,細木 創太,4,MF,11,控え,0,0,0,0,0.0
2026/05/09(土) 10:00 キックオフ,帝京大学,17,當間 晴琉,3,MF,11,控え,0,0,0,0,0.0
2026/05/09(土) 10:00 キックオフ,帝京大学,18,野田 侑聖,2,MF,0,控え,0,0,0,0,0.0
2026/05/09(土) 10:00 キックオフ,帝京大学,21,吉村 晴喜,2,GK,0,控え,0,0,0,0,0.0
2026/05/09(土) 10:00 キックオフ,帝京大学,25,山下 翔世,3,FW,0,控え,0,0,0,0,0.0
2026/05/09(土) 10:00 キックオフ,帝京大学,26,桾澤 琢太,3,FW,27,控え,0,2,2,0,0.0
2026/05/09(土) 10:30 キックオフ,桜美林大学,90,三治　陽空,2,GK,90,先発,0,0,0,0,0.0
2026/05/09(土) 10:30 キックオフ,桜美林大学,5,高井　翔麻,3,DF,90,先発,1,3,4,0,0.0
2026/05/09(土) 10:30 キックオフ,桜美林大学,44,堀江　響希,3,DF,90,先発,0,0,0,0,0.0
2026/05/09(土) 10:30 キックオフ,桜美林大学,3,岩本　晴,4,DF,90,先発,0,0,0,0,0.0
2026/05/09(土) 10:30 キックオフ,桜美林大学,22,高橋　陽翔,4,DF,90,先発,0,0,0,0,0.0
2026/05/09(土) 10:30 キックオフ,桜美林大学,67,細谷　隼生,2,DF,63,先発,3,0,3,0,0.0
2026/05/09(土) 10:30 キックオフ,桜美林大学,6,吉川　遥人,4,MF,90,先発,0,0,0,0,0.0
2026/05/09(土) 10:30 キックオフ,桜美林大学,7,佐藤　天真,4,MF,70,先発,1,0,1,1,100.0
2026/05/09(土) 10:30 キックオフ,桜美林大学,21,菊地　琉世,4,MF,77,先発,3,1,4,0,0.0
2026/05/09(土) 10:30 キックオフ,桜美林大学,10,石澤　海陽,4,FW,75,先発,1,2,3,2,66.7
2026/05/09(土) 10:30 キックオフ,桜美林大学,25,大成　春斗,4,FW,66,先発,1,1,2,2,100.0
2026/05/09(土) 10:30 キックオフ,桜美林大学,80,小野口　怜望,1,GK,0,控え,0,0,0,0,0.0
2026/05/09(土) 10:30 キックオフ,桜美林大学,88,山本　陵聖,4,DF,0,控え,0,0,0,0,0.0
2026/05/09(土) 10:30 キックオフ,桜美林大学,15,大崎　陽斗,4,DF,0,控え,0,0,0,0,0.0
2026/05/09(土) 10:30 キックオフ,桜美林大学,96,木村　恵真,1,MF,20,控え,0,3,3,1,33.3
2026/05/09(土) 10:30 キックオフ,桜美林大学,2,小野　文也,4,MF,13,控え,0,0,0,0,0.0
2026/05/09(土) 10:30 キックオフ,桜美林大学,68,三浦　瑠恩,1,MF,15,控え,0,1,1,1,100.0
2026/05/09(土) 10:30 キックオフ,桜美林大学,23,和田　倖輔,3,MF,27,控え,0,1,1,0,0.0
2026/05/09(土) 10:30 キックオフ,桜美林大学,9,斎藤　翔太,4,MF,0,控え,0,0,0,0,0.0
2026/05/09(土) 10:30 キックオフ,桜美林大学,20,倉橋　正吾,4,FW,24,控え,0,1,1,0,0.0
2026/05/09(土) 10:30 キックオフ,朝鮮大学校,1,金 柱相,4,GK,90,先発,0,0,0,0,0.0
2026/05/09(土) 10:30 キックオフ,朝鮮大学校,2,沈 瑞輝,3,DF,90,先発,0,0,0,0,0.0
2026/05/09(土) 10:30 キックオフ,朝鮮大学校,4,金 悠宇,4,DF,90,先発,0,1,1,0,0.0
2026/05/09(土) 10:30 キックオフ,朝鮮大学校,16,高　悠邦,2,DF,42,先発,0,0,0,0,0.0
2026/05/09(土) 10:30 キックオフ,朝鮮大学校,11,鄭 泰男,4,MF,90,先発,0,0,0,0,0.0
2026/05/09(土) 10:30 キックオフ,朝鮮大学校,13,李　京樹,不明,MF,90,先発,1,0,1,0,0.0
2026/05/09(土) 10:30 キックオフ,朝鮮大学校,19,金 亨政,3,MF,90,先発,0,0,0,0,0.0
2026/05/09(土) 10:30 キックオフ,朝鮮大学校,21,朴　創嶺,3,MF,90,先発,0,0,0,0,0.0
2026/05/09(土) 10:30 キックオフ,朝鮮大学校,23,チョ ヘフィ,4,MF,45,先発,0,0,0,0,0.0
2026/05/09(土) 10:30 キックオフ,朝鮮大学校,29,鄭 誓華,2,MF,90,先発,0,0,0,0,0.0
2026/05/09(土) 10:30 キックオフ,朝鮮大学校,14,金 世諒,3,MF,77,先発,0,0,0,0,0.0
2026/05/09(土) 10:30 キックオフ,朝鮮大学校,12,金 利優,4,GK,0,控え,0,0,0,0,0.0
2026/05/09(土) 10:30 キックオフ,朝鮮大学校,15,高 茂邦,4,DF,0,控え,0,0,0,0,0.0
2026/05/09(土) 10:30 キックオフ,朝鮮大学校,20,金 星希,4,MF,48,控え,0,0,0,0,0.0
2026/05/09(土) 10:30 キックオフ,朝鮮大学校,10,朴 ソラ,4,MF,45,控え,0,0,0,0,0.0
2026/05/09(土) 10:30 キックオフ,朝鮮大学校,7,金 民学,4,FW,0,控え,0,0,0,0,0.0
2026/05/09(土) 10:30 キックオフ,朝鮮大学校,27,金　毅昂,2,MF,13,控え,0,0,0,0,0.0
2026/05/09(土) 12:45 キックオフ,横浜国立大学（神奈川県）,1,神山　洋輝,4,GK,83,先発,0,0,0,0,0.0
2026/05/09(土) 12:45 キックオフ,横浜国立大学（神奈川県）,3,髙木　直,2,MF,90,先発,1,0,1,0,0.0
2026/05/09(土) 12:45 キックオフ,横浜国立大学（神奈川県）,7,立入　光記,4,MF,90,先発,0,0,0,0,0.0
2026/05/09(土) 12:45 キックオフ,横浜国立大学（神奈川県）,8,小宮　昂大,3,MF,61,先発,1,2,3,0,0.0
2026/05/09(土) 12:45 キックオフ,横浜国立大学（神奈川県）,10,原子　泰地,4,FW,90,先発,0,1,1,0,0.0
2026/05/09(土) 12:45 キックオフ,横浜国立大学（神奈川県）,13,竹中　暖喜,3,DF,90,先発,1,0,1,1,100.0
2026/05/09(土) 12:45 キックオフ,横浜国立大学（神奈川県）,15,櫻井　恵太,2,MF,24,先発,0,0,0,0,0.0
2026/05/09(土) 12:45 キックオフ,横浜国立大学（神奈川県）,26,加藤　士門,4,FW,90,先発,0,0,0,0,0.0
2026/05/09(土) 12:45 キックオフ,横浜国立大学（神奈川県）,28,田邉　快斗,1,DF,90,先発,1,1,2,0,0.0
2026/05/09(土) 12:45 キックオフ,横浜国立大学（神奈川県）,33,中村　朗莞,3,FW,90,先発,0,0,0,0,0.0
2026/05/09(土) 12:45 キックオフ,横浜国立大学（神奈川県）,36,井上　愛翔,2,MF,90,先発,0,3,3,0,0.0
2026/05/09(土) 12:45 キックオフ,横浜国立大学（神奈川県）,6,渡邊　元気,2,MF,66,控え,0,0,0,0,0.0
2026/05/09(土) 12:45 キックオフ,横浜国立大学（神奈川県）,9,篠崎　開惺,3,FW,29,控え,0,0,0,0,0.0
2026/05/09(土) 12:45 キックオフ,横浜国立大学（神奈川県）,11,島田　健央,4,FW,0,控え,0,0,0,0,0.0
2026/05/09(土) 12:45 キックオフ,横浜国立大学（神奈川県）,16,井上　哲志,4,GK,7,控え,0,0,0,0,0.0
2026/05/09(土) 12:45 キックオフ,横浜国立大学（神奈川県）,17,小川　和真,3,FW,10,控え,0,0,0,0,0.0
2026/05/09(土) 12:45 キックオフ,横浜国立大学（神奈川県）,19,森下　優之心,2,DF,0,控え,0,0,0,0,0.0
2026/05/09(土) 12:45 キックオフ,横浜国立大学（神奈川県）,27,菊地　海凪,1,MF,0,控え,0,0,0,0,0.0
2026/05/09(土) 12:45 キックオフ,横浜国立大学（神奈川県）,35,三宅　匡瑛,不明,MF,0,控え,0,0,0,0,0.0
2026/05/09(土) 12:45 キックオフ,横浜国立大学（神奈川県）,37,佐々木　統羽,2,MF,0,控え,0,0,0,0,0.0
2026/05/09(土) 12:45 キックオフ,東京経済大学,5,内田　雄真,2,DF,90,先発,0,0,0,0,0.0
2026/05/09(土) 12:45 キックオフ,東京経済大学,6,松井　一晟,3,DF,90,先発,0,0,0,0,0.0
2026/05/09(土) 12:45 キックオフ,東京経済大学,7,大塚　恭生,3,MF,90,先発,1,1,2,0,0.0
2026/05/09(土) 12:45 キックオフ,東京経済大学,8,河西　透和,不明,MF,90,先発,1,0,1,0,0.0
2026/05/09(土) 12:45 キックオフ,東京経済大学,10,伊崎　耕紀,4,MF,90,先発,5,1,6,1,16.7
2026/05/09(土) 12:45 キックオフ,東京経済大学,12,中村　裕大,2,GK,90,先発,0,0,0,0,0.0
2026/05/09(土) 12:45 キックオフ,東京経済大学,13,宮﨑　悠斗,3,MF,90,先発,3,1,4,0,0.0
2026/05/09(土) 12:45 キックオフ,東京経済大学,16,村松　晴登,3,MF,75,先発,0,2,2,0,0.0
2026/05/09(土) 12:45 キックオフ,東京経済大学,17,吉儀　大,3,MF,70,先発,1,1,2,0,0.0
2026/05/09(土) 12:45 キックオフ,東京経済大学,19,山田　士雄,2,MF,90,先発,1,2,3,0,0.0
2026/05/09(土) 12:45 キックオフ,東京経済大学,29,駒田　晴生,3,MF,77,先発,4,1,5,2,40.0
2026/05/09(土) 12:45 キックオフ,東京経済大学,4,北林　嶺,3,DF,0,控え,0,0,0,0,0.0
2026/05/09(土) 12:45 キックオフ,東京経済大学,9,小尾　丞斗,4,FW,0,控え,0,0,0,0,0.0
2026/05/09(土) 12:45 キックオフ,東京経済大学,14,中島　洋之介,3,FW,15,控え,0,1,1,0,0.0
2026/05/09(土) 12:45 キックオフ,東京経済大学,15,久保寺　壱晟,3,FW,13,控え,0,0,0,0,0.0
2026/05/09(土) 12:45 キックオフ,東京経済大学,21,古垣　大樹,2,MF,20,控え,0,1,1,1,100.0
2026/05/09(土) 12:45 キックオフ,東京経済大学,22,長田　崇志,不明,GK,0,控え,0,0,0,0,0.0
2026/05/09(土) 12:45 キックオフ,東京経済大学,24,川村　大樹,2,DF,0,控え,0,0,0,0,0.0
2026/05/09(土) 12:45 キックオフ,東京経済大学,26,田中　大夢,不明,DF,0,控え,0,0,0,0,0.0
2026/05/09(土) 12:45 キックオフ,東京経済大学,28,海老原　寛大,2,MF,0,控え,0,0,0,0,0.0
2026/05/09(土) 12:45 キックオフ,日本大学文理学部,1,磯貝 仁斗,4,GK,90,先発,0,0,0,0,0.0
2026/05/09(土) 12:45 キックオフ,日本大学文理学部,2,横山 聡大,2,DF,90,先発,0,1,1,0,0.0
2026/05/09(土) 12:45 キックオフ,日本大学文理学部,3,北村 翼,3,DF,90,先発,0,1,1,0,0.0
2026/05/09(土) 12:45 キックオフ,日本大学文理学部,25,間 琥太朗,3,DF,90,先発,1,0,1,0,0.0
2026/05/09(土) 12:45 キックオフ,日本大学文理学部,37,清水 佑,3,DF,90,先発,0,0,0,0,0.0
2026/05/09(土) 12:45 キックオフ,日本大学文理学部,93,小川 寧大,3,DF,90,先発,0,0,0,0,0.0
2026/05/09(土) 12:45 キックオフ,日本大学文理学部,10,城田 優,4,MF,90,先発,0,0,0,0,0.0
2026/05/09(土) 12:45 キックオフ,日本大学文理学部,14,葛西 由晏,2,MF,88,先発,0,1,1,1,100.0
2026/05/09(土) 12:45 キックオフ,日本大学文理学部,65,千葉　海斗,1,MF,79,先発,0,0,0,0,0.0
2026/05/09(土) 12:45 キックオフ,日本大学文理学部,98,久場 莉稀,3,MF,70,先発,1,0,1,0,0.0
2026/05/09(土) 12:45 キックオフ,日本大学文理学部,9,遠田 凌,4,FW,70,先発,2,0,2,1,50.0
2026/05/09(土) 12:45 キックオフ,日本大学文理学部,91,嶋﨑 寛大,4,GK,0,控え,0,0,0,0,0.0
2026/05/09(土) 12:45 キックオフ,日本大学文理学部,77,新門 一晏,2,DF,0,控え,0,0,0,0,0.0
2026/05/09(土) 12:45 キックオフ,日本大学文理学部,5,星 恒輝,3,MF,11,控え,0,0,0,0,0.0
2026/05/09(土) 12:45 キックオフ,日本大学文理学部,8,石川　雄大,1,MF,20,控え,0,0,0,0,0.0
2026/05/09(土) 12:45 キックオフ,日本大学文理学部,24,川口 友作,4,MF,0,控え,0,0,0,0,0.0
2026/05/09(土) 12:45 キックオフ,日本大学文理学部,31,伊東　拓海,1,MF,0,控え,0,0,0,0,0.0
2026/05/09(土) 12:45 キックオフ,日本大学文理学部,46,鈴木 堅斗,4,MF,2,控え,0,1,1,1,100.0
2026/05/09(土) 12:45 キックオフ,日本大学文理学部,19,有田 海志,3,FW,0,控え,0,0,0,0,0.0
2026/05/09(土) 12:45 キックオフ,日本大学文理学部,29,髙山 周,3,FW,20,控え,0,0,0,0,0.0
2026/05/09(土) 12:45 キックオフ,玉川大学,16,今村　光汰,4,GK,90,先発,0,0,0,0,0.0
2026/05/09(土) 12:45 キックオフ,玉川大学,3,信賀　有希,4,DF,90,先発,0,0,0,0,0.0
2026/05/09(土) 12:45 キックオフ,玉川大学,7,森岡　大地,4,MF,90,先発,1,0,1,0,0.0
2026/05/09(土) 12:45 キックオフ,玉川大学,27,楠山　奈音,3,DF,90,先発,0,0,0,0,0.0
2026/05/09(土) 12:45 キックオフ,玉川大学,36,上野　湊,3,DF,90,先発,1,0,1,0,0.0
2026/05/09(土) 12:45 キックオフ,玉川大学,11,中村　隼人,4,MF,45,先発,0,0,0,0,0.0
2026/05/09(土) 12:45 キックオフ,玉川大学,14,林　雄琉,4,MF,83,先発,0,0,0,0,0.0
2026/05/09(土) 12:45 キックオフ,玉川大学,10,内田　凜,4,MF,90,先発,1,0,1,0,0.0
2026/05/09(土) 12:45 キックオフ,玉川大学,26,杉山　和勢,2,MF,57,先発,0,0,0,0,0.0
2026/05/09(土) 12:45 キックオフ,玉川大学,18,佐久間　駿喜,3,FW,57,先発,2,0,2,0,0.0
2026/05/09(土) 12:45 キックオフ,玉川大学,22,歳森　杏介,2,MF,57,先発,1,0,1,0,0.0
2026/05/09(土) 12:45 キックオフ,玉川大学,1,大熊　大輔,1,GK,0,控え,0,0,0,0,0.0
2026/05/09(土) 12:45 キックオフ,玉川大学,23,國本　純成,3,MF,33,控え,0,2,2,0,0.0
2026/05/09(土) 12:45 キックオフ,玉川大学,34,坂本　佳晴,2,MF,0,控え,0,0,0,0,0.0
2026/05/09(土) 12:45 キックオフ,玉川大学,19,国谷　康太,3,FW,7,控え,0,0,0,0,0.0
2026/05/09(土) 12:45 キックオフ,玉川大学,17,上野　兼叶,2,FW,33,控え,0,1,1,0,0.0
2026/05/09(土) 12:45 キックオフ,玉川大学,37,清水　彩生,1,DF,45,控え,0,0,0,0,0.0
2026/05/09(土) 12:45 キックオフ,玉川大学,15,丸尾　航琉,4,DF,0,控え,0,0,0,0,0.0
2026/05/09(土) 12:45 キックオフ,玉川大学,24,前田　陽平,1,MF,33,控え,0,3,3,1,33.3
2026/05/09(土) 17:00 キックオフ,大東文化大学,1,清水　　天斗,4,GK,90,先発,0,0,0,0,0.0
2026/05/09(土) 17:00 キックオフ,大東文化大学,18,青　海斗,3,DF,70,先発,0,0,0,0,0.0
2026/05/09(土) 17:00 キックオフ,大東文化大学,5,池羽　　航輝,4,DF,90,先発,0,0,0,0,0.0
2026/05/09(土) 17:00 キックオフ,大東文化大学,4,正木　　翠羽,4,DF,90,先発,0,1,1,1,100.0
2026/05/09(土) 17:00 キックオフ,大東文化大学,11,舘　颯之介,4,MF,90,先発,0,0,0,0,0.0
2026/05/09(土) 17:00 キックオフ,大東文化大学,19,上田　然,3,FW,45,先発,1,0,1,0,0.0
2026/05/09(土) 17:00 キックオフ,大東文化大学,88,松本　浩輝,3,MF,81,先発,0,0,0,0,0.0
2026/05/09(土) 17:00 キックオフ,大東文化大学,22,髙野　　広大,2,DF,45,先発,0,0,0,0,0.0
2026/05/09(土) 17:00 キックオフ,大東文化大学,10,安藤　　稜人,4,MF,90,先発,0,1,1,1,100.0
2026/05/09(土) 17:00 キックオフ,大東文化大学,96,奥田　大翔,2,FW,90,先発,2,2,4,0,0.0
2026/05/09(土) 17:00 キックオフ,大東文化大学,29,佐藤　大心,2,MF,73,先発,1,1,2,0,0.0
2026/05/09(土) 17:00 キックオフ,大東文化大学,12,妹尾　典,4,GK,0,控え,0,0,0,0,0.0
2026/05/09(土) 17:00 キックオフ,大東文化大学,45,星野　秀斗,3,DF,0,控え,0,0,0,0,0.0
2026/05/09(土) 17:00 キックオフ,大東文化大学,46,金子　潤,2,DF,20,控え,0,0,0,0,0.0
2026/05/09(土) 17:00 キックオフ,大東文化大学,28,田中　颯人,2,DF,0,控え,0,0,0,0,0.0
2026/05/09(土) 17:00 キックオフ,大東文化大学,43,並木　俊輔,2,MF,45,控え,0,3,3,1,33.3
2026/05/09(土) 17:00 キックオフ,大東文化大学,41,佃　孝太,2,MF,9,控え,0,0,0,0,0.0
2026/05/09(土) 17:00 キックオフ,大東文化大学,16,栗栖　晴己,3,MF,45,控え,0,1,1,1,100.0
2026/05/09(土) 17:00 キックオフ,大東文化大学,9,熊田　　裕,4,MF,0,控え,0,0,0,0,0.0
2026/05/09(土) 17:00 キックオフ,大東文化大学,44,宮坂　哲之真,2,MF,17,控え,0,0,0,0,0.0
2026/05/09(土) 17:00 キックオフ,上智大学,1,藤田　大輝,4,GK,90,先発,0,0,0,0,0.0
2026/05/09(土) 17:00 キックオフ,上智大学,97,須田　悠斗,2,DF,90,先発,0,1,1,0,0.0
2026/05/09(土) 17:00 キックオフ,上智大学,3,松本　和輝,3,DF,90,先発,0,0,0,0,0.0
2026/05/09(土) 17:00 キックオフ,上智大学,33,村田　幸基,1,DF,90,先発,0,0,0,0,0.0
2026/05/09(土) 17:00 キックオフ,上智大学,44,山崎　颯介,2,MF,90,先発,0,0,0,0,0.0
2026/05/09(土) 17:00 キックオフ,上智大学,17,白坂　航大,4,MF,58,先発,0,0,0,0,0.0
2026/05/09(土) 17:00 キックオフ,上智大学,6,荒川　哲平,3,MF,90,先発,0,0,0,0,0.0
2026/05/09(土) 17:00 キックオフ,上智大学,8,福島　広大,4,MF,83,先発,2,0,2,0,0.0
2026/05/09(土) 17:00 キックオフ,上智大学,9,田中　佑樹,3,FW,90,先発,1,2,3,1,33.3
2026/05/09(土) 17:00 キックオフ,上智大学,32,堀江　風雅,3,MF,70,先発,1,0,1,0,0.0
2026/05/09(土) 17:00 キックオフ,上智大学,80,大島　千虎,2,FW,58,先発,2,0,2,0,0.0
2026/05/09(土) 17:00 キックオフ,上智大学,20,川島　晴空,3,DF,0,控え,0,0,0,0,0.0
2026/05/09(土) 17:00 キックオフ,上智大学,12,中木　智也,2,DF,0,控え,0,0,0,0,0.0
2026/05/09(土) 17:00 キックオフ,上智大学,26,宇野　伶,3,DF,0,控え,0,0,0,0,0.0
2026/05/09(土) 17:00 キックオフ,上智大学,21,橋本　斗雅,2,MF,0,控え,0,0,0,0,0.0
2026/05/09(土) 17:00 キックオフ,上智大学,50,五十嵐　陽人,2,MF,0,控え,0,0,0,0,0.0
2026/05/09(土) 17:00 キックオフ,上智大学,81,福尾　涼太,1,MF,20,控え,0,0,0,0,0.0
2026/05/09(土) 17:00 キックオフ,上智大学,88,廣恒　龍,2,MF,32,控え,0,0,0,0,0.0
2026/05/09(土) 17:00 キックオフ,上智大学,35,大西　十和,1,FW,7,控え,0,0,0,0,0.0
2026/05/09(土) 17:00 キックオフ,上智大学,48,岩永　悠社,不明,FW,32,控え,0,1,1,0,0.0
2026/05/10(日) 17:00 キックオフ,武蔵大学,31,湯浅　世琉亜,3,GK,90,先発,0,0,0,0,0.0
2026/05/10(日) 17:00 キックオフ,武蔵大学,34,島田　康誠,2,DF,90,先発,2,0,2,0,0.0
2026/05/10(日) 17:00 キックオフ,武蔵大学,19,加藤　大聖,4,DF,90,先発,0,0,0,0,0.0
2026/05/10(日) 17:00 キックオフ,武蔵大学,5,瀧川　穣,4,DF,90,先発,0,0,0,0,0.0
2026/05/10(日) 17:00 キックオフ,武蔵大学,28,藤田　和,2,MF,68,先発,1,0,1,0,0.0
2026/05/10(日) 17:00 キックオフ,武蔵大学,45,寺田　聡,2,MF,74,先発,0,0,0,0,0.0
2026/05/10(日) 17:00 キックオフ,武蔵大学,33,宇野　大稀,2,MF,90,先発,0,0,0,0,0.0
2026/05/10(日) 17:00 キックオフ,武蔵大学,14,石塚　優斗,3,MF,60,先発,0,0,0,0,0.0
2026/05/10(日) 17:00 キックオフ,武蔵大学,50,甲斐田　裕大,2,MF,82,先発,0,1,1,1,100.0
2026/05/10(日) 17:00 キックオフ,武蔵大学,11,田辺　伊吹,4,FW,90,先発,0,1,1,0,0.0
2026/05/10(日) 17:00 キックオフ,武蔵大学,47,廣井　悠真,2,FW,90,先発,3,1,4,1,25.0
2026/05/10(日) 17:00 キックオフ,武蔵大学,21,神田　謙二郎,2,GK,0,控え,0,0,0,0,0.0
2026/05/10(日) 17:00 キックオフ,武蔵大学,2,久保田　琳,4,DF,22,控え,0,1,1,0,0.0
2026/05/10(日) 17:00 キックオフ,武蔵大学,24,永山　泰希,3,DF,0,控え,0,0,0,0,0.0
2026/05/10(日) 17:00 キックオフ,武蔵大学,4,小野寺　拓巳,2,DF,0,控え,0,0,0,0,0.0
2026/05/10(日) 17:00 キックオフ,武蔵大学,22,水越　大心,3,MF,0,控え,0,0,0,0,0.0
2026/05/10(日) 17:00 キックオフ,武蔵大学,15,柳澤　広喜,3,MF,16,控え,0,0,0,0,0.0
2026/05/10(日) 17:00 キックオフ,武蔵大学,49,宮本　理央,1,MF,30,控え,0,1,1,1,100.0
2026/05/10(日) 17:00 キックオフ,武蔵大学,13,藤倉　空知,3,MF,0,控え,0,0,0,0,0.0
2026/05/10(日) 17:00 キックオフ,武蔵大学,9,及川　紘輝,2,FW,8,控え,0,0,0,0,0.0
2026/05/10(日) 17:00 キックオフ,学習院大学,1,若尾　林太朗,3,GK,90,先発,0,0,0,0,0.0
2026/05/10(日) 17:00 キックオフ,学習院大学,2,松本　隆宏,4,DF,90,先発,0,0,0,0,0.0
2026/05/10(日) 17:00 キックオフ,学習院大学,3,中川　賢人,3,DF,90,先発,0,1,1,0,0.0
2026/05/10(日) 17:00 キックオフ,学習院大学,4,木内　温大,4,DF,90,先発,0,0,0,0,0.0
2026/05/10(日) 17:00 キックオフ,学習院大学,5,小林　恭輔,4,DF,90,先発,0,0,0,0,0.0
2026/05/10(日) 17:00 キックオフ,学習院大学,13,梶　圭朝,2,DF,90,先発,0,0,0,0,0.0
2026/05/10(日) 17:00 キックオフ,学習院大学,6,神山　晃太,3,MF,82,先発,0,0,0,0,0.0
2026/05/10(日) 17:00 キックオフ,学習院大学,7,児島　巧海,2,MF,90,先発,1,1,2,0,0.0
2026/05/10(日) 17:00 キックオフ,学習院大学,8,小川　将弥,3,MF,79,先発,1,0,1,1,100.0
2026/05/10(日) 17:00 キックオフ,学習院大学,10,小林　千紘,4,MF,90,先発,2,2,4,1,25.0
2026/05/10(日) 17:00 キックオフ,学習院大学,11,渡辺　創士,3,MF,90,先発,0,0,0,0,0.0
2026/05/10(日) 17:00 キックオフ,学習院大学,12,加藤   俐功,1,GK,0,控え,0,0,0,0,0.0
2026/05/10(日) 17:00 キックオフ,学習院大学,26,西山　康惺,不明,DF,0,控え,0,0,0,0,0.0
2026/05/10(日) 17:00 キックオフ,学習院大学,14,佐藤　友樹,4,MF,0,控え,0,0,0,0,0.0
2026/05/10(日) 17:00 キックオフ,学習院大学,16,藤井　冬威,2,MF,0,控え,0,0,0,0,0.0
2026/05/10(日) 17:00 キックオフ,学習院大学,27,山田   惟斗,1,MF,0,控え,0,0,0,0,0.0
2026/05/10(日) 17:00 キックオフ,学習院大学,28,加藤   大毅,1,MF,0,控え,0,0,0,0,0.0
2026/05/10(日) 17:00 キックオフ,学習院大学,17,原　壮太,4,FW,11,控え,0,1,1,1,100.0
2026/05/10(日) 17:00 キックオフ,学習院大学,20,北林　星七,2,FW,8,控え,0,0,0,0,0.0
2026/05/16(土) 10:00 キックオフ,上智大学,1,藤田　大輝,4,GK,90,先発,0,0,0,0,0.0
2026/05/16(土) 10:00 キックオフ,上智大学,97,須田　悠斗,2,DF,45,先発,0,0,0,0,0.0
2026/05/16(土) 10:00 キックオフ,上智大学,3,松本　和輝,3,DF,90,先発,0,0,0,0,0.0
2026/05/16(土) 10:00 キックオフ,上智大学,33,村田　幸基,1,DF,90,先発,0,0,0,0,0.0
2026/05/16(土) 10:00 キックオフ,上智大学,44,山崎　颯介,2,MF,90,先発,1,0,1,0,0.0
2026/05/16(土) 10:00 キックオフ,上智大学,17,白坂　航大,4,MF,65,先発,0,0,0,0,0.0
2026/05/16(土) 10:00 キックオフ,上智大学,6,荒川　哲平,3,MF,90,先発,0,0,0,0,0.0
2026/05/16(土) 10:00 キックオフ,上智大学,8,福島　広大,4,MF,90,先発,3,0,3,0,0.0
2026/05/16(土) 10:00 キックオフ,上智大学,48,岩永　悠社,不明,MF,58,先発,2,0,2,0,0.0
2026/05/16(土) 10:00 キックオフ,上智大学,10,塙　　仁成,4,MF,90,先発,0,2,2,1,50.0
2026/05/16(土) 10:00 キックオフ,上智大学,9,田中　佑樹,3,FW,82,先発,1,0,1,0,0.0
2026/05/16(土) 10:00 キックオフ,上智大学,20,川島　晴空,3,GK,0,控え,0,0,0,0,0.0
2026/05/16(土) 10:00 キックオフ,上智大学,21,橋本　斗雅,2,DF,0,控え,0,0,0,0,0.0
2026/05/16(土) 10:00 キックオフ,上智大学,38,瀧川　廉,1,DF,0,控え,0,0,0,0,0.0
2026/05/16(土) 10:00 キックオフ,上智大学,11,笠原　真尋,3,MF,32,控え,0,2,2,0,0.0
2026/05/16(土) 10:00 キックオフ,上智大学,14,関口　雄士,3,MF,25,控え,0,0,0,0,0.0
2026/05/16(土) 10:00 キックオフ,上智大学,32,堀江　風雅,3,MF,0,控え,0,0,0,0,0.0
2026/05/16(土) 10:00 キックオフ,上智大学,81,福尾　涼太,1,MF,45,控え,0,1,1,1,100.0
2026/05/16(土) 10:00 キックオフ,上智大学,35,大西　十和,1,FW,0,控え,0,0,0,0,0.0
2026/05/16(土) 10:00 キックオフ,上智大学,80,大島　千虎,2,FW,8,控え,0,0,0,0,0.0
2026/05/16(土) 10:00 キックオフ,神奈川工科大学（神奈川県）,30,大久保　陸翔,1,GK,90,先発,0,0,0,0,0.0
2026/05/16(土) 10:00 キックオフ,神奈川工科大学（神奈川県）,4,吉田　太陽,3,DF,90,先発,0,1,1,0,0.0
2026/05/16(土) 10:00 キックオフ,神奈川工科大学（神奈川県）,11,平田　竜誠,4,DF,83,先発,0,0,0,0,0.0
2026/05/16(土) 10:00 キックオフ,神奈川工科大学（神奈川県）,15,林　晃希,2,DF,78,先発,0,0,0,0,0.0
2026/05/16(土) 10:00 キックオフ,神奈川工科大学（神奈川県）,29,常盤　啓太,1,DF,90,先発,0,0,0,0,0.0
2026/05/16(土) 10:00 キックオフ,神奈川工科大学（神奈川県）,8,春原　	哲汰,3,MF,90,先発,0,0,0,0,0.0
2026/05/16(土) 10:00 キックオフ,神奈川工科大学（神奈川県）,10,小林　暢,4,MF,90,先発,0,0,0,0,0.0
2026/05/16(土) 10:00 キックオフ,神奈川工科大学（神奈川県）,14,杉本　侑哉,3,MF,90,先発,0,0,0,0,0.0
2026/05/16(土) 10:00 キックオフ,神奈川工科大学（神奈川県）,23,小野　晟和,1,MF,75,先発,1,0,1,1,100.0
2026/05/16(土) 10:00 キックオフ,神奈川工科大学（神奈川県）,9,功刀　崇斗,4,FW,90,先発,0,0,0,0,0.0
2026/05/16(土) 10:00 キックオフ,神奈川工科大学（神奈川県）,12,川瀬　桜介,1,FW,63,先発,1,0,1,0,0.0
2026/05/16(土) 10:00 キックオフ,神奈川工科大学（神奈川県）,1,古渕　雅喜,4,GK,0,控え,0,0,0,0,0.0
2026/05/16(土) 10:00 キックオフ,神奈川工科大学（神奈川県）,2,菅原　颯太郎,3,DF,0,控え,0,0,0,0,0.0
2026/05/16(土) 10:00 キックオフ,神奈川工科大学（神奈川県）,3,五十嵐　晴生,3,DF,0,控え,0,0,0,0,0.0
2026/05/16(土) 10:00 キックオフ,神奈川工科大学（神奈川県）,5,橋本　晃進,3,MF,12,控え,0,0,0,0,0.0
2026/05/16(土) 10:00 キックオフ,神奈川工科大学（神奈川県）,6,石塚　快,3,MF,0,控え,0,0,0,0,0.0
2026/05/16(土) 10:00 キックオフ,神奈川工科大学（神奈川県）,7,小林　優介,3,MF,27,控え,0,0,0,0,0.0
2026/05/16(土) 10:00 キックオフ,神奈川工科大学（神奈川県）,25,和田　岳空,1,MF,7,控え,0,0,0,0,0.0
2026/05/16(土) 10:00 キックオフ,神奈川工科大学（神奈川県）,19,脇屋　颯人,1,FW,15,控え,0,0,0,0,0.0
2026/05/16(土) 10:00 キックオフ,神奈川工科大学（神奈川県）,28,八島　渉太,1,FW,0,控え,0,0,0,0,0.0
2026/05/16(土) 12:45 キックオフ,横浜国立大学（神奈川県）,1,神山　洋輝,4,GK,90,先発,0,0,0,0,0.0
2026/05/16(土) 12:45 キックオフ,横浜国立大学（神奈川県）,3,髙木　直,2,MF,90,先発,0,0,0,0,0.0
2026/05/16(土) 12:45 キックオフ,横浜国立大学（神奈川県）,5,大西　遼久,4,DF,90,先発,0,0,0,0,0.0
2026/05/16(土) 12:45 キックオフ,横浜国立大学（神奈川県）,7,立入　光記,4,MF,90,先発,2,0,2,0,0.0
2026/05/16(土) 12:45 キックオフ,横浜国立大学（神奈川県）,8,小宮　昂大,3,MF,90,先発,1,0,1,0,0.0
2026/05/16(土) 12:45 キックオフ,横浜国立大学（神奈川県）,10,原子　泰地,4,FW,78,先発,1,2,3,2,66.7
2026/05/16(土) 12:45 キックオフ,横浜国立大学（神奈川県）,13,竹中　暖喜,3,DF,90,先発,1,0,1,0,0.0
2026/05/16(土) 12:45 キックオフ,横浜国立大学（神奈川県）,26,加藤　士門,4,FW,82,先発,1,0,1,0,0.0
2026/05/16(土) 12:45 キックオフ,横浜国立大学（神奈川県）,28,田邉　快斗,1,DF,58,先発,0,0,0,0,0.0
2026/05/16(土) 12:45 キックオフ,横浜国立大学（神奈川県）,33,中村　朗莞,3,FW,90,先発,0,0,0,0,0.0
2026/05/16(土) 12:45 キックオフ,横浜国立大学（神奈川県）,36,井上　愛翔,2,MF,90,先発,0,0,0,0,0.0
2026/05/16(土) 12:45 キックオフ,横浜国立大学（神奈川県）,6,渡邊　元気,2,MF,32,控え,0,1,1,0,0.0
2026/05/16(土) 12:45 キックオフ,横浜国立大学（神奈川県）,9,篠崎　開惺,3,FW,12,控え,0,0,0,0,0.0
2026/05/16(土) 12:45 キックオフ,横浜国立大学（神奈川県）,11,島田　健央,4,FW,0,控え,0,0,0,0,0.0
2026/05/16(土) 12:45 キックオフ,横浜国立大学（神奈川県）,15,櫻井　恵太,2,MF,8,控え,0,0,0,0,0.0
2026/05/16(土) 12:45 キックオフ,横浜国立大学（神奈川県）,16,井上　哲志,4,GK,0,控え,0,0,0,0,0.0
2026/05/16(土) 12:45 キックオフ,横浜国立大学（神奈川県）,17,小川　和真,3,FW,0,控え,0,0,0,0,0.0
2026/05/16(土) 12:45 キックオフ,横浜国立大学（神奈川県）,27,菊地　海凪,1,MF,0,控え,0,0,0,0,0.0
2026/05/16(土) 12:45 キックオフ,横浜国立大学（神奈川県）,34,長谷川　舜,1,MF,0,控え,0,0,0,0,0.0
2026/05/16(土) 12:45 キックオフ,横浜国立大学（神奈川県）,37,佐々木　統羽,2,MF,0,控え,0,0,0,0,0.0
2026/05/16(土) 12:45 キックオフ,武蔵大学,4,小野寺　拓巳,2,DF,90,先発,0,0,0,0,0.0
2026/05/16(土) 12:45 キックオフ,武蔵大学,11,田辺　伊吹,4,FW,57,先発,0,0,0,0,0.0
2026/05/16(土) 12:45 キックオフ,武蔵大学,19,加藤　大聖,4,DF,90,先発,0,0,0,0,0.0
2026/05/16(土) 12:45 キックオフ,武蔵大学,22,水越　大心,3,MF,90,先発,0,1,1,0,0.0
2026/05/16(土) 12:45 キックオフ,武蔵大学,28,藤田　和,2,MF,90,先発,1,0,1,0,0.0
2026/05/16(土) 12:45 キックオフ,武蔵大学,31,湯浅　世琉亜,3,GK,90,先発,0,0,0,0,0.0
2026/05/16(土) 12:45 キックオフ,武蔵大学,33,宇野　大稀,2,MF,90,先発,2,0,2,1,50.0
2026/05/16(土) 12:45 キックオフ,武蔵大学,42,加藤　陽也,1,MF,57,先発,0,0,0,0,0.0
2026/05/16(土) 12:45 キックオフ,武蔵大学,45,寺田　聡,2,MF,90,先発,0,1,1,0,0.0
2026/05/16(土) 12:45 キックオフ,武蔵大学,47,廣井　悠真,2,FW,90,先発,1,1,2,0,0.0
2026/05/16(土) 12:45 キックオフ,武蔵大学,50,甲斐田　裕大,2,MF,90,先発,2,1,3,0,0.0
2026/05/16(土) 12:45 キックオフ,武蔵大学,1,重山　武史,4,GK,0,控え,0,0,0,0,0.0
2026/05/16(土) 12:45 キックオフ,武蔵大学,2,久保田　琳,4,DF,0,控え,0,0,0,0,0.0
2026/05/16(土) 12:45 キックオフ,武蔵大学,8,中里　春輝,4,DF,0,控え,0,0,0,0,0.0
2026/05/16(土) 12:45 キックオフ,武蔵大学,12,川口　陽誠,1,FW,33,控え,0,1,1,0,0.0
2026/05/16(土) 12:45 キックオフ,武蔵大学,15,柳澤　広喜,3,MF,0,控え,0,0,0,0,0.0
2026/05/16(土) 12:45 キックオフ,武蔵大学,24,永山　泰希,3,DF,0,控え,0,0,0,0,0.0
2026/05/16(土) 12:45 キックオフ,武蔵大学,32,中西　智哉,1,MF,0,控え,0,0,0,0,0.0
2026/05/16(土) 12:45 キックオフ,武蔵大学,34,島田　康誠,2,DF,0,控え,0,0,0,0,0.0
2026/05/16(土) 12:45 キックオフ,武蔵大学,49,宮本　理央,1,MF,33,控え,0,1,1,0,0.0
2026/05/16(土) 14:45 キックオフ,日本大学文理学部,91,嶋﨑 寛大,4,GK,90,先発,0,0,0,0,0.0
2026/05/16(土) 14:45 キックオフ,日本大学文理学部,2,横山 聡大,2,DF,90,先発,1,1,2,0,0.0
2026/05/16(土) 14:45 キックオフ,日本大学文理学部,25,間 琥太朗,3,DF,90,先発,0,0,0,0,0.0
2026/05/16(土) 14:45 キックオフ,日本大学文理学部,37,清水 佑,3,DF,90,先発,0,0,0,0,0.0
2026/05/16(土) 14:45 キックオフ,日本大学文理学部,93,小川 寧大,3,DF,90,先発,0,0,0,0,0.0
2026/05/16(土) 14:45 キックオフ,日本大学文理学部,10,城田 優,4,MF,90,先発,0,1,1,0,0.0
2026/05/16(土) 14:45 キックオフ,日本大学文理学部,14,葛西 由晏,2,MF,84,先発,0,0,0,0,0.0
2026/05/16(土) 14:45 キックオフ,日本大学文理学部,31,伊東　拓海,1,MF,90,先発,0,0,0,0,0.0
2026/05/16(土) 14:45 キックオフ,日本大学文理学部,65,千葉　海斗,1,MF,76,先発,0,0,0,0,0.0
2026/05/16(土) 14:45 キックオフ,日本大学文理学部,98,久場 莉稀,3,MF,59,先発,0,0,0,0,0.0
2026/05/16(土) 14:45 キックオフ,日本大学文理学部,9,遠田 凌,4,FW,29,先発,0,0,0,0,0.0
2026/05/16(土) 14:45 キックオフ,日本大学文理学部,32,加藤 匠,2,GK,0,控え,0,0,0,0,0.0
2026/05/16(土) 14:45 キックオフ,日本大学文理学部,33,渋谷 竜聖,3,DF,0,控え,0,0,0,0,0.0
2026/05/16(土) 14:45 キックオフ,日本大学文理学部,77,新門 一晏,2,DF,0,控え,0,0,0,0,0.0
2026/05/16(土) 14:45 キックオフ,日本大学文理学部,5,星 恒輝,3,MF,14,控え,0,0,0,0,0.0
2026/05/16(土) 14:45 キックオフ,日本大学文理学部,24,川口 友作,4,MF,31,控え,0,0,0,0,0.0
2026/05/16(土) 14:45 キックオフ,日本大学文理学部,46,鈴木 堅斗,4,MF,6,控え,0,0,0,0,0.0
2026/05/16(土) 14:45 キックオフ,日本大学文理学部,19,有田 海志,3,FW,0,控え,0,0,0,0,0.0
2026/05/16(土) 14:45 キックオフ,日本大学文理学部,28,谷口 莉都,2,FW,0,控え,0,0,0,0,0.0
2026/05/16(土) 14:45 キックオフ,日本大学文理学部,29,髙山 周,3,FW,61,控え,0,0,0,0,0.0
2026/05/16(土) 14:45 キックオフ,桜美林大学,90,三治　陽空,2,GK,90,先発,0,0,0,0,0.0
2026/05/16(土) 14:45 キックオフ,桜美林大学,5,高井　翔麻,3,DF,90,先発,1,1,2,1,50.0
2026/05/16(土) 14:45 キックオフ,桜美林大学,44,堀江　響希,3,DF,90,先発,0,0,0,0,0.0
2026/05/16(土) 14:45 キックオフ,桜美林大学,3,岩本　晴,4,DF,90,先発,2,0,2,1,50.0
2026/05/16(土) 14:45 キックオフ,桜美林大学,22,高橋　陽翔,4,DF,90,先発,2,0,2,0,0.0
2026/05/16(土) 14:45 キックオフ,桜美林大学,67,細谷　隼生,2,DF,72,先発,1,0,1,0,0.0
2026/05/16(土) 14:45 キックオフ,桜美林大学,6,吉川　遥人,4,MF,90,先発,0,1,1,0,0.0
2026/05/16(土) 14:45 キックオフ,桜美林大学,7,佐藤　天真,4,MF,75,先発,0,0,0,0,0.0
2026/05/16(土) 14:45 キックオフ,桜美林大学,21,菊地　琉世,4,MF,74,先発,1,0,1,0,0.0
2026/05/16(土) 14:45 キックオフ,桜美林大学,10,石澤　海陽,4,FW,79,先発,1,2,3,2,66.7
2026/05/16(土) 14:45 キックオフ,桜美林大学,25,大成　春斗,4,FW,74,先発,0,1,1,1,100.0
2026/05/16(土) 14:45 キックオフ,桜美林大学,41,尾﨑　克蔵,2,GK,0,控え,0,0,0,0,0.0
2026/05/16(土) 14:45 キックオフ,桜美林大学,88,山本　陵聖,4,DF,0,控え,0,0,0,0,0.0
2026/05/16(土) 14:45 キックオフ,桜美林大学,15,大崎　陽斗,4,DF,0,控え,0,0,0,0,0.0
2026/05/16(土) 14:45 キックオフ,桜美林大学,96,木村　恵真,1,MF,18,控え,0,2,2,1,50.0
2026/05/16(土) 14:45 キックオフ,桜美林大学,2,小野　文也,4,MF,16,控え,0,0,0,0,0.0
2026/05/16(土) 14:45 キックオフ,桜美林大学,68,三浦　瑠恩,1,MF,0,控え,0,0,0,0,0.0
2026/05/16(土) 14:45 キックオフ,桜美林大学,23,和田　倖輔,3,MF,15,控え,0,2,2,1,50.0
2026/05/16(土) 14:45 キックオフ,桜美林大学,17,山田 　結互,1,MF,11,控え,0,0,0,0,0.0
2026/05/16(土) 14:45 キックオフ,桜美林大学,20,倉橋　正吾,4,FW,16,控え,0,1,1,0,0.0
2026/05/17(日) 10:00 キックオフ,朝鮮大学校,1,金 柱相,4,GK,90,先発,0,0,0,0,0.0
2026/05/17(日) 10:00 キックオフ,朝鮮大学校,2,沈 瑞輝,3,DF,90,先発,0,0,0,0,0.0
2026/05/17(日) 10:00 キックオフ,朝鮮大学校,4,金 悠宇,4,DF,90,先発,0,2,2,0,0.0
2026/05/17(日) 10:00 キックオフ,朝鮮大学校,20,金 星希,4,MF,5,先発,0,0,0,0,0.0
2026/05/17(日) 10:00 キックオフ,朝鮮大学校,10,朴 ソラ,4,MF,43,先発,1,1,2,0,0.0
2026/05/17(日) 10:00 キックオフ,朝鮮大学校,11,鄭 泰男,4,MF,36,先発,1,0,1,0,0.0
2026/05/17(日) 10:00 キックオフ,朝鮮大学校,13,李　京樹,不明,MF,90,先発,2,0,2,0,0.0
2026/05/17(日) 10:00 キックオフ,朝鮮大学校,19,金 亨政,3,MF,90,先発,0,0,0,0,0.0
2026/05/17(日) 10:00 キックオフ,朝鮮大学校,21,朴　創嶺,3,MF,90,先発,1,0,1,0,0.0
2026/05/17(日) 10:00 キックオフ,朝鮮大学校,29,鄭 誓華,2,MF,90,先発,0,0,0,0,0.0
2026/05/17(日) 10:00 キックオフ,朝鮮大学校,14,金 世諒,3,FW,90,先発,1,1,2,0,0.0
2026/05/17(日) 10:00 キックオフ,朝鮮大学校,12,金 利優,4,GK,0,控え,0,0,0,0,0.0
2026/05/17(日) 10:00 キックオフ,朝鮮大学校,3,李　星琉,1,DF,0,控え,0,0,0,0,0.0
2026/05/17(日) 10:00 キックオフ,朝鮮大学校,15,高 茂邦,4,DF,0,控え,0,0,0,0,0.0
2026/05/17(日) 10:00 キックオフ,朝鮮大学校,16,高　悠邦,2,DF,85,控え,0,0,0,0,0.0
2026/05/17(日) 10:00 キックオフ,朝鮮大学校,25,金　昌希,3,DF,0,控え,0,0,0,0,0.0
2026/05/17(日) 10:00 キックオフ,朝鮮大学校,8,李　良成,1,MF,0,控え,0,0,0,0,0.0
2026/05/17(日) 10:00 キックオフ,朝鮮大学校,23,チョ ヘフィ,4,MF,47,控え,0,0,0,0,0.0
2026/05/17(日) 10:00 キックオフ,朝鮮大学校,22,朴　才雄,1,FW,54,控え,0,1,1,0,0.0
2026/05/17(日) 10:00 キックオフ,朝鮮大学校,27,金　毅昂,2,FW,0,控え,0,0,0,0,0.0
2026/05/17(日) 10:00 キックオフ,帝京大学,1,佐藤 翔,3,GK,90,先発,0,0,0,0,0.0
2026/05/17(日) 10:00 キックオフ,帝京大学,3,船木 匡太朗,2,DF,90,先発,0,1,1,0,0.0
2026/05/17(日) 10:00 キックオフ,帝京大学,5,小林 侑希,2,DF,90,先発,0,0,0,0,0.0
2026/05/17(日) 10:00 キックオフ,帝京大学,32,矢野　琉瑚,3,DF,90,先発,0,0,0,0,0.0
2026/05/17(日) 10:00 キックオフ,帝京大学,38,栗田　遼真,1,DF,45,先発,0,0,0,0,0.0
2026/05/17(日) 10:00 キックオフ,帝京大学,6,近江 智哉,2,MF,90,先発,0,0,0,0,0.0
2026/05/17(日) 10:00 キックオフ,帝京大学,13,沢 柊斗,4,MF,62,先発,0,0,0,0,0.0
2026/05/17(日) 10:00 キックオフ,帝京大学,16,池内 優介,3,DF,77,先発,0,0,0,0,0.0
2026/05/17(日) 10:00 キックオフ,帝京大学,26,桾澤 琢太,3,MF,45,先発,2,0,2,0,0.0
2026/05/17(日) 10:00 キックオフ,帝京大学,10,細木 創太,4,FW,50,先発,3,0,3,0,0.0
2026/05/17(日) 10:00 キックオフ,帝京大学,14,藤田 晴,4,FW,90,先発,3,1,4,1,25.0
2026/05/17(日) 10:00 キックオフ,帝京大学,12,牧野 長太朗,2,GK,0,控え,0,0,0,0,0.0
2026/05/17(日) 10:00 キックオフ,帝京大学,2,松本 大地,4,DF,45,控え,0,1,1,0,0.0
2026/05/17(日) 10:00 キックオフ,帝京大学,4,福平 太一,4,DF,0,控え,0,0,0,0,0.0
2026/05/17(日) 10:00 キックオフ,帝京大学,40,田中　菱,1,DF,13,控え,0,0,0,0,0.0
2026/05/17(日) 10:00 キックオフ,帝京大学,7,内堀 太貴,2,MF,0,控え,0,0,0,0,0.0
2026/05/17(日) 10:00 キックオフ,帝京大学,8,桒原 一斗,3,MF,45,控え,0,0,0,0,0.0
2026/05/17(日) 10:00 キックオフ,帝京大学,11,渡辺 結心,4,MF,28,控え,0,0,0,0,0.0
2026/05/17(日) 10:00 キックオフ,帝京大学,19,佐山 洸士,2,MF,0,控え,0,0,0,0,0.0
2026/05/17(日) 10:00 キックオフ,帝京大学,9,緒方 快青,4,FW,40,控え,0,3,3,0,0.0
2026/05/17(日) 11:00 キックオフ,学習院大学,3,中川　賢人,3,DF,90,先発,0,0,0,0,0.0
2026/05/17(日) 11:00 キックオフ,学習院大学,5,小林　恭輔,4,DF,90,先発,0,0,0,0,0.0
2026/05/17(日) 11:00 キックオフ,学習院大学,6,神山　晃太,3,MF,68,先発,0,0,0,0,0.0
2026/05/17(日) 11:00 キックオフ,学習院大学,7,児島　巧海,2,MF,80,先発,1,2,3,0,0.0
2026/05/17(日) 11:00 キックオフ,学習院大学,8,小川　将弥,3,MF,58,先発,1,0,1,0,0.0
2026/05/17(日) 11:00 キックオフ,学習院大学,10,小林　千紘,4,MF,90,先発,3,2,5,2,40.0
2026/05/17(日) 11:00 キックオフ,学習院大学,11,渡辺　創士,3,MF,90,先発,0,2,2,0,0.0
2026/05/17(日) 11:00 キックオフ,学習院大学,12,加藤   俐功,1,GK,90,先発,0,0,0,0,0.0
2026/05/17(日) 11:00 キックオフ,学習院大学,13,梶　圭朝,2,DF,90,先発,0,0,0,0,0.0
2026/05/17(日) 11:00 キックオフ,学習院大学,16,藤井　冬威,2,MF,90,先発,0,0,0,0,0.0
2026/05/17(日) 11:00 キックオフ,学習院大学,28,加藤   大毅,1,MF,90,先発,0,0,0,0,0.0
2026/05/17(日) 11:00 キックオフ,学習院大学,1,若尾　林太朗,3,GK,0,控え,0,0,0,0,0.0
2026/05/17(日) 11:00 キックオフ,学習院大学,2,松本　隆宏,4,DF,0,控え,0,0,0,0,0.0
2026/05/17(日) 11:00 キックオフ,学習院大学,14,佐藤　友樹,4,MF,10,控え,0,1,1,0,0.0
2026/05/17(日) 11:00 キックオフ,学習院大学,17,原　壮太,4,FW,32,控え,0,1,1,0,0.0
2026/05/17(日) 11:00 キックオフ,学習院大学,20,北林　星七,2,FW,22,控え,0,1,1,0,0.0
2026/05/17(日) 11:00 キックオフ,学習院大学,21,伊藤   駿也,1,GK,0,控え,0,0,0,0,0.0
2026/05/17(日) 11:00 キックオフ,学習院大学,24,柳澤　和希,3,DF,0,控え,0,0,0,0,0.0
2026/05/17(日) 11:00 キックオフ,学習院大学,26,西山　康惺,不明,DF,0,控え,0,0,0,0,0.0
2026/05/17(日) 11:00 キックオフ,学習院大学,27,山田   惟斗,1,MF,0,控え,0,0,0,0,0.0
2026/05/17(日) 11:00 キックオフ,大東文化大学,1,清水　　天斗,4,GK,90,先発,0,0,0,0,0.0
2026/05/17(日) 11:00 キックオフ,大東文化大学,5,池羽　　航輝,4,DF,90,先発,0,0,0,0,0.0
2026/05/17(日) 11:00 キックオフ,大東文化大学,10,安藤　　稜人,4,MF,80,先発,0,2,2,0,0.0
2026/05/17(日) 11:00 キックオフ,大東文化大学,11,舘　颯之介,4,MF,90,先発,0,0,0,0,0.0
2026/05/17(日) 11:00 キックオフ,大東文化大学,14,信國　達也,3,MF,62,先発,0,0,0,0,0.0
2026/05/17(日) 11:00 キックオフ,大東文化大学,18,青　海斗,3,DF,90,先発,1,0,1,0,0.0
2026/05/17(日) 11:00 キックオフ,大東文化大学,19,上田　然,3,FW,68,先発,0,1,1,0,0.0
2026/05/17(日) 11:00 キックオフ,大東文化大学,22,髙野　　広大,2,DF,90,先発,1,0,1,0,0.0
2026/05/17(日) 11:00 キックオフ,大東文化大学,29,佐藤　大心,2,MF,90,先発,1,3,4,3,75.0
2026/05/17(日) 11:00 キックオフ,大東文化大学,88,松本　浩輝,3,MF,90,先発,1,0,1,0,0.0
2026/05/17(日) 11:00 キックオフ,大東文化大学,96,奥田　大翔,2,FW,62,先発,1,0,1,0,0.0
2026/05/17(日) 11:00 キックオフ,大東文化大学,2,猿山　　和輝,4,DF,28,控え,0,0,0,0,0.0
2026/05/17(日) 11:00 キックオフ,大東文化大学,7,笠原　　壮瑠,4,FW,10,控え,0,1,1,0,0.0
2026/05/17(日) 11:00 キックオフ,大東文化大学,8,萩原　　駆,4,MF,22,控え,0,0,0,0,0.0
2026/05/17(日) 11:00 キックオフ,大東文化大学,9,熊田　　裕,4,MF,0,控え,0,0,0,0,0.0
2026/05/17(日) 11:00 キックオフ,大東文化大学,12,妹尾　典,4,GK,0,控え,0,0,0,0,0.0
2026/05/17(日) 11:00 キックオフ,大東文化大学,16,栗栖　晴己,3,MF,28,控え,0,0,0,0,0.0
2026/05/17(日) 11:00 キックオフ,大東文化大学,28,田中　颯人,2,DF,0,控え,0,0,0,0,0.0
2026/05/17(日) 11:00 キックオフ,大東文化大学,41,佃　孝太,2,MF,0,控え,0,0,0,0,0.0
2026/05/17(日) 11:00 キックオフ,大東文化大学,46,金子　潤,2,DF,0,控え,0,0,0,0,0.0
2026/05/17(日) 15:00 キックオフ,玉川大学,3,信賀　有希,4,DF,90,先発,0,0,0,0,0.0
2026/05/17(日) 15:00 キックオフ,玉川大学,7,森岡　大地,4,MF,90,先発,1,0,1,0,0.0
2026/05/17(日) 15:00 キックオフ,玉川大学,10,内田　凜,4,MF,82,先発,1,0,1,0,0.0
2026/05/17(日) 15:00 キックオフ,玉川大学,11,中村　隼人,4,MF,85,先発,1,0,1,0,0.0
2026/05/17(日) 15:00 キックオフ,玉川大学,14,林　雄琉,4,MF,68,先発,1,0,1,0,0.0
2026/05/17(日) 15:00 キックオフ,玉川大学,16,今村　光汰,4,GK,90,先発,0,0,0,0,0.0
2026/05/17(日) 15:00 キックオフ,玉川大学,18,佐久間　駿喜,3,FW,55,先発,4,0,4,0,0.0
2026/05/17(日) 15:00 キックオフ,玉川大学,23,國本　純成,3,MF,90,先発,0,1,1,0,0.0
2026/05/17(日) 15:00 キックオフ,玉川大学,24,前田　陽平,1,MF,90,先発,0,1,1,0,0.0
2026/05/17(日) 15:00 キックオフ,玉川大学,36,上野　湊,3,DF,90,先発,1,1,2,1,50.0
2026/05/17(日) 15:00 キックオフ,玉川大学,37,清水　彩生,1,DF,90,先発,0,0,0,0,0.0
2026/05/17(日) 15:00 キックオフ,玉川大学,1,大熊　大輔,1,GK,0,控え,0,0,0,0,0.0
2026/05/17(日) 15:00 キックオフ,玉川大学,5,松井　琢磨,2,DF,0,控え,0,0,0,0,0.0
2026/05/17(日) 15:00 キックオフ,玉川大学,15,丸尾　航琉,4,DF,0,控え,0,0,0,0,0.0
2026/05/17(日) 15:00 キックオフ,玉川大学,17,上野　兼叶,2,FW,35,控え,0,2,2,0,0.0
2026/05/17(日) 15:00 キックオフ,玉川大学,19,国谷　康太,3,FW,0,控え,0,0,0,0,0.0
2026/05/17(日) 15:00 キックオフ,玉川大学,22,歳森　杏介,2,MF,8,控え,0,0,0,0,0.0
2026/05/17(日) 15:00 キックオフ,玉川大学,26,杉山　和勢,2,MF,22,控え,0,0,0,0,0.0
2026/05/17(日) 15:00 キックオフ,玉川大学,27,楠山　奈音,3,DF,5,控え,0,0,0,0,0.0
2026/05/17(日) 15:00 キックオフ,玉川大学,34,坂本　佳晴,2,MF,0,控え,0,0,0,0,0.0
2026/05/17(日) 15:00 キックオフ,東京経済大学,5,内田　雄真,2,DF,90,先発,0,0,0,0,0.0
2026/05/17(日) 15:00 キックオフ,東京経済大学,6,松井　一晟,3,DF,90,先発,0,0,0,0,0.0
2026/05/17(日) 15:00 キックオフ,東京経済大学,7,大塚　恭生,3,MF,90,先発,0,1,1,0,0.0
2026/05/17(日) 15:00 キックオフ,東京経済大学,8,河西　透和,不明,MF,90,先発,0,0,0,0,0.0
2026/05/17(日) 15:00 キックオフ,東京経済大学,10,伊崎　耕紀,4,MF,90,先発,1,1,2,0,0.0
2026/05/17(日) 15:00 キックオフ,東京経済大学,12,中村　裕大,2,GK,90,先発,0,0,0,0,0.0
2026/05/17(日) 15:00 キックオフ,東京経済大学,13,宮﨑　悠斗,3,MF,90,先発,0,0,0,0,0.0
2026/05/17(日) 15:00 キックオフ,東京経済大学,16,村松　晴登,3,MF,85,先発,1,2,3,1,33.3
2026/05/17(日) 15:00 キックオフ,東京経済大学,17,吉儀　大,3,MF,89,先発,0,3,3,1,33.3
2026/05/17(日) 15:00 キックオフ,東京経済大学,19,山田　士雄,2,MF,90,先発,0,0,0,0,0.0
2026/05/17(日) 15:00 キックオフ,東京経済大学,29,駒田　晴生,3,MF,69,先発,0,1,1,1,100.0
2026/05/17(日) 15:00 キックオフ,東京経済大学,4,北林　嶺,3,DF,5,控え,0,0,0,0,0.0
2026/05/17(日) 15:00 キックオフ,東京経済大学,9,小尾　丞斗,4,FW,0,控え,0,0,0,0,0.0
2026/05/17(日) 15:00 キックオフ,東京経済大学,14,中島　洋之介,3,FW,0,控え,0,0,0,0,0.0
2026/05/17(日) 15:00 キックオフ,東京経済大学,15,久保寺　壱晟,3,FW,21,控え,0,0,0,0,0.0
2026/05/17(日) 15:00 キックオフ,東京経済大学,22,長田　崇志,不明,GK,0,控え,0,0,0,0,0.0
2026/05/17(日) 15:00 キックオフ,東京経済大学,24,川村　大樹,2,DF,1,控え,0,0,0,0,0.0
2026/05/17(日) 15:00 キックオフ,東京経済大学,28,海老原　寛大,2,MF,0,控え,0,0,0,0,0.0
2026/05/17(日) 15:00 キックオフ,東京経済大学,31,市川　聖龍,1,MF,0,控え,0,0,0,0,0.0
2026/05/17(日) 15:00 キックオフ,東京経済大学,32,峠舘　永愛,1,MF,0,控え,0,0,0,0,0.0
2026/05/23(土) 10:00 キックオフ,神奈川工科大学（神奈川県）,30,大久保　陸翔,1,GK,90,先発,0,0,0,0,0.0
2026/05/23(土) 10:00 キックオフ,神奈川工科大学（神奈川県）,4,吉田　太陽,3,DF,90,先発,0,0,0,0,0.0
2026/05/23(土) 10:00 キックオフ,神奈川工科大学（神奈川県）,29,常盤　啓太,1,DF,90,先発,0,0,0,0,0.0
2026/05/23(土) 10:00 キックオフ,神奈川工科大学（神奈川県）,11,平田　竜誠,4,DF,82,先発,0,0,0,0,0.0
2026/05/23(土) 10:00 キックオフ,神奈川工科大学（神奈川県）,5,橋本　晃進,3,MF,90,先発,0,0,0,0,0.0
2026/05/23(土) 10:00 キックオフ,神奈川工科大学（神奈川県）,7,小林　優介,3,MF,71,先発,0,0,0,0,0.0
2026/05/23(土) 10:00 キックオフ,神奈川工科大学（神奈川県）,10,小林　暢,4,MF,90,先発,1,0,1,0,0.0
2026/05/23(土) 10:00 キックオフ,神奈川工科大学（神奈川県）,13,齊藤　大翔,1,MF,90,先発,0,0,0,0,0.0
2026/05/23(土) 10:00 キックオフ,神奈川工科大学（神奈川県）,17,大山　和真,2,MF,57,先発,0,0,0,0,0.0
2026/05/23(土) 10:00 キックオフ,神奈川工科大学（神奈川県）,23,小野　晟和,1,MF,57,先発,0,1,1,0,0.0
2026/05/23(土) 10:00 キックオフ,神奈川工科大学（神奈川県）,12,川瀬　桜介,1,FW,77,先発,0,1,1,0,0.0
2026/05/23(土) 10:00 キックオフ,神奈川工科大学（神奈川県）,16,牛山　航,1,GK,0,控え,0,0,0,0,0.0
2026/05/23(土) 10:00 キックオフ,神奈川工科大学（神奈川県）,2,菅原　颯太郎,3,DF,0,控え,0,0,0,0,0.0
2026/05/23(土) 10:00 キックオフ,神奈川工科大学（神奈川県）,3,五十嵐　晴生,3,DF,0,控え,0,0,0,0,0.0
2026/05/23(土) 10:00 キックオフ,神奈川工科大学（神奈川県）,6,石塚　快,3,MF,19,控え,0,0,0,0,0.0
2026/05/23(土) 10:00 キックオフ,神奈川工科大学（神奈川県）,8,春原　	哲汰,3,MF,33,控え,0,1,1,0,0.0
2026/05/23(土) 10:00 キックオフ,神奈川工科大学（神奈川県）,25,和田　岳空,1,MF,0,控え,0,0,0,0,0.0
2026/05/23(土) 10:00 キックオフ,神奈川工科大学（神奈川県）,9,功刀　崇斗,4,FW,33,控え,0,1,1,0,0.0
2026/05/23(土) 10:00 キックオフ,神奈川工科大学（神奈川県）,19,脇屋　颯人,1,FW,13,控え,0,1,1,0,0.0
2026/05/23(土) 10:00 キックオフ,神奈川工科大学（神奈川県）,28,八島　渉太,1,FW,8,控え,0,0,0,0,0.0
2026/05/23(土) 10:00 キックオフ,学習院大学,1,若尾　林太朗,3,GK,90,先発,0,0,0,0,0.0
2026/05/23(土) 10:00 キックオフ,学習院大学,3,中川　賢人,3,DF,90,先発,1,0,1,0,0.0
2026/05/23(土) 10:00 キックオフ,学習院大学,5,小林　恭輔,4,DF,90,先発,0,0,0,0,0.0
2026/05/23(土) 10:00 キックオフ,学習院大学,13,梶　圭朝,2,DF,90,先発,0,0,0,0,0.0
2026/05/23(土) 10:00 キックオフ,学習院大学,26,西山   康惺,1,DF,90,先発,0,0,0,0,0.0
2026/05/23(土) 10:00 キックオフ,学習院大学,7,児島　巧海,2,MF,77,先発,0,0,0,0,0.0
2026/05/23(土) 10:00 キックオフ,学習院大学,10,小林　千紘,4,MF,90,先発,3,4,7,1,14.3
2026/05/23(土) 10:00 キックオフ,学習院大学,11,渡辺　創士,3,MF,90,先発,1,1,2,1,50.0
2026/05/23(土) 10:00 キックオフ,学習院大学,14,佐藤　友樹,4,MF,55,先発,1,0,1,0,0.0
2026/05/23(土) 10:00 キックオフ,学習院大学,16,藤井　冬威,2,MF,90,先発,0,0,0,0,0.0
2026/05/23(土) 10:00 キックオフ,学習院大学,27,山田   惟斗,1,MF,68,先発,0,0,0,0,0.0
2026/05/23(土) 10:00 キックオフ,学習院大学,12,加藤   俐功,1,GK,0,控え,0,0,0,0,0.0
2026/05/23(土) 10:00 キックオフ,学習院大学,24,柳澤　和希,3,DF,0,控え,0,0,0,0,0.0
2026/05/23(土) 10:00 キックオフ,学習院大学,6,神山　晃太,3,MF,35,控え,0,1,1,0,0.0
2026/05/23(土) 10:00 キックオフ,学習院大学,8,小川　将弥,3,MF,0,控え,0,0,0,0,0.0
2026/05/23(土) 10:00 キックオフ,学習院大学,18,大久保　史温,2,MF,0,控え,0,0,0,0,0.0
2026/05/23(土) 10:00 キックオフ,学習院大学,29,端谷   蓮,1,MF,0,控え,0,0,0,0,0.0
2026/05/23(土) 10:00 キックオフ,学習院大学,17,原　壮太,4,FW,22,控え,0,0,0,0,0.0
2026/05/23(土) 10:00 キックオフ,学習院大学,20,北林　星七,2,FW,13,控え,0,0,0,0,0.0
2026/05/23(土) 14:30 キックオフ,東京経済大学,12,中村　裕大,2,GK,90,先発,0,0,0,0,0.0
2026/05/23(土) 14:30 キックオフ,東京経済大学,3,古澤　友麻,3,MF,65,先発,0,0,0,0,0.0
2026/05/23(土) 14:30 キックオフ,東京経済大学,5,内田　雄真,2,DF,90,先発,0,0,0,0,0.0
2026/05/23(土) 14:30 キックオフ,東京経済大学,6,松井　一晟,3,DF,90,先発,1,2,3,1,33.3
2026/05/23(土) 14:30 キックオフ,東京経済大学,19,山田　士雄,2,MF,90,先発,0,0,0,0,0.0
2026/05/23(土) 14:30 キックオフ,東京経済大学,7,大塚　恭生,3,MF,90,先発,1,0,1,1,100.0
2026/05/23(土) 14:30 キックオフ,東京経済大学,8,河西　透和,不明,MF,78,先発,0,0,0,0,0.0
2026/05/23(土) 14:30 キックオフ,東京経済大学,13,宮﨑　悠斗,3,MF,90,先発,0,0,0,0,0.0
2026/05/23(土) 14:30 キックオフ,東京経済大学,16,村松　晴登,3,MF,86,先発,0,1,1,0,0.0
2026/05/23(土) 14:30 キックオフ,東京経済大学,17,吉儀　大,3,MF,90,先発,1,0,1,0,0.0
2026/05/23(土) 14:30 キックオフ,東京経済大学,29,駒田　晴生,3,MF,65,先発,0,0,0,0,0.0
2026/05/23(土) 14:30 キックオフ,東京経済大学,22,村野　　大輝,3,GK,0,控え,0,0,0,0,0.0
2026/05/23(土) 14:30 キックオフ,東京経済大学,4,北林　嶺,3,DF,0,控え,0,0,0,0,0.0
2026/05/23(土) 14:30 キックオフ,東京経済大学,24,川村　大樹,2,DF,25,控え,0,0,0,0,0.0
2026/05/23(土) 14:30 キックオフ,東京経済大学,27,川畑　宇輝,3,DF,0,控え,0,0,0,0,0.0
2026/05/23(土) 14:30 キックオフ,東京経済大学,14,中島　洋之介,3,FW,25,控え,0,1,1,0,0.0
2026/05/23(土) 14:30 キックオフ,東京経済大学,15,久保寺　壱晟,3,FW,12,控え,0,0,0,0,0.0
2026/05/23(土) 14:30 キックオフ,東京経済大学,31,市川　聖龍,1,MF,0,控え,0,0,0,0,0.0
2026/05/23(土) 14:30 キックオフ,東京経済大学,32,峠舘　永愛,1,MF,0,控え,0,0,0,0,0.0
2026/05/23(土) 14:30 キックオフ,東京経済大学,9,小尾　丞斗,4,FW,4,控え,0,0,0,0,0.0
2026/05/23(土) 14:30 キックオフ,武蔵大学,31,湯浅　世琉亜,3,GK,90,先発,0,0,0,0,0.0
2026/05/23(土) 14:30 キックオフ,武蔵大学,4,小野寺　拓巳,2,DF,90,先発,0,0,0,0,0.0
2026/05/23(土) 14:30 キックオフ,武蔵大学,19,加藤　大聖,4,DF,90,先発,1,0,1,0,0.0
2026/05/23(土) 14:30 キックオフ,武蔵大学,22,水越　大心,3,MF,90,先発,0,0,0,0,0.0
2026/05/23(土) 14:30 キックオフ,武蔵大学,2,久保田　琳,4,DF,90,先発,0,0,0,0,0.0
2026/05/23(土) 14:30 キックオフ,武蔵大学,8,中里　春輝,4,DF,67,先発,1,1,2,0,0.0
2026/05/23(土) 14:30 キックオフ,武蔵大学,11,田辺　伊吹,4,FW,90,先発,1,0,1,1,100.0
2026/05/23(土) 14:30 キックオフ,武蔵大学,14,石塚　優斗,3,MF,83,先発,0,2,2,0,0.0
2026/05/23(土) 14:30 キックオフ,武蔵大学,33,宇野　大稀,2,MF,87,先発,2,1,3,0,0.0
2026/05/23(土) 14:30 キックオフ,武蔵大学,45,寺田　聡,2,MF,86,先発,0,1,1,0,0.0
2026/05/23(土) 14:30 キックオフ,武蔵大学,47,廣井　悠真,2,FW,77,先発,0,0,0,0,0.0
2026/05/23(土) 14:30 キックオフ,武蔵大学,1,重山　武史,4,GK,0,控え,0,0,0,0,0.0
2026/05/23(土) 14:30 キックオフ,武蔵大学,28,藤田　和,2,MF,0,控え,0,0,0,0,0.0
2026/05/23(土) 14:30 キックオフ,武蔵大学,34,島田　康誠,2,DF,0,控え,0,0,0,0,0.0
2026/05/23(土) 14:30 キックオフ,武蔵大学,15,柳澤　広喜,3,MF,4,控え,0,0,0,0,0.0
2026/05/23(土) 14:30 キックオフ,武蔵大学,32,中西　智哉,1,MF,3,控え,0,0,0,0,0.0
2026/05/23(土) 14:30 キックオフ,武蔵大学,42,加藤　陽也,1,MF,0,控え,0,0,0,0,0.0
2026/05/23(土) 14:30 キックオフ,武蔵大学,49,宮本　理央,1,MF,7,控え,0,0,0,0,0.0
2026/05/23(土) 14:30 キックオフ,武蔵大学,50,甲斐田　裕大,2,MF,23,控え,0,0,0,0,0.0
2026/05/23(土) 14:30 キックオフ,武蔵大学,12,川口　陽誠,1,FW,13,控え,0,0,0,0,0.0
2026/05/23(土) 15:00 キックオフ,帝京大学,1,佐藤 翔,3,GK,90,先発,0,0,0,0,0.0
2026/05/23(土) 15:00 キックオフ,帝京大学,3,船木 匡太朗,2,DF,90,先発,0,0,0,0,0.0
2026/05/23(土) 15:00 キックオフ,帝京大学,8,桒原 一斗,3,MF,90,先発,1,1,2,0,0.0
2026/05/23(土) 15:00 キックオフ,帝京大学,13,沢 柊斗,4,MF,90,先発,2,2,4,0,0.0
2026/05/23(土) 15:00 キックオフ,帝京大学,14,藤田 晴,4,FW,90,先発,1,4,5,0,0.0
2026/05/23(土) 15:00 キックオフ,帝京大学,17,當間 晴琉,3,DF,64,先発,1,0,1,0,0.0
2026/05/23(土) 15:00 キックオフ,帝京大学,26,桾澤 琢太,3,MF,52,先発,0,0,0,0,0.0
2026/05/23(土) 15:00 キックオフ,帝京大学,32,矢野　琉瑚,3,DF,90,先発,0,0,0,0,0.0
2026/05/23(土) 15:00 キックオフ,帝京大学,35,古村　大和,3,DF,52,先発,1,0,1,0,0.0
2026/05/23(土) 15:00 キックオフ,帝京大学,38,栗田　遼真,1,DF,90,先発,0,3,3,0,0.0
2026/05/23(土) 15:00 キックオフ,帝京大学,40,田中　菱,1,DF,90,先発,1,1,2,0,0.0
2026/05/23(土) 15:00 キックオフ,帝京大学,2,松本 大地,4,DF,0,控え,0,0,0,0,0.0
2026/05/23(土) 15:00 キックオフ,帝京大学,4,福平 太一,4,DF,0,控え,0,0,0,0,0.0
2026/05/23(土) 15:00 キックオフ,帝京大学,5,小林 侑希,2,DF,0,控え,0,0,0,0,0.0
2026/05/23(土) 15:00 キックオフ,帝京大学,6,近江 智哉,2,MF,38,控え,0,1,1,1,100.0
2026/05/23(土) 15:00 キックオフ,帝京大学,9,緒方 快青,4,MF,38,控え,0,4,4,0,0.0
2026/05/23(土) 15:00 キックオフ,帝京大学,12,牧野 長太朗,2,GK,0,控え,0,0,0,0,0.0
2026/05/23(土) 15:00 キックオフ,帝京大学,16,池内 優介,3,DF,26,控え,0,1,1,1,100.0
2026/05/23(土) 15:00 キックオフ,帝京大学,19,佐山 洸士,2,MF,0,控え,0,0,0,0,0.0
2026/05/23(土) 15:00 キックオフ,帝京大学,25,山下 翔世,3,DF,0,控え,0,0,0,0,0.0
2026/05/23(土) 15:00 キックオフ,日本大学文理学部,1,磯貝 仁斗,4,GK,90,先発,0,0,0,0,0.0
2026/05/23(土) 15:00 キックオフ,日本大学文理学部,2,横山 聡大,2,DF,87,先発,1,0,1,0,0.0
2026/05/23(土) 15:00 キックオフ,日本大学文理学部,25,間 琥太朗,3,DF,90,先発,2,0,2,0,0.0
2026/05/23(土) 15:00 キックオフ,日本大学文理学部,37,清水 佑,3,DF,90,先発,1,0,1,0,0.0
2026/05/23(土) 15:00 キックオフ,日本大学文理学部,93,小川 寧大,3,DF,90,先発,0,0,0,0,0.0
2026/05/23(土) 15:00 キックオフ,日本大学文理学部,10,城田 優,4,MF,90,先発,0,0,0,0,0.0
2026/05/23(土) 15:00 キックオフ,日本大学文理学部,14,葛西 由晏,2,MF,82,先発,0,1,1,0,0.0
2026/05/23(土) 15:00 キックオフ,日本大学文理学部,24,川口 友作,4,MF,90,先発,0,0,0,0,0.0
2026/05/23(土) 15:00 キックオフ,日本大学文理学部,31,伊東　拓海,1,MF,90,先発,0,0,0,0,0.0
2026/05/23(土) 15:00 キックオフ,日本大学文理学部,65,千葉　海斗,1,MF,90,先発,0,0,0,0,0.0
2026/05/23(土) 15:00 キックオフ,日本大学文理学部,9,遠田 凌,4,FW,90,先発,1,0,1,0,0.0
2026/05/23(土) 15:00 キックオフ,日本大学文理学部,3,北村 翼,3,DF,0,控え,0,0,0,0,0.0
2026/05/23(土) 15:00 キックオフ,日本大学文理学部,5,星 恒輝,3,MF,8,控え,0,0,0,0,0.0
2026/05/23(土) 15:00 キックオフ,日本大学文理学部,11,矢田 涼太郎,3,FW,0,控え,0,0,0,0,0.0
2026/05/23(土) 15:00 キックオフ,日本大学文理学部,28,谷口 莉都,2,FW,0,控え,0,0,0,0,0.0
2026/05/23(土) 15:00 キックオフ,日本大学文理学部,29,髙山 周,3,FW,3,控え,0,0,0,0,0.0
2026/05/23(土) 15:00 キックオフ,日本大学文理学部,32,加藤 匠,2,GK,0,控え,0,0,0,0,0.0
2026/05/23(土) 15:00 キックオフ,日本大学文理学部,33,渋谷 竜聖,3,DF,0,控え,0,0,0,0,0.0
2026/05/23(土) 15:00 キックオフ,日本大学文理学部,46,鈴木 堅斗,4,MF,0,控え,0,0,0,0,0.0
2026/05/23(土) 15:00 キックオフ,日本大学文理学部,98,久場 莉稀,3,MF,0,控え,0,0,0,0,0.0
2026/05/23(土) 17:00 キックオフ,大東文化大学,12,妹尾　典,4,GK,90,先発,0,0,0,0,0.0
2026/05/23(土) 17:00 キックオフ,大東文化大学,18,青　海斗,3,DF,90,先発,0,0,0,0,0.0
2026/05/23(土) 17:00 キックオフ,大東文化大学,5,池羽　　航輝,4,DF,90,先発,1,0,1,0,0.0
2026/05/23(土) 17:00 キックオフ,大東文化大学,22,髙野　　広大,2,DF,90,先発,0,0,0,0,0.0
2026/05/23(土) 17:00 キックオフ,大東文化大学,2,猿山　　和輝,4,DF,90,先発,1,0,1,0,0.0
2026/05/23(土) 17:00 キックオフ,大東文化大学,8,萩原　　駆,4,MF,90,先発,0,0,0,0,0.0
2026/05/23(土) 17:00 キックオフ,大東文化大学,88,松本　浩輝,3,MF,79,先発,0,0,0,0,0.0
2026/05/23(土) 17:00 キックオフ,大東文化大学,11,舘　颯之介,4,MF,79,先発,0,2,2,0,0.0
2026/05/23(土) 17:00 キックオフ,大東文化大学,9,熊田　　裕,4,MF,55,先発,2,0,2,0,0.0
2026/05/23(土) 17:00 キックオフ,大東文化大学,96,奥田　大翔,2,FW,55,先発,2,0,2,0,0.0
2026/05/23(土) 17:00 キックオフ,大東文化大学,29,佐藤　大心,2,MF,90,先発,1,2,3,0,0.0
2026/05/23(土) 17:00 キックオフ,大東文化大学,31,佐藤　晴翔,2,GK,0,控え,0,0,0,0,0.0
2026/05/23(土) 17:00 キックオフ,大東文化大学,28,田中　颯人,2,DF,0,控え,0,0,0,0,0.0
2026/05/23(土) 17:00 キックオフ,大東文化大学,45,星野　秀斗,3,DF,0,控え,0,0,0,0,0.0
2026/05/23(土) 17:00 キックオフ,大東文化大学,46,金子　潤,2,DF,0,控え,0,0,0,0,0.0
2026/05/23(土) 17:00 キックオフ,大東文化大学,80,石神　瞬,3,MF,11,控え,0,0,0,0,0.0
2026/05/23(土) 17:00 キックオフ,大東文化大学,41,佃　孝太,2,MF,0,控え,0,0,0,0,0.0
2026/05/23(土) 17:00 キックオフ,大東文化大学,13,佐久間　勇斗,3,MF,11,控え,0,0,0,0,0.0
2026/05/23(土) 17:00 キックオフ,大東文化大学,16,栗栖　晴己,3,MF,35,控え,0,1,1,0,0.0
2026/05/23(土) 17:00 キックオフ,大東文化大学,43,並木　俊輔,2,MF,35,控え,0,0,0,0,0.0
2026/05/23(土) 17:00 キックオフ,横浜国立大学（神奈川県）,1,神山　洋輝,4,GK,90,先発,0,0,0,0,0.0
2026/05/23(土) 17:00 キックオフ,横浜国立大学（神奈川県）,3,髙木　直,2,MF,90,先発,0,1,1,0,0.0
2026/05/23(土) 17:00 キックオフ,横浜国立大学（神奈川県）,5,大西　遼久,4,DF,90,先発,0,0,0,0,0.0
2026/05/23(土) 17:00 キックオフ,横浜国立大学（神奈川県）,6,渡邊　元気,2,MF,45,先発,1,0,1,0,0.0
2026/05/23(土) 17:00 キックオフ,横浜国立大学（神奈川県）,7,立入　光記,4,MF,90,先発,2,1,3,1,33.3
2026/05/23(土) 17:00 キックオフ,横浜国立大学（神奈川県）,8,小宮　昂大,3,MF,90,先発,1,1,2,1,50.0
2026/05/23(土) 17:00 キックオフ,横浜国立大学（神奈川県）,10,原子　泰地,4,FW,84,先発,0,1,1,0,0.0
2026/05/23(土) 17:00 キックオフ,横浜国立大学（神奈川県）,13,竹中　暖喜,3,DF,90,先発,0,0,0,0,0.0
2026/05/23(土) 17:00 キックオフ,横浜国立大学（神奈川県）,15,櫻井　恵太,2,MF,45,先発,0,0,0,0,0.0
2026/05/23(土) 17:00 キックオフ,横浜国立大学（神奈川県）,26,加藤　士門,4,FW,90,先発,0,0,0,0,0.0
2026/05/23(土) 17:00 キックオフ,横浜国立大学（神奈川県）,28,田邉　快斗,1,DF,84,先発,1,0,1,0,0.0
2026/05/23(土) 17:00 キックオフ,横浜国立大学（神奈川県）,9,篠崎　開惺,3,FW,6,控え,0,0,0,0,0.0
2026/05/23(土) 17:00 キックオフ,横浜国立大学（神奈川県）,11,島田　健央,4,FW,6,控え,0,0,0,0,0.0
2026/05/23(土) 17:00 キックオフ,横浜国立大学（神奈川県）,17,小川　和真,3,FW,0,控え,0,0,0,0,0.0
2026/05/23(土) 17:00 キックオフ,横浜国立大学（神奈川県）,19,森下　優之心,2,DF,0,控え,0,0,0,0,0.0
2026/05/23(土) 17:00 キックオフ,横浜国立大学（神奈川県）,21,川瀬　統己,4,GK,0,控え,0,0,0,0,0.0
2026/05/23(土) 17:00 キックオフ,横浜国立大学（神奈川県）,30,中野　楓麻,4,DF,0,控え,0,0,0,0,0.0
2026/05/23(土) 17:00 キックオフ,横浜国立大学（神奈川県）,33,中村　朗莞,3,FW,45,控え,0,1,1,0,0.0
2026/05/23(土) 17:00 キックオフ,横浜国立大学（神奈川県）,36,井上　愛翔,2,MF,45,控え,0,0,0,0,0.0
2026/05/23(土) 17:00 キックオフ,横浜国立大学（神奈川県）,37,佐々木　統羽,2,MF,0,控え,0,0,0,0,0.0
2026/05/24(日) 10:00 キックオフ,上智大学,1,藤田　大輝,4,GK,90,先発,0,0,0,0,0.0
2026/05/24(日) 10:00 キックオフ,上智大学,97,須田　悠斗,2,DF,90,先発,0,1,1,0,0.0
2026/05/24(日) 10:00 キックオフ,上智大学,3,松本　和輝,3,DF,80,先発,0,0,0,0,0.0
2026/05/24(日) 10:00 キックオフ,上智大学,33,村田　幸基,1,DF,90,先発,0,0,0,0,0.0
2026/05/24(日) 10:00 キックオフ,上智大学,44,山崎　颯介,2,MF,87,先発,0,0,0,0,0.0
2026/05/24(日) 10:00 キックオフ,上智大学,8,福島　広大,4,MF,65,先発,1,0,1,0,0.0
2026/05/24(日) 10:00 キックオフ,上智大学,6,荒川　哲平,3,MF,90,先発,0,0,0,0,0.0
2026/05/24(日) 10:00 キックオフ,上智大学,81,福尾　涼太,1,MF,75,先発,0,0,0,0,0.0
2026/05/24(日) 10:00 キックオフ,上智大学,11,笠原　真尋,3,MF,80,先発,2,1,3,0,0.0
2026/05/24(日) 10:00 キックオフ,上智大学,10,塙　　仁成,4,MF,90,先発,0,0,0,0,0.0
2026/05/24(日) 10:00 キックオフ,上智大学,9,田中　佑樹,3,FW,90,先発,2,3,5,0,0.0
2026/05/24(日) 10:00 キックオフ,上智大学,20,川島　晴空,3,DF,0,控え,0,0,0,0,0.0
2026/05/24(日) 10:00 キックオフ,上智大学,19,湯浦　崇斗,1,DF,10,控え,0,0,0,0,0.0
2026/05/24(日) 10:00 キックオフ,上智大学,38,瀧川　廉,1,DF,0,控え,0,0,0,0,0.0
2026/05/24(日) 10:00 キックオフ,上智大学,17,白坂　航大,4,MF,15,控え,0,0,0,0,0.0
2026/05/24(日) 10:00 キックオフ,上智大学,32,堀江　風雅,3,MF,25,控え,0,3,3,0,0.0
2026/05/24(日) 10:00 キックオフ,上智大学,48,岩永　悠社,不明,FW,10,控え,0,0,0,0,0.0
2026/05/24(日) 10:00 キックオフ,上智大学,50,五十嵐　陽人,2,MF,0,控え,0,0,0,0,0.0
2026/05/24(日) 10:00 キックオフ,上智大学,35,大西　十和,1,FW,0,控え,0,0,0,0,0.0
2026/05/24(日) 10:00 キックオフ,上智大学,80,大島　千虎,2,FW,3,控え,0,1,1,0,0.0
2026/05/24(日) 10:00 キックオフ,朝鮮大学校,1,金 柱相,4,GK,90,先発,0,0,0,0,0.0
2026/05/24(日) 10:00 キックオフ,朝鮮大学校,2,沈 瑞輝,3,DF,90,先発,0,2,2,0,0.0
2026/05/24(日) 10:00 キックオフ,朝鮮大学校,4,金 悠宇,4,DF,90,先発,0,0,0,0,0.0
2026/05/24(日) 10:00 キックオフ,朝鮮大学校,16,高　悠邦,2,DF,90,先発,0,0,0,0,0.0
2026/05/24(日) 10:00 キックオフ,朝鮮大学校,10,朴 ソラ,4,MF,90,先発,0,1,1,0,0.0
2026/05/24(日) 10:00 キックオフ,朝鮮大学校,13,李　京樹,不明,MF,90,先発,0,3,3,0,0.0
2026/05/24(日) 10:00 キックオフ,朝鮮大学校,19,金 亨政,3,MF,90,先発,0,0,0,0,0.0
2026/05/24(日) 10:00 キックオフ,朝鮮大学校,21,朴　創嶺,3,MF,90,先発,0,1,1,0,0.0
2026/05/24(日) 10:00 キックオフ,朝鮮大学校,29,鄭 誓華,2,MF,90,先発,1,0,1,0,0.0
2026/05/24(日) 10:00 キックオフ,朝鮮大学校,11,鄭 泰男,4,MF,77,先発,1,0,1,0,0.0
2026/05/24(日) 10:00 キックオフ,朝鮮大学校,14,金 世諒,3,MF,90,先発,4,1,5,0,0.0
2026/05/24(日) 10:00 キックオフ,朝鮮大学校,12,金 利優,4,GK,0,控え,0,0,0,0,0.0
2026/05/24(日) 10:00 キックオフ,朝鮮大学校,15,高 茂邦,4,DF,0,控え,0,0,0,0,0.0
2026/05/24(日) 10:00 キックオフ,朝鮮大学校,25,金　昌希,3,DF,0,控え,0,0,0,0,0.0
2026/05/24(日) 10:00 キックオフ,朝鮮大学校,8,李　良成,1,MF,0,控え,0,0,0,0,0.0
2026/05/24(日) 10:00 キックオフ,朝鮮大学校,23,チョ ヘフィ,4,MF,0,控え,0,0,0,0,0.0
2026/05/24(日) 10:00 キックオフ,朝鮮大学校,22,朴　才雄,1,FW,13,控え,0,0,0,0,0.0
2026/05/24(日) 10:00 キックオフ,朝鮮大学校,27,金　毅昂,2,MF,0,控え,0,0,0,0,0.0
2026/05/24(日) 15:30 キックオフ,桜美林大学,90,三治　陽空,2,GK,90,先発,0,0,0,0,0.0
2026/05/24(日) 15:30 キックオフ,桜美林大学,5,高井　翔麻,3,DF,90,先発,1,1,2,0,0.0
2026/05/24(日) 15:30 キックオフ,桜美林大学,15,大崎　陽斗,4,DF,90,先発,0,0,0,0,0.0
2026/05/24(日) 15:30 キックオフ,桜美林大学,44,堀江　響希,3,DF,90,先発,0,1,1,0,0.0
2026/05/24(日) 15:30 キックオフ,桜美林大学,88,山本　陵聖,4,DF,90,先発,0,0,0,0,0.0
2026/05/24(日) 15:30 キックオフ,桜美林大学,22,高橋　陽翔,4,DF,90,先発,3,4,7,0,0.0
2026/05/24(日) 15:30 キックオフ,桜美林大学,6,吉川　遥人,4,MF,90,先発,0,1,1,0,0.0
2026/05/24(日) 15:30 キックオフ,桜美林大学,21,菊地　琉世,4,MF,56,先発,2,1,3,0,0.0
2026/05/24(日) 15:30 キックオフ,桜美林大学,7,佐藤　天真,4,MF,90,先発,1,0,1,0,0.0
2026/05/24(日) 15:30 キックオフ,桜美林大学,96,木村　恵真,1,MF,63,先発,1,0,1,0,0.0
2026/05/24(日) 15:30 キックオフ,桜美林大学,25,大成　春斗,4,FW,81,先発,1,0,1,0,0.0
2026/05/24(日) 15:30 キックオフ,桜美林大学,41,尾﨑　克蔵,2,GK,0,控え,0,0,0,0,0.0
2026/05/24(日) 15:30 キックオフ,桜美林大学,10,石澤　海陽,4,FW,34,控え,0,1,1,1,100.0
2026/05/24(日) 15:30 キックオフ,桜美林大学,20,倉橋　正吾,4,FW,9,控え,0,0,0,0,0.0
2026/05/24(日) 15:30 キックオフ,桜美林大学,23,和田　倖輔,3,MF,0,控え,0,0,0,0,0.0
2026/05/24(日) 15:30 キックオフ,桜美林大学,14,田名部　勇,4,MF,0,控え,0,0,0,0,0.0
2026/05/24(日) 15:30 キックオフ,桜美林大学,9,斎藤　翔太,4,MF,0,控え,0,0,0,0,0.0
2026/05/24(日) 15:30 キックオフ,桜美林大学,67,細谷　隼生,2,DF,27,控え,0,0,0,0,0.0
2026/05/24(日) 15:30 キックオフ,桜美林大学,29,松並木 　梁仁,1,DF,0,控え,0,0,0,0,0.0
2026/05/24(日) 15:30 キックオフ,桜美林大学,31,牧野　歩,1,DF,0,控え,0,0,0,0,0.0
2026/05/24(日) 15:30 キックオフ,玉川大学,16,今村　光汰,4,GK,90,先発,0,0,0,0,0.0
2026/05/24(日) 15:30 キックオフ,玉川大学,3,信賀　有希,4,DF,90,先発,0,0,0,0,0.0
2026/05/24(日) 15:30 キックオフ,玉川大学,7,森岡　大地,4,MF,90,先発,0,0,0,0,0.0
2026/05/24(日) 15:30 キックオフ,玉川大学,37,清水　彩生,1,DF,90,先発,0,0,0,0,0.0
2026/05/24(日) 15:30 キックオフ,玉川大学,36,上野　湊,3,DF,74,先発,0,0,0,0,0.0
2026/05/24(日) 15:30 キックオフ,玉川大学,11,中村　隼人,4,MF,78,先発,0,0,0,0,0.0
2026/05/24(日) 15:30 キックオフ,玉川大学,14,林　雄琉,4,MF,85,先発,1,0,1,0,0.0
2026/05/24(日) 15:30 キックオフ,玉川大学,10,内田　凜,4,MF,90,先発,0,1,1,0,0.0
2026/05/24(日) 15:30 キックオフ,玉川大学,23,國本　純成,3,MF,85,先発,1,2,3,0,0.0
2026/05/24(日) 15:30 キックオフ,玉川大学,26,杉山　和勢,2,MF,90,先発,0,1,1,0,0.0
2026/05/24(日) 15:30 キックオフ,玉川大学,24,前田　陽平,1,MF,90,先発,1,1,2,1,50.0
2026/05/24(日) 15:30 キックオフ,玉川大学,1,大熊　大輔,1,GK,0,控え,0,0,0,0,0.0
2026/05/24(日) 15:30 キックオフ,玉川大学,27,楠山　奈音,3,DF,0,控え,0,0,0,0,0.0
2026/05/24(日) 15:30 キックオフ,玉川大学,34,坂本　佳晴,2,MF,0,控え,0,0,0,0,0.0
2026/05/24(日) 15:30 キックオフ,玉川大学,19,国谷　康太,3,FW,0,控え,0,0,0,0,0.0
2026/05/24(日) 15:30 キックオフ,玉川大学,18,佐久間　駿喜,3,FW,5,控え,0,0,0,0,0.0
2026/05/24(日) 15:30 キックオフ,玉川大学,22,歳森　杏介,2,MF,5,控え,0,0,0,0,0.0
2026/05/24(日) 15:30 キックオフ,玉川大学,15,丸尾　航琉,4,DF,16,控え,0,0,0,0,0.0
2026/05/24(日) 15:30 キックオフ,玉川大学,9,島　任平,2,DF,12,控え,0,0,0,0,0.0
2026/05/24(日) 15:30 キックオフ,玉川大学,5,松井　琢磨,2,DF,0,控え,0,0,0,0,0.0
2026/05/30(土) 12:45 キックオフ,横浜国立大学（神奈川県）,1,神山　洋輝,4,GK,90,先発,0,0,0,0,0.0
2026/05/30(土) 12:45 キックオフ,横浜国立大学（神奈川県）,3,髙木　直,2,MF,90,先発,1,1,2,1,50.0
2026/05/30(土) 12:45 キックオフ,横浜国立大学（神奈川県）,5,大西　遼久,4,DF,90,先発,0,0,0,0,0.0
2026/05/30(土) 12:45 キックオフ,横浜国立大学（神奈川県）,7,立入　光記,4,MF,90,先発,3,1,4,0,0.0
2026/05/30(土) 12:45 キックオフ,横浜国立大学（神奈川県）,8,小宮　昂大,3,MF,90,先発,1,0,1,0,0.0
2026/05/30(土) 12:45 キックオフ,横浜国立大学（神奈川県）,10,原子　泰地,4,FW,90,先発,2,2,4,1,25.0
2026/05/30(土) 12:45 キックオフ,横浜国立大学（神奈川県）,13,竹中　暖喜,3,DF,90,先発,2,1,3,0,0.0
2026/05/30(土) 12:45 キックオフ,横浜国立大学（神奈川県）,26,加藤　士門,4,FW,90,先発,1,0,1,0,0.0
2026/05/30(土) 12:45 キックオフ,横浜国立大学（神奈川県）,28,田邉　快斗,1,DF,40,先発,1,0,1,0,0.0
2026/05/30(土) 12:45 キックオフ,横浜国立大学（神奈川県）,33,中村　朗莞,3,FW,80,先発,0,0,0,0,0.0
2026/05/30(土) 12:45 キックオフ,横浜国立大学（神奈川県）,36,井上　愛翔,2,MF,90,先発,1,1,2,0,0.0
2026/05/30(土) 12:45 キックオフ,横浜国立大学（神奈川県）,6,渡邊　元気,2,MF,0,控え,0,0,0,0,0.0
2026/05/30(土) 12:45 キックオフ,横浜国立大学（神奈川県）,9,篠崎　開惺,3,FW,0,控え,0,0,0,0,0.0
2026/05/30(土) 12:45 キックオフ,横浜国立大学（神奈川県）,11,島田　健央,4,FW,10,控え,0,0,0,0,0.0
2026/05/30(土) 12:45 キックオフ,横浜国立大学（神奈川県）,15,櫻井　恵太,2,MF,50,控え,0,2,2,0,0.0
2026/05/30(土) 12:45 キックオフ,横浜国立大学（神奈川県）,17,小川　和真,3,FW,0,控え,0,0,0,0,0.0
2026/05/30(土) 12:45 キックオフ,横浜国立大学（神奈川県）,21,川瀬　統己,4,GK,0,控え,0,0,0,0,0.0
2026/05/30(土) 12:45 キックオフ,横浜国立大学（神奈川県）,22,鈴木　啓太,4,DF,5,控え,0,0,0,0,0.0
2026/05/30(土) 12:45 キックオフ,横浜国立大学（神奈川県）,30,中野　楓麻,4,DF,0,控え,0,0,0,0,0.0
2026/05/30(土) 12:45 キックオフ,横浜国立大学（神奈川県）,40,小島　滉人,4,DF,0,控え,0,0,0,0,0.0
2026/05/30(土) 12:45 キックオフ,神奈川工科大学（神奈川県）,3,五十嵐　晴生,3,DF,90,先発,0,0,0,0,0.0
2026/05/30(土) 12:45 キックオフ,神奈川工科大学（神奈川県）,4,吉田　太陽,3,DF,90,先発,0,0,0,1,0.0
2026/05/30(土) 12:45 キックオフ,神奈川工科大学（神奈川県）,6,石塚　快,3,MF,90,先発,0,1,1,0,0.0
2026/05/30(土) 12:45 キックオフ,神奈川工科大学（神奈川県）,7,小林　優介,3,MF,90,先発,0,1,1,0,0.0
2026/05/30(土) 12:45 キックオフ,神奈川工科大学（神奈川県）,9,功刀　崇斗,4,FW,90,先発,0,0,0,0,0.0
2026/05/30(土) 12:45 キックオフ,神奈川工科大学（神奈川県）,10,小林　暢,4,MF,90,先発,1,1,2,0,0.0
2026/05/30(土) 12:45 キックオフ,神奈川工科大学（神奈川県）,11,平田　竜誠,4,DF,80,先発,1,0,1,0,0.0
2026/05/30(土) 12:45 キックオフ,神奈川工科大学（神奈川県）,12,川瀬　桜介,1,FW,64,先発,0,0,0,0,0.0
2026/05/30(土) 12:45 キックオフ,神奈川工科大学（神奈川県）,15,林　晃希,2,DF,67,先発,0,0,0,0,0.0
2026/05/30(土) 12:45 キックオフ,神奈川工科大学（神奈川県）,29,常盤　啓太,1,DF,90,先発,0,0,0,0,0.0
2026/05/30(土) 12:45 キックオフ,神奈川工科大学（神奈川県）,30,大久保　陸翔,1,GK,90,先発,0,0,0,0,0.0
2026/05/30(土) 12:45 キックオフ,神奈川工科大学（神奈川県）,2,菅原　颯太郎,3,DF,0,控え,0,0,0,0,0.0
2026/05/30(土) 12:45 キックオフ,神奈川工科大学（神奈川県）,8,春原　	哲汰,3,MF,23,控え,0,0,0,0,0.0
2026/05/30(土) 12:45 キックオフ,神奈川工科大学（神奈川県）,13,齊藤　大翔,1,MF,0,控え,0,0,0,0,0.0
2026/05/30(土) 12:45 キックオフ,神奈川工科大学（神奈川県）,16,牛山　航,1,GK,0,控え,0,0,0,0,0.0
2026/05/30(土) 12:45 キックオフ,神奈川工科大学（神奈川県）,19,脇屋　颯人,1,FW,26,控え,0,0,0,0,0.0
2026/05/30(土) 12:45 キックオフ,神奈川工科大学（神奈川県）,22,吉谷　颯,3,DF,10,控え,0,0,0,0,0.0
2026/05/30(土) 12:45 キックオフ,神奈川工科大学（神奈川県）,25,和田　岳空,1,MF,0,控え,0,0,0,0,0.0
2026/05/30(土) 12:45 キックオフ,神奈川工科大学（神奈川県）,26,平野　龍斗,1,DF,0,控え,0,0,0,0,0.0
2026/05/30(土) 12:45 キックオフ,神奈川工科大学（神奈川県）,27,宮代　匠,4,MF,0,控え,0,0,0,0,0.0
2026/05/30(土) 14:45 キックオフ,日本大学文理学部,91,嶋﨑 寛大,4,GK,90,先発,0,0,0,0,0.0
2026/05/30(土) 14:45 キックオフ,日本大学文理学部,2,横山 聡大,2,DF,90,先発,0,1,1,0,0.0
2026/05/30(土) 14:45 キックオフ,日本大学文理学部,3,北村 翼,3,DF,90,先発,0,0,0,0,0.0
2026/05/30(土) 14:45 キックオフ,日本大学文理学部,25,間 琥太朗,3,DF,90,先発,0,0,0,0,0.0
2026/05/30(土) 14:45 キックオフ,日本大学文理学部,37,清水 佑,3,DF,90,先発,0,0,0,0,0.0
2026/05/30(土) 14:45 キックオフ,日本大学文理学部,93,小川 寧大,3,DF,90,先発,1,0,1,0,0.0
2026/05/30(土) 14:45 キックオフ,日本大学文理学部,10,城田 優,4,MF,90,先発,0,1,1,0,0.0
2026/05/30(土) 14:45 キックオフ,日本大学文理学部,14,葛西 由晏,2,MF,90,先発,1,3,4,0,0.0
2026/05/30(土) 14:45 キックオフ,日本大学文理学部,46,鈴木 堅斗,4,MF,69,先発,0,0,0,0,0.0
2026/05/30(土) 14:45 キックオフ,日本大学文理学部,65,千葉　海斗,1,MF,79,先発,0,0,0,0,0.0
2026/05/30(土) 14:45 キックオフ,日本大学文理学部,98,久場 莉稀,3,MF,64,先発,2,0,2,1,50.0
2026/05/30(土) 14:45 キックオフ,日本大学文理学部,32,加藤 匠,2,GK,0,控え,0,0,0,0,0.0
2026/05/30(土) 14:45 キックオフ,日本大学文理学部,33,渋谷 竜聖,3,DF,0,控え,0,0,0,0,0.0
2026/05/30(土) 14:45 キックオフ,日本大学文理学部,77,新門 一晏,2,DF,0,控え,0,0,0,0,0.0
2026/05/30(土) 14:45 キックオフ,日本大学文理学部,5,星 恒輝,3,MF,26,控え,0,0,0,0,0.0
2026/05/30(土) 14:45 キックオフ,日本大学文理学部,31,伊東　拓海,1,MF,0,控え,0,0,0,0,0.0
2026/05/30(土) 14:45 キックオフ,日本大学文理学部,11,矢田 涼太郎,3,FW,0,控え,0,0,0,0,0.0
2026/05/30(土) 14:45 キックオフ,日本大学文理学部,18,中村 陶冶,1,FW,0,控え,0,0,0,0,0.0
2026/05/30(土) 14:45 キックオフ,日本大学文理学部,28,谷口 莉都,2,FW,11,控え,0,1,1,0,0.0
2026/05/30(土) 14:45 キックオフ,日本大学文理学部,9,遠田 凌,4,FW,21,控え,0,2,2,1,50.0
2026/05/30(土) 14:45 キックオフ,上智大学,1,藤田　大輝,4,GK,90,先発,0,0,0,0,0.0
2026/05/30(土) 14:45 キックオフ,上智大学,19,湯浦　崇斗,1,DF,90,先発,0,1,1,0,0.0
2026/05/30(土) 14:45 キックオフ,上智大学,97,須田　悠斗,2,DF,90,先発,0,0,0,0,0.0
2026/05/30(土) 14:45 キックオフ,上智大学,3,松本　和輝,3,DF,90,先発,1,0,1,0,0.0
2026/05/30(土) 14:45 キックオフ,上智大学,33,村田　幸基,1,DF,90,先発,1,0,1,1,100.0
2026/05/30(土) 14:45 キックオフ,上智大学,81,福尾　涼太,1,MF,79,先発,0,0,0,0,0.0
2026/05/30(土) 14:45 キックオフ,上智大学,6,荒川　哲平,3,MF,90,先発,0,0,0,0,0.0
2026/05/30(土) 14:45 キックオフ,上智大学,44,山崎　颯介,2,MF,90,先発,0,0,0,0,0.0
2026/05/30(土) 14:45 キックオフ,上智大学,8,福島　広大,4,MF,64,先発,2,1,3,0,0.0
2026/05/30(土) 14:45 キックオフ,上智大学,10,塙　　仁成,4,MF,88,先発,1,2,3,0,0.0
2026/05/30(土) 14:45 キックオフ,上智大学,9,田中　佑樹,3,FW,90,先発,0,2,2,0,0.0
2026/05/30(土) 14:45 キックオフ,上智大学,20,川島　晴空,3,DF,0,控え,0,0,0,0,0.0
2026/05/30(土) 14:45 キックオフ,上智大学,26,宇野　伶,3,DF,0,控え,0,0,0,0,0.0
2026/05/30(土) 14:45 キックオフ,上智大学,38,瀧川　廉,1,DF,0,控え,0,0,0,0,0.0
2026/05/30(土) 14:45 キックオフ,上智大学,11,笠原　真尋,3,MF,26,控え,0,1,1,0,0.0
2026/05/30(土) 14:45 キックオフ,上智大学,17,白坂　航大,4,MF,0,控え,0,0,0,0,0.0
2026/05/30(土) 14:45 キックオフ,上智大学,32,堀江　風雅,3,MF,2,控え,0,0,0,0,0.0
2026/05/30(土) 14:45 キックオフ,上智大学,50,五十嵐　陽人,2,MF,0,控え,0,0,0,0,0.0
2026/05/30(土) 14:45 キックオフ,上智大学,80,大島　千虎,2,FW,11,控え,0,0,0,0,0.0
2026/05/30(土) 14:45 キックオフ,上智大学,35,大西　十和,1,FW,0,控え,0,0,0,0,0.0
2026/05/31(日) 10:00 キックオフ,武蔵大学,31,湯浅　世琉亜,3,GK,90,先発,0,0,0,0,0.0
2026/05/31(日) 10:00 キックオフ,武蔵大学,28,藤田　和,2,MF,90,先発,0,0,0,0,0.0
2026/05/31(日) 10:00 キックオフ,武蔵大学,4,小野寺　拓巳,2,DF,68,先発,0,0,0,0,0.0
2026/05/31(日) 10:00 キックオフ,武蔵大学,19,加藤　大聖,4,DF,90,先発,0,0,0,0,0.0
2026/05/31(日) 10:00 キックオフ,武蔵大学,22,水越　大心,3,MF,90,先発,0,0,0,0,0.0
2026/05/31(日) 10:00 キックオフ,武蔵大学,33,宇野　大稀,2,MF,90,先発,0,0,0,0,0.0
2026/05/31(日) 10:00 キックオフ,武蔵大学,32,中西　智哉,1,MF,45,先発,1,0,1,0,0.0
2026/05/31(日) 10:00 キックオフ,武蔵大学,11,田辺　伊吹,4,FW,82,先発,1,0,1,0,0.0
2026/05/31(日) 10:00 キックオフ,武蔵大学,8,中里　春輝,4,DF,73,先発,0,0,0,0,0.0
2026/05/31(日) 10:00 キックオフ,武蔵大学,14,石塚　優斗,3,MF,90,先発,1,0,1,0,0.0
2026/05/31(日) 10:00 キックオフ,武蔵大学,47,廣井　悠真,2,FW,90,先発,1,0,1,0,0.0
2026/05/31(日) 10:00 キックオフ,武蔵大学,1,重山　武史,4,GK,0,控え,0,0,0,0,0.0
2026/05/31(日) 10:00 キックオフ,武蔵大学,5,瀧川　穣,4,DF,0,控え,0,0,0,0,0.0
2026/05/31(日) 10:00 キックオフ,武蔵大学,3,中嶋　惇仁,4,DF,22,控え,0,0,0,0,0.0
2026/05/31(日) 10:00 キックオフ,武蔵大学,34,島田　康誠,2,DF,0,控え,0,0,0,0,0.0
2026/05/31(日) 10:00 キックオフ,武蔵大学,37,関口　陽大,2,MF,17,控え,0,0,0,0,0.0
2026/05/31(日) 10:00 キックオフ,武蔵大学,42,加藤　陽也,1,MF,0,控え,0,0,0,0,0.0
2026/05/31(日) 10:00 キックオフ,武蔵大学,50,甲斐田　裕大,2,MF,45,控え,0,0,0,0,0.0
2026/05/31(日) 10:00 キックオフ,武蔵大学,49,宮本　理央,1,MF,8,控え,0,0,0,0,0.0
2026/05/31(日) 10:00 キックオフ,武蔵大学,12,川口　陽誠,1,FW,0,控え,0,0,0,0,0.0
2026/05/31(日) 10:00 キックオフ,大東文化大学,31,佐藤　晴翔,2,GK,90,先発,0,0,0,0,0.0
2026/05/31(日) 10:00 キックオフ,大東文化大学,18,青　海斗,3,DF,90,先発,0,0,0,0,0.0
2026/05/31(日) 10:00 キックオフ,大東文化大学,5,池羽　　航輝,4,DF,90,先発,0,0,0,0,0.0
2026/05/31(日) 10:00 キックオフ,大東文化大学,22,髙野　　広大,2,DF,71,先発,0,0,0,0,0.0
2026/05/31(日) 10:00 キックオフ,大東文化大学,2,猿山　　和輝,4,DF,90,先発,0,0,0,0,0.0
2026/05/31(日) 10:00 キックオフ,大東文化大学,88,松本　浩輝,3,MF,63,先発,0,0,0,0,0.0
2026/05/31(日) 10:00 キックオフ,大東文化大学,41,佃　孝太,2,MF,90,先発,1,0,1,0,0.0
2026/05/31(日) 10:00 キックオフ,大東文化大学,11,舘　颯之介,4,MF,90,先発,0,0,0,0,0.0
2026/05/31(日) 10:00 キックオフ,大東文化大学,7,笠原　　壮瑠,4,FW,60,先発,1,0,1,0,0.0
2026/05/31(日) 10:00 キックオフ,大東文化大学,16,栗栖　晴己,3,MF,60,先発,2,0,2,1,50.0
2026/05/31(日) 10:00 キックオフ,大東文化大学,29,佐藤　大心,2,MF,90,先発,1,0,1,0,0.0
2026/05/31(日) 10:00 キックオフ,大東文化大学,12,妹尾　典,4,GK,0,控え,0,0,0,0,0.0
2026/05/31(日) 10:00 キックオフ,大東文化大学,46,金子　潤,2,DF,0,控え,0,0,0,0,0.0
2026/05/31(日) 10:00 キックオフ,大東文化大学,3,雨宮　　壮汰,3,DF,19,控え,0,0,0,0,0.0
2026/05/31(日) 10:00 キックオフ,大東文化大学,28,田中　颯人,2,DF,0,控え,0,0,0,0,0.0
2026/05/31(日) 10:00 キックオフ,大東文化大学,27,津田　　楓真,2,DF,27,控え,0,0,0,0,0.0
2026/05/31(日) 10:00 キックオフ,大東文化大学,13,佐久間　勇斗,3,MF,0,控え,0,0,0,0,0.0
2026/05/31(日) 10:00 キックオフ,大東文化大学,9,熊田　　裕,4,MF,0,控え,0,0,0,0,0.0
2026/05/31(日) 10:00 キックオフ,大東文化大学,96,奥田　大翔,2,FW,30,控え,0,0,0,0,0.0
2026/05/31(日) 10:00 キックオフ,大東文化大学,43,並木　俊輔,2,MF,30,控え,0,0,0,0,0.0
2026/05/31(日) 13:30 キックオフ,東京経済大学,12,中村　裕大,2,GK,90,先発,0,0,0,0,0.0
2026/05/31(日) 13:30 キックオフ,東京経済大学,5,内田　雄真,2,DF,90,先発,0,0,0,0,0.0
2026/05/31(日) 13:30 キックオフ,東京経済大学,6,松井　一晟,3,DF,90,先発,0,0,0,0,0.0
2026/05/31(日) 13:30 キックオフ,東京経済大学,3,古澤　友麻,3,MF,90,先発,0,0,0,0,0.0
2026/05/31(日) 13:30 キックオフ,東京経済大学,7,大塚　恭生,3,MF,90,先発,3,0,3,0,0.0
2026/05/31(日) 13:30 キックオフ,東京経済大学,8,河西　透和,不明,MF,90,先発,2,0,2,0,0.0
2026/05/31(日) 13:30 キックオフ,東京経済大学,10,伊崎　耕紀,4,MF,90,先発,1,0,1,0,0.0
2026/05/31(日) 13:30 キックオフ,東京経済大学,13,宮﨑　悠斗,3,MF,31,先発,0,0,0,0,0.0
2026/05/31(日) 13:30 キックオフ,東京経済大学,16,村松　晴登,3,MF,82,先発,2,1,3,0,0.0
2026/05/31(日) 13:30 キックオフ,東京経済大学,17,吉儀　大,3,MF,86,先発,2,2,4,1,25.0
2026/05/31(日) 13:30 キックオフ,東京経済大学,29,駒田　晴生,3,MF,63,先発,0,2,2,0,0.0
2026/05/31(日) 13:30 キックオフ,東京経済大学,22,村野　　大輝,3,GK,0,控え,0,0,0,0,0.0
2026/05/31(日) 13:30 キックオフ,東京経済大学,4,北林　嶺,3,DF,4,控え,0,0,0,0,0.0
2026/05/31(日) 13:30 キックオフ,東京経済大学,24,川村　大樹,2,DF,0,控え,0,0,0,0,0.0
2026/05/31(日) 13:30 キックオフ,東京経済大学,26,田中　大夢,不明,DF,0,控え,0,0,0,0,0.0
2026/05/31(日) 13:30 キックオフ,東京経済大学,19,山田　士雄,2,MF,8,控え,0,0,0,0,0.0
2026/05/31(日) 13:30 キックオフ,東京経済大学,31,市川　聖龍,1,MF,13,控え,0,0,0,0,0.0
2026/05/31(日) 13:30 キックオフ,東京経済大学,11,前島　陽向,4,FW,27,控え,0,1,1,0,0.0
2026/05/31(日) 13:30 キックオフ,東京経済大学,14,中島　洋之介,3,FW,59,控え,1,1,2,0,0.0
2026/05/31(日) 13:30 キックオフ,東京経済大学,20,小河原　瑛太,2,FW,0,控え,0,0,0,0,0.0
2026/05/31(日) 13:30 キックオフ,桜美林大学,90,三治　陽空,2,GK,90,先発,0,0,0,0,0.0
2026/05/31(日) 13:30 キックオフ,桜美林大学,5,高井　翔麻,3,DF,90,先発,0,1,1,0,0.0
2026/05/31(日) 13:30 キックオフ,桜美林大学,67,細谷　隼生,2,DF,63,先発,1,0,1,0,0.0
2026/05/31(日) 13:30 キックオフ,桜美林大学,44,堀江　響希,3,DF,90,先発,0,0,0,0,0.0
2026/05/31(日) 13:30 キックオフ,桜美林大学,88,山本　陵聖,4,DF,90,先発,0,0,0,0,0.0
2026/05/31(日) 13:30 キックオフ,桜美林大学,22,高橋　陽翔,4,DF,90,先発,2,0,2,0,0.0
2026/05/31(日) 13:30 キックオフ,桜美林大学,6,吉川　遥人,4,MF,90,先発,0,0,0,0,0.0
2026/05/31(日) 13:30 キックオフ,桜美林大学,21,菊地　琉世,4,MF,63,先発,0,0,0,0,0.0
2026/05/31(日) 13:30 キックオフ,桜美林大学,7,佐藤　天真,4,MF,77,先発,0,0,0,0,0.0
2026/05/31(日) 13:30 キックオフ,桜美林大学,10,石澤　海陽,4,FW,86,先発,0,1,1,0,0.0
2026/05/31(日) 13:30 キックオフ,桜美林大学,25,大成　春斗,4,FW,77,先発,1,2,3,0,0.0
2026/05/31(日) 13:30 キックオフ,桜美林大学,41,尾﨑　克蔵,2,GK,0,控え,0,0,0,0,0.0
2026/05/31(日) 13:30 キックオフ,桜美林大学,20,倉橋　正吾,4,FW,13,控え,0,0,0,0,0.0
2026/05/31(日) 13:30 キックオフ,桜美林大学,96,木村　恵真,1,MF,27,控え,0,1,1,0,0.0
2026/05/31(日) 13:30 キックオフ,桜美林大学,9,斎藤　翔太,4,MF,0,控え,0,0,0,0,0.0
2026/05/31(日) 13:30 キックオフ,桜美林大学,14,田名部　勇,4,MF,13,控え,0,0,0,0,0.0
2026/05/31(日) 13:30 キックオフ,桜美林大学,50,丸田　楽空,1,MF,0,控え,0,0,0,0,0.0
2026/05/31(日) 13:30 キックオフ,桜美林大学,68,三浦　瑠恩,1,MF,4,控え,0,0,0,0,0.0
2026/05/31(日) 13:30 キックオフ,桜美林大学,15,大崎　陽斗,4,DF,27,控え,0,0,0,0,0.0
2026/05/31(日) 13:30 キックオフ,桜美林大学,31,牧野　歩,1,DF,0,控え,0,0,0,0,0.0
2026/05/31(日) 15:00 キックオフ,玉川大学,3,信賀　有希,4,DF,90,先発,0,0,0,0,0.0
2026/05/31(日) 15:00 キックオフ,玉川大学,7,森岡　大地,4,MF,90,先発,1,1,2,0,0.0
2026/05/31(日) 15:00 キックオフ,玉川大学,9,島　任平,2,DF,54,先発,0,0,0,0,0.0
2026/05/31(日) 15:00 キックオフ,玉川大学,10,内田　凜,4,MF,90,先発,0,0,0,0,0.0
2026/05/31(日) 15:00 キックオフ,玉川大学,14,林　雄琉,4,MF,60,先発,0,0,0,0,0.0
2026/05/31(日) 15:00 キックオフ,玉川大学,16,今村　光汰,4,GK,90,先発,0,0,0,0,0.0
2026/05/31(日) 15:00 キックオフ,玉川大学,23,國本　純成,3,MF,90,先発,0,1,1,0,0.0
2026/05/31(日) 15:00 キックオフ,玉川大学,24,前田　陽平,1,MF,90,先発,0,1,1,0,0.0
2026/05/31(日) 15:00 キックオフ,玉川大学,26,杉山　和勢,2,MF,60,先発,0,0,0,0,0.0
2026/05/31(日) 15:00 キックオフ,玉川大学,36,上野　湊,3,DF,90,先発,0,0,0,0,0.0
2026/05/31(日) 15:00 キックオフ,玉川大学,37,清水　彩生,1,DF,90,先発,0,0,0,0,0.0
2026/05/31(日) 15:00 キックオフ,玉川大学,1,大熊　大輔,1,GK,0,控え,0,0,0,0,0.0
2026/05/31(日) 15:00 キックオフ,玉川大学,5,松井　琢磨,2,DF,0,控え,0,0,0,0,0.0
2026/05/31(日) 15:00 キックオフ,玉川大学,15,丸尾　航琉,4,DF,36,控え,0,0,0,0,0.0
2026/05/31(日) 15:00 キックオフ,玉川大学,18,佐久間　駿喜,3,FW,30,控え,0,0,0,0,0.0
2026/05/31(日) 15:00 キックオフ,玉川大学,19,国谷　康太,3,FW,0,控え,0,0,0,0,0.0
2026/05/31(日) 15:00 キックオフ,玉川大学,22,歳森　杏介,2,MF,30,控え,0,1,1,1,100.0
2026/05/31(日) 15:00 キックオフ,玉川大学,27,楠山　奈音,3,DF,0,控え,0,0,0,0,0.0
2026/05/31(日) 15:00 キックオフ,玉川大学,34,坂本　佳晴,2,MF,0,控え,0,0,0,0,0.0
2026/05/31(日) 15:00 キックオフ,帝京大学,1,佐藤 翔,3,GK,90,先発,0,0,0,0,0.0
2026/05/31(日) 15:00 キックオフ,帝京大学,3,船木 匡太朗,2,DF,90,先発,1,0,1,0,0.0
2026/05/31(日) 15:00 キックオフ,帝京大学,6,近江 智哉,2,MF,45,先発,0,0,0,0,0.0
2026/05/31(日) 15:00 キックオフ,帝京大学,8,桒原 一斗,3,MF,90,先発,0,1,1,0,0.0
2026/05/31(日) 15:00 キックオフ,帝京大学,13,沢 柊斗,4,MF,62,先発,2,0,2,1,50.0
2026/05/31(日) 15:00 キックオフ,帝京大学,14,藤田 晴,4,FW,90,先発,0,2,2,1,50.0
2026/05/31(日) 15:00 キックオフ,帝京大学,17,當間 晴琉,3,DF,55,先発,0,0,0,0,0.0
2026/05/31(日) 15:00 キックオフ,帝京大学,32,矢野　琉瑚,3,DF,90,先発,0,0,0,0,0.0
2026/05/31(日) 15:00 キックオフ,帝京大学,35,古村　大和,3,DF,48,先発,0,0,0,0,0.0
2026/05/31(日) 15:00 キックオフ,帝京大学,38,栗田　遼真,1,DF,77,先発,0,0,0,0,0.0
2026/05/31(日) 15:00 キックオフ,帝京大学,40,田中　菱,1,DF,90,先発,0,0,0,0,0.0
2026/05/31(日) 15:00 キックオフ,帝京大学,4,福平 太一,4,DF,0,控え,0,0,0,0,0.0
2026/05/31(日) 15:00 キックオフ,帝京大学,5,小林 侑希,2,DF,0,控え,0,0,0,0,0.0
2026/05/31(日) 15:00 キックオフ,帝京大学,9,緒方 快青,4,MF,42,控え,0,6,6,3,50.0
2026/05/31(日) 15:00 キックオフ,帝京大学,12,牧野 長太朗,2,GK,0,控え,0,0,0,0,0.0
2026/05/31(日) 15:00 キックオフ,帝京大学,16,池内 優介,3,DF,35,控え,0,1,1,0,0.0
2026/05/31(日) 15:00 キックオフ,帝京大学,26,桾澤 琢太,3,MF,0,控え,0,0,0,0,0.0
2026/05/31(日) 15:00 キックオフ,帝京大学,36,茂木　勇樹,1,MF,45,控え,0,1,1,0,0.0
2026/05/31(日) 15:00 キックオフ,帝京大学,39,本間　竜有,1,DF,28,控え,0,0,0,0,0.0
2026/05/31(日) 15:00 キックオフ,帝京大学,44,加藤　慧,1,FW,13,控え,0,1,1,0,0.0
2026/05/31(日) 17:00 キックオフ,朝鮮大学校,1,金 柱相,4,GK,90,先発,0,0,0,0,0.0
2026/05/31(日) 17:00 キックオフ,朝鮮大学校,2,沈 瑞輝,3,DF,90,先発,0,0,0,0,0.0
2026/05/31(日) 17:00 キックオフ,朝鮮大学校,4,金 悠宇,4,DF,90,先発,0,0,0,0,0.0
2026/05/31(日) 17:00 キックオフ,朝鮮大学校,16,高　悠邦,2,DF,90,先発,0,0,0,0,0.0
2026/05/31(日) 17:00 キックオフ,朝鮮大学校,10,朴 ソラ,4,MF,86,先発,0,1,1,0,0.0
2026/05/31(日) 17:00 キックオフ,朝鮮大学校,13,李　京樹,不明,MF,75,先発,0,0,0,0,0.0
2026/05/31(日) 17:00 キックオフ,朝鮮大学校,19,金 亨政,3,MF,90,先発,2,0,2,0,0.0
2026/05/31(日) 17:00 キックオフ,朝鮮大学校,21,朴　創嶺,3,MF,55,先発,0,0,0,0,0.0
2026/05/31(日) 17:00 キックオフ,朝鮮大学校,29,鄭 誓華,2,MF,90,先発,0,0,0,0,0.0
2026/05/31(日) 17:00 キックオフ,朝鮮大学校,11,鄭 泰男,4,FW,90,先発,1,1,2,0,0.0
2026/05/31(日) 17:00 キックオフ,朝鮮大学校,14,金 世諒,3,MF,90,先発,0,0,0,0,0.0
2026/05/31(日) 17:00 キックオフ,朝鮮大学校,12,金 利優,4,GK,0,控え,0,0,0,0,0.0
2026/05/31(日) 17:00 キックオフ,朝鮮大学校,3,李　星琉,1,DF,0,控え,0,0,0,0,0.0
2026/05/31(日) 17:00 キックオフ,朝鮮大学校,15,高 茂邦,4,DF,0,控え,0,0,0,0,0.0
2026/05/31(日) 17:00 キックオフ,朝鮮大学校,25,金　昌希,3,DF,35,控え,0,0,0,0,0.0
2026/05/31(日) 17:00 キックオフ,朝鮮大学校,22,朴　才雄,1,FW,0,控え,0,0,0,0,0.0
2026/05/31(日) 17:00 キックオフ,朝鮮大学校,23,チョ ヘフィ,4,MF,4,控え,0,0,0,0,0.0
2026/05/31(日) 17:00 キックオフ,朝鮮大学校,27,金　毅昂,2,MF,0,控え,0,0,0,0,0.0
2026/05/31(日) 17:00 キックオフ,朝鮮大学校,7,金 民学,4,FW,15,控え,0,0,0,0,0.0
2026/05/31(日) 17:00 キックオフ,学習院大学,1,若尾　林太朗,3,GK,90,先発,0,0,0,0,0.0
2026/05/31(日) 17:00 キックオフ,学習院大学,3,中川　賢人,3,DF,90,先発,0,0,0,0,0.0
2026/05/31(日) 17:00 キックオフ,学習院大学,5,小林　恭輔,4,DF,90,先発,0,0,0,0,0.0
2026/05/31(日) 17:00 キックオフ,学習院大学,13,梶　圭朝,2,DF,78,先発,0,0,0,0,0.0
2026/05/31(日) 17:00 キックオフ,学習院大学,6,神山　晃太,3,MF,90,先発,0,0,0,0,0.0
2026/05/31(日) 17:00 キックオフ,学習院大学,10,小林　千紘,4,MF,90,先発,2,2,4,2,50.0
2026/05/31(日) 17:00 キックオフ,学習院大学,11,渡辺　創士,3,MF,90,先発,1,4,5,0,0.0
2026/05/31(日) 17:00 キックオフ,学習院大学,16,藤井　冬威,2,MF,90,先発,0,0,0,0,0.0
2026/05/31(日) 17:00 キックオフ,学習院大学,27,山田   惟斗,1,MF,86,先発,1,0,1,1,100.0
2026/05/31(日) 17:00 キックオフ,学習院大学,28,加藤   大毅,1,MF,90,先発,1,0,1,0,0.0
2026/05/31(日) 17:00 キックオフ,学習院大学,20,北林　星七,2,FW,82,先発,0,0,0,0,0.0
2026/05/31(日) 17:00 キックオフ,学習院大学,12,加藤   俐功,1,GK,0,控え,0,0,0,0,0.0
2026/05/31(日) 17:00 キックオフ,学習院大学,24,柳澤　和希,3,DF,0,控え,0,0,0,0,0.0
2026/05/31(日) 17:00 キックオフ,学習院大学,26,西山   康惺,1,DF,12,控え,0,0,0,0,0.0
2026/05/31(日) 17:00 キックオフ,学習院大学,7,児島　巧海,2,MF,8,控え,0,0,0,0,0.0
2026/05/31(日) 17:00 キックオフ,学習院大学,8,小川　将弥,3,MF,0,控え,0,0,0,0,0.0
2026/05/31(日) 17:00 キックオフ,学習院大学,14,佐藤　友樹,4,MF,0,控え,0,0,0,0,0.0
2026/05/31(日) 17:00 キックオフ,学習院大学,29,端谷   蓮,1,MF,0,控え,0,0,0,0,0.0
2026/05/31(日) 17:00 キックオフ,学習院大学,17,原　壮太,4,FW,4,控え,0,0,0,0,0.0
2026/05/31(日) 17:00 キックオフ,学習院大学,32,岡本   惇之介,1,FW,0,控え,0,0,0,0,0.0
2026/06/06(土) 17:00 キックオフ,大東文化大学,31,佐藤　晴翔,2,GK,90,先発,0,0,0,0,0.0
2026/06/06(土) 17:00 キックオフ,大東文化大学,18,青　海斗,3,DF,90,先発,0,0,0,0,0.0
2026/06/06(土) 17:00 キックオフ,大東文化大学,3,雨宮　　壮汰,3,DF,90,先発,0,0,0,0,0.0
2026/06/06(土) 17:00 キックオフ,大東文化大学,5,池羽　　航輝,4,DF,45,先発,0,0,0,0,0.0
2026/06/06(土) 17:00 キックオフ,大東文化大学,2,猿山　　和輝,4,DF,90,先発,0,0,0,0,0.0
2026/06/06(土) 17:00 キックオフ,大東文化大学,88,松本　浩輝,3,MF,55,先発,0,0,0,0,0.0
2026/06/06(土) 17:00 キックオフ,大東文化大学,47,渡辺　浩史,3,MF,90,先発,1,0,1,0,0.0
2026/06/06(土) 17:00 キックオフ,大東文化大学,27,津田　　楓真,2,DF,90,先発,1,0,1,0,0.0
2026/06/06(土) 17:00 キックオフ,大東文化大学,7,笠原　　壮瑠,4,FW,55,先発,0,0,0,0,0.0
2026/06/06(土) 17:00 キックオフ,大東文化大学,16,栗栖　晴己,3,MF,62,先発,0,0,0,0,0.0
2026/06/06(土) 17:00 キックオフ,大東文化大学,29,佐藤　大心,2,MF,90,先発,0,0,0,0,0.0
2026/06/06(土) 17:00 キックオフ,大東文化大学,1,清水　　天斗,4,GK,0,控え,0,0,0,0,0.0
2026/06/06(土) 17:00 キックオフ,大東文化大学,46,金子　潤,2,DF,0,控え,0,0,0,0,0.0
2026/06/06(土) 17:00 キックオフ,大東文化大学,22,髙野　　広大,2,DF,0,控え,0,0,0,0,0.0
2026/06/06(土) 17:00 キックオフ,大東文化大学,28,田中　颯人,2,DF,0,控え,0,0,0,0,0.0
2026/06/06(土) 17:00 キックオフ,大東文化大学,41,佃　孝太,2,MF,0,控え,0,0,0,0,0.0
2026/06/06(土) 17:00 キックオフ,大東文化大学,19,上田　然,3,FW,35,控え,0,2,2,1,50.0
2026/06/06(土) 17:00 キックオフ,大東文化大学,11,舘　颯之介,4,MF,45,控え,0,2,2,0,0.0
2026/06/06(土) 17:00 キックオフ,大東文化大学,96,奥田　大翔,2,FW,28,控え,0,0,0,0,0.0
2026/06/06(土) 17:00 キックオフ,大東文化大学,43,並木　俊輔,2,MF,35,控え,0,0,0,0,0.0
2026/06/06(土) 17:00 キックオフ,東京経済大学,12,中村　裕大,2,GK,90,先発,0,0,0,0,0.0
2026/06/06(土) 17:00 キックオフ,東京経済大学,3,古澤　友麻,3,MF,86,先発,0,0,0,0,0.0
2026/06/06(土) 17:00 キックオフ,東京経済大学,5,内田　雄真,2,DF,90,先発,0,0,0,0,0.0
2026/06/06(土) 17:00 キックオフ,東京経済大学,6,松井　一晟,3,DF,90,先発,0,0,0,0,0.0
2026/06/06(土) 17:00 キックオフ,東京経済大学,10,伊崎　耕紀,4,MF,90,先発,2,0,2,0,0.0
2026/06/06(土) 17:00 キックオフ,東京経済大学,7,大塚　恭生,3,MF,90,先発,0,0,0,0,0.0
2026/06/06(土) 17:00 キックオフ,東京経済大学,8,河西　透和,不明,MF,86,先発,1,0,1,0,0.0
2026/06/06(土) 17:00 キックオフ,東京経済大学,16,村松　晴登,3,MF,90,先発,2,1,3,2,66.7
2026/06/06(土) 17:00 キックオフ,東京経済大学,17,吉儀　大,3,MF,90,先発,1,2,3,0,0.0
2026/06/06(土) 17:00 キックオフ,東京経済大学,20,小河原　瑛太,2,FW,73,先発,1,6,7,2,28.6
2026/06/06(土) 17:00 キックオフ,東京経済大学,29,駒田　晴生,3,MF,65,先発,1,0,1,0,0.0
2026/06/06(土) 17:00 キックオフ,東京経済大学,22,村野　　大輝,3,GK,0,控え,0,0,0,0,0.0
2026/06/06(土) 17:00 キックオフ,東京経済大学,4,北林　嶺,3,DF,4,控え,0,0,0,0,0.0
2026/06/06(土) 17:00 キックオフ,東京経済大学,19,山田　士雄,2,MF,0,控え,0,0,0,0,0.0
2026/06/06(土) 17:00 キックオフ,東京経済大学,24,川村　大樹,2,DF,4,控え,0,0,0,0,0.0
2026/06/06(土) 17:00 キックオフ,東京経済大学,27,川畑　宇輝,3,DF,0,控え,0,0,0,0,0.0
2026/06/06(土) 17:00 キックオフ,東京経済大学,14,中島　洋之介,3,FW,17,控え,0,0,0,0,0.0
2026/06/06(土) 17:00 キックオフ,東京経済大学,26,田中　大夢,不明,DF,0,控え,0,0,0,0,0.0
2026/06/06(土) 17:00 キックオフ,東京経済大学,31,市川　聖龍,1,MF,0,控え,0,0,0,0,0.0
2026/06/06(土) 17:00 キックオフ,東京経済大学,15,久保寺　壱晟,3,FW,25,控え,0,1,1,0,0.0
2026/06/07(日) 10:00 キックオフ,武蔵大学,31,湯浅　世琉亜,3,GK,90,先発,0,0,0,0,0.0
2026/06/07(日) 10:00 キックオフ,武蔵大学,22,水越　大心,3,MF,90,先発,0,0,0,0,0.0
2026/06/07(日) 10:00 キックオフ,武蔵大学,19,加藤　大聖,4,DF,90,先発,0,0,0,0,0.0
2026/06/07(日) 10:00 キックオフ,武蔵大学,4,小野寺　拓巳,2,DF,90,先発,0,0,0,0,0.0
2026/06/07(日) 10:00 キックオフ,武蔵大学,28,藤田　和,2,MF,85,先発,0,0,0,0,0.0
2026/06/07(日) 10:00 キックオフ,武蔵大学,33,宇野　大稀,2,MF,90,先発,2,1,3,2,66.7
2026/06/07(日) 10:00 キックオフ,武蔵大学,37,関口　陽大,2,MF,82,先発,1,0,1,1,100.0
2026/06/07(日) 10:00 キックオフ,武蔵大学,14,石塚　優斗,3,MF,90,先発,0,1,1,0,0.0
2026/06/07(日) 10:00 キックオフ,武蔵大学,47,廣井　悠真,2,FW,70,先発,3,0,3,0,0.0
2026/06/07(日) 10:00 キックオフ,武蔵大学,11,田辺　伊吹,4,FW,63,先発,4,0,4,0,0.0
2026/06/07(日) 10:00 キックオフ,武蔵大学,12,川口　陽誠,1,FW,70,先発,4,0,4,2,50.0
2026/06/07(日) 10:00 キックオフ,武蔵大学,21,神田　謙二郎,2,GK,0,控え,0,0,0,0,0.0
2026/06/07(日) 10:00 キックオフ,武蔵大学,40,泉谷　俊,2,MF,5,控え,0,1,1,0,0.0
2026/06/07(日) 10:00 キックオフ,武蔵大学,3,中嶋　惇仁,4,DF,0,控え,0,0,0,0,0.0
2026/06/07(日) 10:00 キックオフ,武蔵大学,5,瀧川　穣,4,DF,0,控え,0,0,0,0,0.0
2026/06/07(日) 10:00 キックオフ,武蔵大学,50,甲斐田　裕大,2,MF,0,控え,0,0,0,0,0.0
2026/06/07(日) 10:00 キックオフ,武蔵大学,45,寺田　聡,2,MF,8,控え,0,0,0,0,0.0
2026/06/07(日) 10:00 キックオフ,武蔵大学,49,宮本　理央,1,MF,27,控え,0,0,0,0,0.0
2026/06/07(日) 10:00 キックオフ,武蔵大学,13,藤倉　空知,3,MF,20,控え,0,4,4,0,0.0
2026/06/07(日) 10:00 キックオフ,武蔵大学,10,森田　蓮人,4,FW,20,控え,0,1,1,1,100.0
2026/06/07(日) 10:00 キックオフ,神奈川工科大学（神奈川県）,30,大久保　陸翔,1,GK,90,先発,0,0,0,0,0.0
2026/06/07(日) 10:00 キックオフ,神奈川工科大学（神奈川県）,3,五十嵐　晴生,3,DF,90,先発,0,0,0,0,0.0
2026/06/07(日) 10:00 キックオフ,神奈川工科大学（神奈川県）,4,吉田　太陽,3,DF,90,先発,0,0,0,0,0.0
2026/06/07(日) 10:00 キックオフ,神奈川工科大学（神奈川県）,15,林　晃希,2,DF,45,先発,0,0,0,0,0.0
2026/06/07(日) 10:00 キックオフ,神奈川工科大学（神奈川県）,29,常盤　啓太,1,DF,90,先発,0,0,0,0,0.0
2026/06/07(日) 10:00 キックオフ,神奈川工科大学（神奈川県）,6,石塚　快,3,MF,45,先発,0,0,0,0,0.0
2026/06/07(日) 10:00 キックオフ,神奈川工科大学（神奈川県）,7,小林　優介,3,MF,90,先発,0,2,2,0,0.0
2026/06/07(日) 10:00 キックオフ,神奈川工科大学（神奈川県）,10,小林　暢,4,MF,90,先発,0,1,1,0,0.0
2026/06/07(日) 10:00 キックオフ,神奈川工科大学（神奈川県）,25,和田　岳空,1,MF,44,先発,0,0,0,0,0.0
2026/06/07(日) 10:00 キックオフ,神奈川工科大学（神奈川県）,9,功刀　崇斗,4,FW,90,先発,1,0,1,0,0.0
2026/06/07(日) 10:00 キックオフ,神奈川工科大学（神奈川県）,19,脇屋　颯人,1,FW,82,先発,2,0,2,1,50.0
2026/06/07(日) 10:00 キックオフ,神奈川工科大学（神奈川県）,16,牛山　航,1,GK,0,控え,0,0,0,0,0.0
2026/06/07(日) 10:00 キックオフ,神奈川工科大学（神奈川県）,2,菅原　颯太郎,3,DF,0,控え,0,0,0,0,0.0
2026/06/07(日) 10:00 キックオフ,神奈川工科大学（神奈川県）,11,平田　竜誠,4,DF,8,控え,0,0,0,0,0.0
2026/06/07(日) 10:00 キックオフ,神奈川工科大学（神奈川県）,22,吉谷　颯,3,DF,0,控え,0,0,0,0,0.0
2026/06/07(日) 10:00 キックオフ,神奈川工科大学（神奈川県）,26,平野　龍斗,1,DF,0,控え,0,0,0,0,0.0
2026/06/07(日) 10:00 キックオフ,神奈川工科大学（神奈川県）,5,橋本　晃進,3,MF,45,控え,0,0,0,0,0.0
2026/06/07(日) 10:00 キックオフ,神奈川工科大学（神奈川県）,8,春原　	哲汰,3,MF,46,控え,0,0,0,0,0.0
2026/06/07(日) 10:00 キックオフ,神奈川工科大学（神奈川県）,13,齊藤　大翔,1,MF,45,控え,0,0,0,0,0.0
2026/06/07(日) 10:00 キックオフ,神奈川工科大学（神奈川県）,18,前原　海聖,2,FW,0,控え,0,0,0,0,0.0
2026/06/07(日) 11:00 キックオフ,学習院大学,1,若尾　林太朗,3,GK,90,先発,0,0,0,0,0.0
2026/06/07(日) 11:00 キックオフ,学習院大学,3,中川　賢人,3,DF,90,先発,0,0,0,0,0.0
2026/06/07(日) 11:00 キックオフ,学習院大学,5,小林　恭輔,4,DF,90,先発,0,0,0,0,0.0
2026/06/07(日) 11:00 キックオフ,学習院大学,7,児島　巧海,2,MF,90,先発,1,0,1,0,0.0
2026/06/07(日) 11:00 キックオフ,学習院大学,10,小林　千紘,4,MF,90,先発,1,3,4,1,25.0
2026/06/07(日) 11:00 キックオフ,学習院大学,11,渡辺　創士,3,MF,90,先発,0,1,1,0,0.0
2026/06/07(日) 11:00 キックオフ,学習院大学,13,梶　圭朝,2,DF,90,先発,1,0,1,0,0.0
2026/06/07(日) 11:00 キックオフ,学習院大学,16,藤井　冬威,2,MF,90,先発,0,1,1,1,100.0
2026/06/07(日) 11:00 キックオフ,学習院大学,20,北林　星七,2,FW,80,先発,1,0,1,0,0.0
2026/06/07(日) 11:00 キックオフ,学習院大学,27,山田   惟斗,1,MF,87,先発,2,0,2,0,0.0
2026/06/07(日) 11:00 キックオフ,学習院大学,28,加藤   大毅,1,MF,90,先発,0,0,0,0,0.0
2026/06/07(日) 11:00 キックオフ,学習院大学,8,小川　将弥,3,MF,3,控え,0,0,0,0,0.0
2026/06/07(日) 11:00 キックオフ,学習院大学,12,加藤   俐功,1,GK,0,控え,0,0,0,0,0.0
2026/06/07(日) 11:00 キックオフ,学習院大学,14,佐藤　友樹,4,MF,0,控え,0,0,0,0,0.0
2026/06/07(日) 11:00 キックオフ,学習院大学,17,原　壮太,4,FW,0,控え,0,0,0,0,0.0
2026/06/07(日) 11:00 キックオフ,学習院大学,18,大久保　史温,2,MF,0,控え,0,0,0,0,0.0
2026/06/07(日) 11:00 キックオフ,学習院大学,24,柳澤　和希,3,DF,0,控え,0,0,0,0,0.0
2026/06/07(日) 11:00 キックオフ,学習院大学,26,西山   康惺,1,DF,0,控え,0,0,0,0,0.0
2026/06/07(日) 11:00 キックオフ,学習院大学,29,端谷   蓮,1,MF,0,控え,0,0,0,0,0.0
2026/06/07(日) 11:00 キックオフ,学習院大学,32,岡本   惇之介,1,FW,10,控え,0,0,0,0,0.0
2026/06/07(日) 11:00 キックオフ,日本大学文理学部,1,磯貝 仁斗,4,GK,90,先発,0,0,0,0,0.0
2026/06/07(日) 11:00 キックオフ,日本大学文理学部,2,横山 聡大,2,DF,90,先発,1,1,2,0,0.0
2026/06/07(日) 11:00 キックオフ,日本大学文理学部,3,北村 翼,3,DF,90,先発,0,0,0,0,0.0
2026/06/07(日) 11:00 キックオフ,日本大学文理学部,5,星 恒輝,3,MF,57,先発,0,0,0,0,0.0
2026/06/07(日) 11:00 キックオフ,日本大学文理学部,10,城田 優,4,MF,90,先発,0,0,0,0,0.0
2026/06/07(日) 11:00 キックオフ,日本大学文理学部,14,葛西 由晏,2,MF,90,先発,1,1,2,0,0.0
2026/06/07(日) 11:00 キックオフ,日本大学文理学部,25,間 琥太朗,3,DF,90,先発,0,0,0,0,0.0
2026/06/07(日) 11:00 キックオフ,日本大学文理学部,37,清水 佑,3,DF,90,先発,0,0,0,0,0.0
2026/06/07(日) 11:00 キックオフ,日本大学文理学部,46,鈴木 堅斗,4,MF,61,先発,0,0,0,0,0.0
2026/06/07(日) 11:00 キックオフ,日本大学文理学部,93,小川 寧大,3,DF,90,先発,1,0,1,0,0.0
2026/06/07(日) 11:00 キックオフ,日本大学文理学部,98,久場 莉稀,3,MF,57,先発,0,0,0,0,0.0
2026/06/07(日) 11:00 キックオフ,日本大学文理学部,9,遠田 凌,4,FW,29,控え,0,0,0,0,0.0
2026/06/07(日) 11:00 キックオフ,日本大学文理学部,11,矢田 涼太郎,3,FW,0,控え,0,0,0,0,0.0
2026/06/07(日) 11:00 キックオフ,日本大学文理学部,24,川口 友作,4,MF,33,控え,0,0,0,0,0.0
2026/06/07(日) 11:00 キックオフ,日本大学文理学部,28,谷口 莉都,2,FW,0,控え,0,0,0,0,0.0
2026/06/07(日) 11:00 キックオフ,日本大学文理学部,31,伊東　拓海,1,MF,0,控え,0,0,0,0,0.0
2026/06/07(日) 11:00 キックオフ,日本大学文理学部,32,加藤 匠,2,GK,0,控え,0,0,0,0,0.0
2026/06/07(日) 11:00 キックオフ,日本大学文理学部,33,渋谷 竜聖,3,DF,0,控え,0,0,0,0,0.0
2026/06/07(日) 11:00 キックオフ,日本大学文理学部,65,千葉　海斗,1,MF,33,控え,0,0,0,0,0.0
2026/06/07(日) 11:00 キックオフ,日本大学文理学部,77,新門 一晏,2,DF,0,控え,0,0,0,0,0.0
2026/06/07(日) 12:45 キックオフ,横浜国立大学（神奈川県）,1,神山　洋輝,4,GK,90,先発,0,0,0,0,0.0
2026/06/07(日) 12:45 キックオフ,横浜国立大学（神奈川県）,3,髙木　直,2,MF,89,先発,1,3,4,2,50.0
2026/06/07(日) 12:45 キックオフ,横浜国立大学（神奈川県）,5,大西　遼久,4,DF,90,先発,1,0,1,0,0.0
2026/06/07(日) 12:45 キックオフ,横浜国立大学（神奈川県）,7,立入　光記,4,MF,90,先発,1,2,3,0,0.0
2026/06/07(日) 12:45 キックオフ,横浜国立大学（神奈川県）,8,小宮　昂大,3,MF,90,先発,1,1,2,0,0.0
2026/06/07(日) 12:45 キックオフ,横浜国立大学（神奈川県）,10,原子　泰地,4,FW,83,先発,3,1,4,1,25.0
2026/06/07(日) 12:45 キックオフ,横浜国立大学（神奈川県）,13,竹中　暖喜,3,DF,90,先発,2,1,3,0,0.0
2026/06/07(日) 12:45 キックオフ,横浜国立大学（神奈川県）,15,櫻井　恵太,2,MF,90,先発,0,0,0,0,0.0
2026/06/07(日) 12:45 キックオフ,横浜国立大学（神奈川県）,26,加藤　士門,4,FW,90,先発,0,1,1,0,0.0
2026/06/07(日) 12:45 キックオフ,横浜国立大学（神奈川県）,28,田邉　快斗,1,DF,87,先発,0,0,0,0,0.0
2026/06/07(日) 12:45 キックオフ,横浜国立大学（神奈川県）,36,井上　愛翔,2,MF,90,先発,1,1,2,0,0.0
2026/06/07(日) 12:45 キックオフ,横浜国立大学（神奈川県）,6,渡邊　元気,2,MF,3,控え,0,0,0,0,0.0
2026/06/07(日) 12:45 キックオフ,横浜国立大学（神奈川県）,9,篠崎　開惺,3,FW,1,控え,0,1,1,0,0.0
2026/06/07(日) 12:45 キックオフ,横浜国立大学（神奈川県）,11,島田　健央,4,FW,7,控え,0,0,0,0,0.0
2026/06/07(日) 12:45 キックオフ,横浜国立大学（神奈川県）,17,小川　和真,3,FW,0,控え,0,0,0,0,0.0
2026/06/07(日) 12:45 キックオフ,横浜国立大学（神奈川県）,21,川瀬　統己,4,GK,0,控え,0,0,0,0,0.0
2026/06/07(日) 12:45 キックオフ,横浜国立大学（神奈川県）,27,菊地　海凪,1,MF,0,控え,0,0,0,0,0.0
2026/06/07(日) 12:45 キックオフ,横浜国立大学（神奈川県）,30,中野　楓麻,4,DF,0,控え,0,0,0,0,0.0
2026/06/07(日) 12:45 キックオフ,横浜国立大学（神奈川県）,33,中村　朗莞,3,FW,0,控え,0,0,0,0,0.0
2026/06/07(日) 12:45 キックオフ,横浜国立大学（神奈川県）,37,佐々木　統羽,2,MF,0,控え,0,0,0,0,0.0
2026/06/07(日) 12:45 キックオフ,朝鮮大学校,1,金 柱相,4,GK,90,先発,0,0,0,0,0.0
2026/06/07(日) 12:45 キックオフ,朝鮮大学校,3,李　星琉,1,DF,68,先発,0,0,0,0,0.0
2026/06/07(日) 12:45 キックオフ,朝鮮大学校,4,金 悠宇,4,DF,90,先発,0,1,1,0,0.0
2026/06/07(日) 12:45 キックオフ,朝鮮大学校,11,鄭 泰男,4,MF,90,先発,1,0,1,0,0.0
2026/06/07(日) 12:45 キックオフ,朝鮮大学校,14,金 世諒,3,MF,68,先発,1,0,1,0,0.0
2026/06/07(日) 12:45 キックオフ,朝鮮大学校,16,高　悠邦,2,DF,90,先発,2,1,3,0,0.0
2026/06/07(日) 12:45 キックオフ,朝鮮大学校,19,金 亨政,3,MF,90,先発,0,1,1,0,0.0
2026/06/07(日) 12:45 キックオフ,朝鮮大学校,22,朴　才雄,1,FW,90,先発,2,0,2,0,0.0
2026/06/07(日) 12:45 キックオフ,朝鮮大学校,25,金　昌希,3,DF,40,先発,0,0,0,0,0.0
2026/06/07(日) 12:45 キックオフ,朝鮮大学校,27,金　毅昂,2,MF,68,先発,0,0,0,0,0.0
2026/06/07(日) 12:45 キックオフ,朝鮮大学校,29,鄭 誓華,2,MF,90,先発,2,0,2,0,0.0
2026/06/07(日) 12:45 キックオフ,朝鮮大学校,2,沈 瑞輝,3,DF,22,控え,0,0,0,0,0.0
2026/06/07(日) 12:45 キックオフ,朝鮮大学校,7,金 民学,4,FW,22,控え,0,0,0,0,0.0
2026/06/07(日) 12:45 キックオフ,朝鮮大学校,10,朴 ソラ,4,MF,50,控え,0,0,0,0,0.0
2026/06/07(日) 12:45 キックオフ,朝鮮大学校,12,金 利優,4,GK,0,控え,0,0,0,0,0.0
2026/06/07(日) 12:45 キックオフ,朝鮮大学校,13,柳　相在,1,MF,22,控え,0,0,0,0,0.0
2026/06/07(日) 12:45 キックオフ,朝鮮大学校,21,朴　創嶺,3,MF,0,控え,0,0,0,0,0.0
2026/06/07(日) 12:45 キックオフ,朝鮮大学校,23,チョ ヘフィ,4,MF,0,控え,0,0,0,0,0.0
2026/06/07(日) 16:00 キックオフ,上智大学,1,藤田　大輝,4,GK,90,先発,0,0,0,0,0.0
2026/06/07(日) 16:00 キックオフ,上智大学,19,湯浦　崇斗,1,DF,90,先発,0,1,1,0,0.0
2026/06/07(日) 16:00 キックオフ,上智大学,97,須田　悠斗,2,DF,90,先発,0,0,0,0,0.0
2026/06/07(日) 16:00 キックオフ,上智大学,3,松本　和輝,3,DF,90,先発,1,0,1,0,0.0
2026/06/07(日) 16:00 キックオフ,上智大学,33,村田　幸基,1,DF,70,先発,0,0,0,0,0.0
2026/06/07(日) 16:00 キックオフ,上智大学,81,福尾　涼太,1,MF,83,先発,0,0,0,0,0.0
2026/06/07(日) 16:00 キックオフ,上智大学,6,荒川　哲平,3,MF,90,先発,0,0,0,0,0.0
2026/06/07(日) 16:00 キックオフ,上智大学,44,山崎　颯介,2,MF,90,先発,1,0,1,0,0.0
2026/06/07(日) 16:00 キックオフ,上智大学,8,福島　広大,4,MF,78,先発,0,0,0,0,0.0
2026/06/07(日) 16:00 キックオフ,上智大学,10,塙　　仁成,4,MF,89,先発,0,2,2,0,0.0
2026/06/07(日) 16:00 キックオフ,上智大学,9,田中　佑樹,3,FW,90,先発,2,0,2,0,0.0
2026/06/07(日) 16:00 キックオフ,上智大学,20,川島　晴空,3,DF,0,控え,0,0,0,0,0.0
2026/06/07(日) 16:00 キックオフ,上智大学,26,宇野　伶,3,DF,0,控え,0,0,0,0,0.0
2026/06/07(日) 16:00 キックオフ,上智大学,38,瀧川　廉,1,DF,0,控え,0,0,0,0,0.0
2026/06/07(日) 16:00 キックオフ,上智大学,11,笠原　真尋,3,MF,0,控え,0,0,0,0,0.0
2026/06/07(日) 16:00 キックオフ,上智大学,17,白坂　航大,4,MF,7,控え,0,0,0,0,0.0
2026/06/07(日) 16:00 キックオフ,上智大学,32,堀江　風雅,3,MF,20,控え,0,3,3,0,0.0
2026/06/07(日) 16:00 キックオフ,上智大学,48,岩永　悠杜,1,FW,0,控え,0,0,0,0,0.0
2026/06/07(日) 16:00 キックオフ,上智大学,35,大西　十和,1,FW,12,控え,0,1,1,0,0.0
2026/06/07(日) 16:00 キックオフ,上智大学,80,大島　千虎,2,FW,1,控え,0,0,0,0,0.0
2026/06/07(日) 16:00 キックオフ,玉川大学,16,今村　光汰,4,GK,90,先発,0,0,0,0,0.0
2026/06/07(日) 16:00 キックオフ,玉川大学,3,信賀　有希,4,DF,90,先発,0,0,0,0,0.0
2026/06/07(日) 16:00 キックオフ,玉川大学,5,松井　琢磨,2,DF,90,先発,0,0,0,0,0.0
2026/06/07(日) 16:00 キックオフ,玉川大学,27,楠山　奈音,3,DF,90,先発,1,0,1,0,0.0
2026/06/07(日) 16:00 キックオフ,玉川大学,36,上野　湊,3,DF,90,先発,0,1,1,0,0.0
2026/06/07(日) 16:00 キックオフ,玉川大学,15,丸尾　航琉,4,DF,70,先発,1,1,2,0,0.0
2026/06/07(日) 16:00 キックオフ,玉川大学,14,林　雄琉,4,MF,90,先発,0,0,0,0,0.0
2026/06/07(日) 16:00 キックオフ,玉川大学,23,國本　純成,3,MF,75,先発,2,1,3,0,0.0
2026/06/07(日) 16:00 キックオフ,玉川大学,26,杉山　和勢,2,MF,90,先発,0,1,1,0,0.0
2026/06/07(日) 16:00 キックオフ,玉川大学,18,佐久間　駿喜,3,FW,75,先発,0,2,2,0,0.0
2026/06/07(日) 16:00 キックオフ,玉川大学,24,前田　陽平,1,MF,90,先発,6,0,6,0,0.0
2026/06/07(日) 16:00 キックオフ,玉川大学,1,大熊　大輔,1,GK,0,控え,0,0,0,0,0.0
2026/06/07(日) 16:00 キックオフ,玉川大学,9,島　任平,2,DF,20,控え,0,0,0,0,0.0
2026/06/07(日) 16:00 キックオフ,玉川大学,34,坂本　佳晴,2,MF,0,控え,0,0,0,0,0.0
2026/06/07(日) 16:00 キックオフ,玉川大学,19,国谷　康太,3,FW,15,控え,0,0,0,0,0.0
2026/06/07(日) 16:00 キックオフ,玉川大学,22,歳森　杏介,2,MF,15,控え,0,1,1,0,0.0
2026/06/07(日) 16:00 キックオフ,玉川大学,37,清水　彩生,1,DF,0,控え,0,0,0,0,0.0
2026/06/07(日) 17:00 キックオフ,帝京大学,1,佐藤 翔,3,GK,90,先発,0,0,0,0,0.0
2026/06/07(日) 17:00 キックオフ,帝京大学,3,船木 匡太朗,2,DF,90,先発,0,0,0,0,0.0
2026/06/07(日) 17:00 キックオフ,帝京大学,8,桒原 一斗,3,MF,72,先発,0,0,0,0,0.0
2026/06/07(日) 17:00 キックオフ,帝京大学,13,沢 柊斗,4,MF,62,先発,0,0,0,0,0.0
2026/06/07(日) 17:00 キックオフ,帝京大学,14,藤田 晴,4,FW,90,先発,0,1,1,0,0.0
2026/06/07(日) 17:00 キックオフ,帝京大学,16,池内 優介,3,DF,90,先発,0,0,0,0,0.0
2026/06/07(日) 17:00 キックオフ,帝京大学,17,當間 晴琉,3,DF,45,先発,1,0,1,0,0.0
2026/06/07(日) 17:00 キックオフ,帝京大学,32,矢野　琉瑚,3,DF,90,先発,0,0,0,0,0.0
2026/06/07(日) 17:00 キックオフ,帝京大学,35,古村　大和,3,DF,45,先発,1,0,1,1,100.0
2026/06/07(日) 17:00 キックオフ,帝京大学,36,茂木　勇樹,1,MF,85,先発,0,0,0,0,0.0
2026/06/07(日) 17:00 キックオフ,帝京大学,40,田中　菱,1,DF,90,先発,0,0,0,0,0.0
2026/06/07(日) 17:00 キックオフ,帝京大学,5,小林 侑希,2,DF,0,控え,0,0,0,0,0.0
2026/06/07(日) 17:00 キックオフ,帝京大学,6,近江 智哉,2,MF,18,控え,0,0,0,0,0.0
2026/06/07(日) 17:00 キックオフ,帝京大学,9,緒方 快青,4,MF,45,控え,0,3,3,0,0.0
2026/06/07(日) 17:00 キックオフ,帝京大学,12,牧野 長太朗,2,GK,0,控え,0,0,0,0,0.0
2026/06/07(日) 17:00 キックオフ,帝京大学,26,桾澤 琢太,3,MF,5,控え,0,0,0,0,0.0
2026/06/07(日) 17:00 キックオフ,帝京大学,38,栗田　遼真,1,DF,45,控え,0,0,0,0,0.0
2026/06/07(日) 17:00 キックオフ,帝京大学,39,本間　竜有,1,DF,28,控え,0,0,0,0,0.0
2026/06/07(日) 17:00 キックオフ,桜美林大学,5,高井　翔麻,3,DF,90,先発,0,3,3,0,0.0
2026/06/07(日) 17:00 キックオフ,桜美林大学,6,吉川　遥人,4,MF,90,先発,0,0,0,0,0.0
2026/06/07(日) 17:00 キックオフ,桜美林大学,7,佐藤　天真,4,MF,64,先発,0,0,0,0,0.0
2026/06/07(日) 17:00 キックオフ,桜美林大学,15,大崎　陽斗,4,DF,90,先発,0,0,0,0,0.0
2026/06/07(日) 17:00 キックオフ,桜美林大学,21,菊地　琉世,4,MF,90,先発,0,0,0,0,0.0
2026/06/07(日) 17:00 キックオフ,桜美林大学,22,高橋　陽翔,4,DF,90,先発,0,1,1,0,0.0
2026/06/07(日) 17:00 キックオフ,桜美林大学,25,大成　春斗,4,FW,90,先発,2,3,5,2,40.0
2026/06/07(日) 17:00 キックオフ,桜美林大学,44,堀江　響希,3,DF,90,先発,0,0,0,0,0.0
2026/06/07(日) 17:00 キックオフ,桜美林大学,88,山本　陵聖,4,DF,90,先発,0,0,0,0,0.0
2026/06/07(日) 17:00 キックオフ,桜美林大学,90,三治　陽空,2,GK,90,先発,0,0,0,0,0.0
2026/06/07(日) 17:00 キックオフ,桜美林大学,96,木村　恵真,1,MF,80,先発,1,1,2,0,0.0
2026/06/07(日) 17:00 キックオフ,桜美林大学,9,斎藤　翔太,4,MF,0,控え,0,0,0,0,0.0
2026/06/07(日) 17:00 キックオフ,桜美林大学,14,田名部　勇,4,MF,10,控え,0,0,0,0,0.0
2026/06/07(日) 17:00 キックオフ,桜美林大学,20,倉橋　正吾,4,FW,0,控え,0,0,0,0,0.0
2026/06/07(日) 17:00 キックオフ,桜美林大学,23,和田　倖輔,3,MF,0,控え,0,0,0,0,0.0
2026/06/07(日) 17:00 キックオフ,桜美林大学,29,松並木 　梁仁,1,DF,0,控え,0,0,0,0,0.0
2026/06/07(日) 17:00 キックオフ,桜美林大学,31,牧野　歩,1,DF,0,控え,0,0,0,0,0.0
2026/06/07(日) 17:00 キックオフ,桜美林大学,41,尾﨑　克蔵,2,GK,0,控え,0,0,0,0,0.0
2026/06/07(日) 17:00 キックオフ,桜美林大学,67,細谷　隼生,2,DF,26,控え,0,0,0,0,0.0
2026/06/07(日) 17:00 キックオフ,桜美林大学,68,三浦　瑠恩,1,MF,0,控え,0,0,0,0,0.0
2026/06/14(日) 10:00 キックオフ,神奈川工科大学（神奈川県）,30,大久保　陸翔,1,GK,90,先発,0,0,0,0,0.0
2026/06/14(日) 10:00 キックオフ,神奈川工科大学（神奈川県）,2,菅原　颯太郎,3,DF,90,先発,1,1,2,0,0.0
2026/06/14(日) 10:00 キックオフ,神奈川工科大学（神奈川県）,4,吉田　太陽,3,DF,90,先発,1,0,1,0,0.0
2026/06/14(日) 10:00 キックオフ,神奈川工科大学（神奈川県）,15,林　晃希,2,DF,90,先発,0,0,0,0,0.0
2026/06/14(日) 10:00 キックオフ,神奈川工科大学（神奈川県）,29,常盤　啓太,1,DF,90,先発,0,0,0,0,0.0
2026/06/14(日) 10:00 キックオフ,神奈川工科大学（神奈川県）,7,小林　優介,3,MF,90,先発,0,1,1,0,0.0
2026/06/14(日) 10:00 キックオフ,神奈川工科大学（神奈川県）,10,小林　暢,4,MF,27,先発,0,0,0,0,0.0
2026/06/14(日) 10:00 キックオフ,神奈川工科大学（神奈川県）,13,齊藤　大翔,1,MF,76,先発,0,0,0,0,0.0
2026/06/14(日) 10:00 キックオフ,神奈川工科大学（神奈川県）,25,和田　岳空,1,MF,61,先発,0,0,0,0,0.0
2026/06/14(日) 10:00 キックオフ,神奈川工科大学（神奈川県）,9,功刀　崇斗,4,FW,86,先発,1,0,1,0,0.0
2026/06/14(日) 10:00 キックオフ,神奈川工科大学（神奈川県）,19,脇屋　颯人,1,FW,66,先発,1,0,1,0,0.0
2026/06/14(日) 10:00 キックオフ,神奈川工科大学（神奈川県）,16,牛山　航,1,GK,0,控え,0,0,0,0,0.0
2026/06/14(日) 10:00 キックオフ,神奈川工科大学（神奈川県）,11,平田　竜誠,4,DF,24,控え,0,0,0,0,0.0
2026/06/14(日) 10:00 キックオフ,神奈川工科大学（神奈川県）,5,橋本　晃進,3,MF,4,控え,0,0,0,0,0.0
2026/06/14(日) 10:00 キックオフ,神奈川工科大学（神奈川県）,6,石塚　快,3,MF,0,控え,0,0,0,0,0.0
2026/06/14(日) 10:00 キックオフ,神奈川工科大学（神奈川県）,8,春原　	哲汰,3,MF,63,控え,1,1,2,0,0.0
2026/06/14(日) 10:00 キックオフ,神奈川工科大学（神奈川県）,27,宮代　匠,4,MF,14,控え,0,0,0,0,0.0
2026/06/14(日) 10:00 キックオフ,神奈川工科大学（神奈川県）,18,前原　海聖,2,FW,29,控え,0,1,1,0,0.0
2026/06/14(日) 10:00 キックオフ,大東文化大学,1,清水　　天斗,4,GK,90,先発,0,0,0,0,0.0
2026/06/14(日) 10:00 キックオフ,大東文化大学,27,津田　　楓真,2,DF,90,先発,0,1,1,0,0.0
2026/06/14(日) 10:00 キックオフ,大東文化大学,46,金子　潤,2,DF,90,先発,0,0,0,0,0.0
2026/06/14(日) 10:00 キックオフ,大東文化大学,5,池羽　　航輝,4,DF,90,先発,0,1,1,0,0.0
2026/06/14(日) 10:00 キックオフ,大東文化大学,22,髙野　　広大,2,DF,90,先発,0,0,0,0,0.0
2026/06/14(日) 10:00 キックオフ,大東文化大学,10,安藤　　稜人,4,MF,69,先発,0,0,0,0,0.0
2026/06/14(日) 10:00 キックオフ,大東文化大学,88,松本　浩輝,3,MF,90,先発,1,0,1,0,0.0
2026/06/14(日) 10:00 キックオフ,大東文化大学,80,石神　瞬,3,MF,90,先発,0,0,0,0,0.0
2026/06/14(日) 10:00 キックオフ,大東文化大学,14,信國　達也,3,MF,45,先発,1,0,1,0,0.0
2026/06/14(日) 10:00 キックオフ,大東文化大学,43,並木　俊輔,2,MF,69,先発,1,0,1,1,100.0
2026/06/14(日) 10:00 キックオフ,大東文化大学,29,佐藤　大心,2,MF,90,先発,0,2,2,0,0.0
2026/06/14(日) 10:00 キックオフ,大東文化大学,12,妹尾　典,4,GK,0,控え,0,0,0,0,0.0
2026/06/14(日) 10:00 キックオフ,大東文化大学,28,田中　颯人,2,DF,0,控え,0,0,0,0,0.0
2026/06/14(日) 10:00 キックオフ,大東文化大学,11,舘　颯之介,4,MF,21,控え,0,0,0,0,0.0
2026/06/14(日) 10:00 キックオフ,大東文化大学,16,栗栖　晴己,3,MF,0,控え,0,0,0,0,0.0
2026/06/14(日) 10:00 キックオフ,大東文化大学,47,渡辺　浩史,3,MF,0,控え,0,0,0,0,0.0
2026/06/14(日) 10:00 キックオフ,大東文化大学,19,上田　然,3,FW,21,控え,0,1,1,0,0.0
2026/06/14(日) 10:00 キックオフ,大東文化大学,13,佐久間　勇斗,3,MF,45,控え,0,2,2,0,0.0
2026/06/14(日) 10:00 キックオフ,大東文化大学,96,奥田　大翔,2,FW,0,控え,0,0,0,0,0.0
2026/06/14(日) 10:00 キックオフ,大東文化大学,9,熊田　　裕,4,MF,0,控え,0,0,0,0,0.0
2026/06/14(日) 10:00 キックオフ,朝鮮大学校,1,金 柱相,4,GK,90,先発,0,0,0,0,0.0
2026/06/14(日) 10:00 キックオフ,朝鮮大学校,2,沈 瑞輝,3,DF,42,先発,0,0,0,0,0.0
2026/06/14(日) 10:00 キックオフ,朝鮮大学校,3,李　星琉,1,DF,90,先発,0,0,0,0,0.0
2026/06/14(日) 10:00 キックオフ,朝鮮大学校,4,金 悠宇,4,DF,90,先発,0,0,0,0,0.0
2026/06/14(日) 10:00 キックオフ,朝鮮大学校,16,高　悠邦,2,DF,42,先発,0,0,0,0,0.0
2026/06/14(日) 10:00 キックオフ,朝鮮大学校,19,金 亨政,3,MF,90,先発,0,0,0,0,0.0
2026/06/14(日) 10:00 キックオフ,朝鮮大学校,22,朴　才雄,1,MF,90,先発,0,0,0,0,0.0
2026/06/14(日) 10:00 キックオフ,朝鮮大学校,29,鄭 誓華,2,MF,90,先発,0,0,0,0,0.0
2026/06/14(日) 10:00 キックオフ,朝鮮大学校,9,金 翔元,4,FW,90,先発,2,1,3,1,33.3
2026/06/14(日) 10:00 キックオフ,朝鮮大学校,11,鄭 泰男,4,FW,83,先発,1,0,1,0,0.0
2026/06/14(日) 10:00 キックオフ,朝鮮大学校,27,金　毅昂,2,FW,60,先発,1,0,1,0,0.0
2026/06/14(日) 10:00 キックオフ,朝鮮大学校,12,金 利優,4,GK,0,控え,0,0,0,0,0.0
2026/06/14(日) 10:00 キックオフ,朝鮮大学校,5,愼 昌樹,4,DF,0,控え,0,0,0,0,0.0
2026/06/14(日) 10:00 キックオフ,朝鮮大学校,6,姜 正晃,4,MF,48,控え,0,0,0,0,0.0
2026/06/14(日) 10:00 キックオフ,朝鮮大学校,10,朴 ソラ,4,MF,7,控え,0,0,0,0,0.0
2026/06/14(日) 10:00 キックオフ,朝鮮大学校,13,柳　相在,1,MF,0,控え,0,0,0,0,0.0
2026/06/14(日) 10:00 キックオフ,朝鮮大学校,21,朴　創嶺,3,MF,30,控え,0,0,0,0,0.0
2026/06/14(日) 10:00 キックオフ,朝鮮大学校,23,チョ ヘフィ,4,MF,48,控え,0,0,0,0,0.0
2026/06/14(日) 10:00 キックオフ,朝鮮大学校,7,金 民学,4,FW,0,控え,0,0,0,0,0.0
2026/06/14(日) 10:00 キックオフ,朝鮮大学校,14,金 世諒,3,MF,0,控え,0,0,0,0,0.0
2026/06/14(日) 10:00 キックオフ,武蔵大学,31,湯浅　世琉亜,3,GK,90,先発,0,0,0,0,0.0
2026/06/14(日) 10:00 キックオフ,武蔵大学,3,中嶋　惇仁,4,DF,61,先発,0,0,0,0,0.0
2026/06/14(日) 10:00 キックオフ,武蔵大学,19,加藤　大聖,4,DF,90,先発,0,0,0,0,0.0
2026/06/14(日) 10:00 キックオフ,武蔵大学,22,水越　大心,3,MF,90,先発,0,0,0,0,0.0
2026/06/14(日) 10:00 キックオフ,武蔵大学,28,藤田　和,2,MF,90,先発,0,0,0,0,0.0
2026/06/14(日) 10:00 キックオフ,武蔵大学,8,中里　春輝,4,DF,70,先発,2,2,4,0,0.0
2026/06/14(日) 10:00 キックオフ,武蔵大学,11,田辺　伊吹,4,FW,90,先発,0,1,1,0,0.0
2026/06/14(日) 10:00 キックオフ,武蔵大学,33,宇野　大稀,2,MF,90,先発,1,0,1,0,0.0
2026/06/14(日) 10:00 キックオフ,武蔵大学,45,寺田　聡,2,MF,90,先発,2,0,2,0,0.0
2026/06/14(日) 10:00 キックオフ,武蔵大学,47,廣井　悠真,2,FW,83,先発,2,1,3,0,0.0
2026/06/14(日) 10:00 キックオフ,武蔵大学,12,川口　陽誠,1,FW,77,先発,2,1,3,0,0.0
2026/06/14(日) 10:00 キックオフ,武蔵大学,21,神田　謙二郎,2,GK,0,控え,0,0,0,0,0.0
2026/06/14(日) 10:00 キックオフ,武蔵大学,2,久保田　琳,4,DF,29,控え,0,0,0,0,0.0
2026/06/14(日) 10:00 キックオフ,武蔵大学,13,藤倉　空知,3,MF,0,控え,0,0,0,0,0.0
2026/06/14(日) 10:00 キックオフ,武蔵大学,15,柳澤　広喜,3,MF,0,控え,0,0,0,0,0.0
2026/06/14(日) 10:00 キックオフ,武蔵大学,37,関口　陽大,2,MF,0,控え,0,0,0,0,0.0
2026/06/14(日) 10:00 キックオフ,武蔵大学,40,泉谷　俊,2,MF,0,控え,0,0,0,0,0.0
2026/06/14(日) 10:00 キックオフ,武蔵大学,49,宮本　理央,1,MF,13,控え,0,0,0,1,0.0
2026/06/14(日) 10:00 キックオフ,武蔵大学,50,甲斐田　裕大,2,MF,20,控え,0,0,0,0,0.0
2026/06/14(日) 10:00 キックオフ,武蔵大学,10,森田　蓮人,4,FW,7,控え,0,0,0,0,0.0
2026/06/14(日) 12:45 キックオフ,日本大学文理学部,1,磯貝 仁斗,4,GK,90,先発,0,0,0,0,0.0
2026/06/14(日) 12:45 キックオフ,日本大学文理学部,2,横山 聡大,2,DF,90,先発,0,0,0,0,0.0
2026/06/14(日) 12:45 キックオフ,日本大学文理学部,3,北村 翼,3,DF,90,先発,0,0,0,0,0.0
2026/06/14(日) 12:45 キックオフ,日本大学文理学部,6,大塚 逢祥,3,MF,90,先発,0,1,1,0,0.0
2026/06/14(日) 12:45 キックオフ,日本大学文理学部,10,城田 優,4,MF,90,先発,0,1,1,0,0.0
2026/06/14(日) 12:45 キックオフ,日本大学文理学部,14,葛西 由晏,2,MF,90,先発,0,1,1,0,0.0
2026/06/14(日) 12:45 キックオフ,日本大学文理学部,25,間 琥太朗,3,DF,90,先発,0,0,0,0,0.0
2026/06/14(日) 12:45 キックオフ,日本大学文理学部,27,井之上　悠,1,FW,79,先発,2,0,2,1,50.0
2026/06/14(日) 12:45 キックオフ,日本大学文理学部,37,清水 佑,3,DF,16,先発,0,0,0,0,0.0
2026/06/14(日) 12:45 キックオフ,日本大学文理学部,46,鈴木 堅斗,4,MF,61,先発,0,1,1,0,0.0
2026/06/14(日) 12:45 キックオフ,日本大学文理学部,93,小川 寧大,3,DF,90,先発,0,1,1,0,0.0
2026/06/14(日) 12:45 キックオフ,日本大学文理学部,91,嶋﨑 寛大,4,GK,0,控え,0,0,0,0,0.0
2026/06/14(日) 12:45 キックオフ,日本大学文理学部,33,渋谷 竜聖,3,DF,74,控え,0,0,0,0,0.0
2026/06/14(日) 12:45 キックオフ,日本大学文理学部,24,川口 友作,4,MF,0,控え,0,0,0,0,0.0
2026/06/14(日) 12:45 キックオフ,日本大学文理学部,31,伊東　拓海,1,MF,0,控え,0,0,0,0,0.0
2026/06/14(日) 12:45 キックオフ,日本大学文理学部,65,千葉　海斗,1,MF,0,控え,0,0,0,0,0.0
2026/06/14(日) 12:45 キックオフ,日本大学文理学部,11,矢田 涼太郎,3,FW,0,控え,0,0,0,0,0.0
2026/06/14(日) 12:45 キックオフ,日本大学文理学部,18,中村 陶冶,1,FW,0,控え,0,0,0,0,0.0
2026/06/14(日) 12:45 キックオフ,日本大学文理学部,28,谷口 莉都,2,FW,11,控え,0,0,0,0,0.0
2026/06/14(日) 12:45 キックオフ,日本大学文理学部,9,遠田 凌,4,FW,29,控え,0,0,0,0,0.0
2026/06/14(日) 12:45 キックオフ,横浜国立大学（神奈川県）,1,神山　洋輝,4,GK,90,先発,0,0,0,0,0.0
2026/06/14(日) 12:45 キックオフ,横浜国立大学（神奈川県）,3,髙木　直,2,MF,90,先発,0,1,1,0,0.0
2026/06/14(日) 12:45 キックオフ,横浜国立大学（神奈川県）,5,大西　遼久,4,DF,90,先発,1,1,2,1,50.0
2026/06/14(日) 12:45 キックオフ,横浜国立大学（神奈川県）,7,立入　光記,4,MF,90,先発,0,0,0,0,0.0
2026/06/14(日) 12:45 キックオフ,横浜国立大学（神奈川県）,8,小宮　昂大,3,MF,90,先発,0,0,0,0,0.0
2026/06/14(日) 12:45 キックオフ,横浜国立大学（神奈川県）,10,原子　泰地,4,FW,90,先発,0,2,2,0,0.0
2026/06/14(日) 12:45 キックオフ,横浜国立大学（神奈川県）,13,竹中　暖喜,3,DF,90,先発,2,0,2,0,0.0
2026/06/14(日) 12:45 キックオフ,横浜国立大学（神奈川県）,15,櫻井　恵太,2,MF,90,先発,1,2,3,0,0.0
2026/06/14(日) 12:45 キックオフ,横浜国立大学（神奈川県）,26,加藤　士門,4,FW,35,先発,0,0,0,0,0.0
2026/06/14(日) 12:45 キックオフ,横浜国立大学（神奈川県）,28,田邉　快斗,1,DF,90,先発,0,0,0,0,0.0
2026/06/14(日) 12:45 キックオフ,横浜国立大学（神奈川県）,36,井上　愛翔,2,MF,90,先発,0,0,0,0,0.0
2026/06/14(日) 12:45 キックオフ,横浜国立大学（神奈川県）,6,渡邊　元気,2,MF,0,控え,0,0,0,0,0.0
2026/06/14(日) 12:45 キックオフ,横浜国立大学（神奈川県）,9,篠崎　開惺,3,FW,0,控え,0,0,0,0,0.0
2026/06/14(日) 12:45 キックオフ,横浜国立大学（神奈川県）,11,島田　健央,4,FW,0,控え,0,0,0,0,0.0
2026/06/14(日) 12:45 キックオフ,横浜国立大学（神奈川県）,23,川岸　幹太,1,DF,0,控え,0,0,0,0,0.0
2026/06/14(日) 12:45 キックオフ,横浜国立大学（神奈川県）,27,菊地　海凪,1,MF,0,控え,0,0,0,0,0.0
2026/06/14(日) 12:45 キックオフ,横浜国立大学（神奈川県）,32,馬塲　快,1,GK,0,控え,0,0,0,0,0.0
2026/06/14(日) 12:45 キックオフ,横浜国立大学（神奈川県）,33,中村　朗莞,3,FW,55,控え,0,1,1,0,0.0
2026/06/14(日) 12:45 キックオフ,横浜国立大学（神奈川県）,34,長谷川　舜,1,MF,0,控え,0,0,0,0,0.0
2026/06/14(日) 12:45 キックオフ,横浜国立大学（神奈川県）,37,佐々木　統羽,2,MF,0,控え,0,0,0,0,0.0
2026/06/14(日) 14:50 キックオフ,桜美林大学,90,三治　陽空,2,GK,90,先発,0,0,0,0,0.0
2026/06/14(日) 14:50 キックオフ,桜美林大学,5,高井　翔麻,3,DF,90,先発,3,3,6,0,0.0
2026/06/14(日) 14:50 キックオフ,桜美林大学,15,大崎　陽斗,4,DF,67,先発,1,0,1,0,0.0
2026/06/14(日) 14:50 キックオフ,桜美林大学,44,堀江　響希,3,DF,90,先発,0,0,0,0,0.0
2026/06/14(日) 14:50 キックオフ,桜美林大学,88,山本　陵聖,4,DF,90,先発,0,0,0,0,0.0
2026/06/14(日) 14:50 キックオフ,桜美林大学,22,高橋　陽翔,4,DF,90,先発,2,0,2,1,50.0
2026/06/14(日) 14:50 キックオフ,桜美林大学,6,吉川　遥人,4,MF,90,先発,0,1,1,0,0.0
2026/06/14(日) 14:50 キックオフ,桜美林大学,21,菊地　琉世,4,MF,90,先発,1,0,1,0,0.0
2026/06/14(日) 14:50 キックオフ,桜美林大学,7,佐藤　天真,4,MF,67,先発,0,0,0,0,0.0
2026/06/14(日) 14:50 キックオフ,桜美林大学,96,木村　恵真,1,MF,76,先発,3,2,5,0,0.0
2026/06/14(日) 14:50 キックオフ,桜美林大学,25,大成　春斗,4,FW,70,先発,4,0,4,0,0.0
2026/06/14(日) 14:50 キックオフ,桜美林大学,41,尾﨑　克蔵,2,GK,0,控え,0,0,0,0,0.0
2026/06/14(日) 14:50 キックオフ,桜美林大学,20,倉橋　正吾,4,FW,20,控え,0,0,0,0,0.0
2026/06/14(日) 14:50 キックオフ,桜美林大学,18,佐藤　璃央,4,MF,0,控え,0,0,0,0,0.0
2026/06/14(日) 14:50 キックオフ,桜美林大学,9,斎藤　翔太,4,MF,23,控え,0,1,1,1,100.0
2026/06/14(日) 14:50 キックオフ,桜美林大学,14,田名部　勇,4,MF,14,控え,0,0,0,0,0.0
2026/06/14(日) 14:50 キックオフ,桜美林大学,68,三浦　瑠恩,1,MF,23,控え,0,1,1,0,0.0
2026/06/14(日) 14:50 キックオフ,桜美林大学,36,菊地　勝斗,4,MF,0,控え,0,0,0,0,0.0
2026/06/14(日) 14:50 キックオフ,桜美林大学,49,梅本　高虎,1,DF,0,控え,0,0,0,0,0.0
2026/06/14(日) 14:50 キックオフ,桜美林大学,31,牧野　歩,1,DF,0,控え,0,0,0,0,0.0
2026/06/14(日) 14:50 キックオフ,上智大学,1,藤田　大輝,4,GK,90,先発,0,0,0,0,0.0
2026/06/14(日) 14:50 キックオフ,上智大学,19,湯浦　崇斗,1,DF,90,先発,0,0,0,0,0.0
2026/06/14(日) 14:50 キックオフ,上智大学,97,須田　悠斗,2,DF,90,先発,0,0,0,0,0.0
2026/06/14(日) 14:50 キックオフ,上智大学,3,松本　和輝,3,DF,90,先発,1,0,1,0,0.0
2026/06/14(日) 14:50 キックオフ,上智大学,33,村田　幸基,1,DF,90,先発,0,0,0,0,0.0
2026/06/14(日) 14:50 キックオフ,上智大学,81,福尾　涼太,1,MF,85,先発,0,0,0,0,0.0
2026/06/14(日) 14:50 キックオフ,上智大学,6,荒川　哲平,3,MF,90,先発,0,1,1,0,0.0
2026/06/14(日) 14:50 キックオフ,上智大学,44,山崎　颯介,2,MF,90,先発,1,0,1,1,100.0
2026/06/14(日) 14:50 キックオフ,上智大学,8,福島　広大,4,MF,66,先発,0,0,0,0,0.0
2026/06/14(日) 14:50 キックオフ,上智大学,10,塙　　仁成,4,MF,90,先発,0,0,0,0,0.0
2026/06/14(日) 14:50 キックオフ,上智大学,9,田中　佑樹,3,FW,79,先発,0,0,0,0,0.0
2026/06/14(日) 14:50 キックオフ,上智大学,20,川島　晴空,3,DF,0,控え,0,0,0,0,0.0
2026/06/14(日) 14:50 キックオフ,上智大学,4,須藤　智洋,4,DF,0,控え,0,0,0,0,0.0
2026/06/14(日) 14:50 キックオフ,上智大学,26,宇野　伶,3,DF,0,控え,0,0,0,0,0.0
2026/06/14(日) 14:50 キックオフ,上智大学,11,笠原　真尋,3,MF,0,控え,0,0,0,0,0.0
2026/06/14(日) 14:50 キックオフ,上智大学,17,白坂　航大,4,MF,0,控え,0,0,0,0,0.0
2026/06/14(日) 14:50 キックオフ,上智大学,32,堀江　風雅,3,MF,5,控え,0,0,0,0,0.0
2026/06/14(日) 14:50 キックオフ,上智大学,48,岩永　悠杜,1,FW,11,控え,0,0,0,0,0.0
2026/06/14(日) 14:50 キックオフ,上智大学,35,大西　十和,1,FW,24,控え,0,0,0,0,0.0
2026/06/14(日) 14:50 キックオフ,上智大学,80,大島　千虎,2,FW,0,控え,0,0,0,0,0.0
2026/06/14(日) 16:00 キックオフ,玉川大学,16,今村　光汰,4,GK,90,先発,0,0,0,0,0.0
2026/06/14(日) 16:00 キックオフ,玉川大学,3,信賀　有希,4,DF,90,先発,0,0,0,0,0.0
2026/06/14(日) 16:00 キックオフ,玉川大学,15,丸尾　航琉,4,DF,90,先発,1,0,1,0,0.0
2026/06/14(日) 16:00 キックオフ,玉川大学,37,清水　彩生,1,DF,90,先発,0,0,0,0,0.0
2026/06/14(日) 16:00 キックオフ,玉川大学,36,上野　湊,3,DF,45,先発,1,0,1,0,0.0
2026/06/14(日) 16:00 キックオフ,玉川大学,5,松井　琢磨,2,DF,45,先発,0,0,0,0,0.0
2026/06/14(日) 16:00 キックオフ,玉川大学,26,杉山　和勢,2,MF,90,先発,0,1,1,0,0.0
2026/06/14(日) 16:00 キックオフ,玉川大学,14,林　雄琉,4,MF,59,先発,2,0,2,1,50.0
2026/06/14(日) 16:00 キックオフ,玉川大学,23,國本　純成,3,MF,90,先発,0,3,3,0,0.0
2026/06/14(日) 16:00 キックオフ,玉川大学,18,佐久間　駿喜,3,FW,59,先発,0,0,0,0,0.0
2026/06/14(日) 16:00 キックオフ,玉川大学,24,前田　陽平,1,MF,67,先発,0,0,0,0,0.0
2026/06/14(日) 16:00 キックオフ,玉川大学,1,大熊　大輔,1,GK,0,控え,0,0,0,0,0.0
2026/06/14(日) 16:00 キックオフ,玉川大学,9,島　任平,2,DF,45,控え,0,0,0,0,0.0
2026/06/14(日) 16:00 キックオフ,玉川大学,34,坂本　佳晴,2,MF,23,控え,0,0,0,0,0.0
2026/06/14(日) 16:00 キックオフ,玉川大学,19,国谷　康太,3,FW,31,控え,0,0,0,0,0.0
2026/06/14(日) 16:00 キックオフ,玉川大学,28,北村　瑞,1,DF,45,控え,0,0,0,0,0.0
2026/06/14(日) 16:00 キックオフ,玉川大学,22,歳森　杏介,2,MF,31,控え,0,1,1,0,0.0
2026/06/14(日) 16:00 キックオフ,学習院大学,1,若尾　林太朗,3,GK,90,先発,0,0,0,0,0.0
2026/06/14(日) 16:00 キックオフ,学習院大学,3,中川　賢人,3,DF,90,先発,0,0,0,0,0.0
2026/06/14(日) 16:00 キックオフ,学習院大学,5,小林　恭輔,4,DF,90,先発,1,0,1,0,0.0
2026/06/14(日) 16:00 キックオフ,学習院大学,26,西山   康惺,1,DF,90,先発,0,0,0,0,0.0
2026/06/14(日) 16:00 キックオフ,学習院大学,7,児島　巧海,2,MF,90,先発,0,0,0,0,0.0
2026/06/14(日) 16:00 キックオフ,学習院大学,10,小林　千紘,4,MF,90,先発,1,1,2,1,50.0
2026/06/14(日) 16:00 キックオフ,学習院大学,11,渡辺　創士,3,MF,90,先発,1,0,1,0,0.0
2026/06/14(日) 16:00 キックオフ,学習院大学,16,藤井　冬威,2,MF,90,先発,1,0,1,0,0.0
2026/06/14(日) 16:00 キックオフ,学習院大学,27,山田   惟斗,1,MF,74,先発,0,0,0,0,0.0
2026/06/14(日) 16:00 キックオフ,学習院大学,28,加藤   大毅,1,MF,90,先発,0,0,0,0,0.0
2026/06/14(日) 16:00 キックオフ,学習院大学,20,北林　星七,2,FW,90,先発,2,0,2,1,50.0
2026/06/14(日) 16:00 キックオフ,学習院大学,12,加藤   俐功,1,GK,0,控え,0,0,0,0,0.0
2026/06/14(日) 16:00 キックオフ,学習院大学,19,河村　熙玲,3,DF,0,控え,0,0,0,0,0.0
2026/06/14(日) 16:00 キックオフ,学習院大学,24,柳澤　和希,3,DF,0,控え,0,0,0,0,0.0
2026/06/14(日) 16:00 キックオフ,学習院大学,25,西村　藍斗,3,DF,0,控え,0,0,0,0,0.0
2026/06/14(日) 16:00 キックオフ,学習院大学,14,佐藤　友樹,4,MF,0,控え,0,0,0,0,0.0
2026/06/14(日) 16:00 キックオフ,学習院大学,22,柴田　佳輝,4,MF,0,控え,0,0,0,0,0.0
2026/06/14(日) 16:00 キックオフ,学習院大学,29,端谷   蓮,1,MF,0,控え,0,0,0,0,0.0
2026/06/14(日) 16:00 キックオフ,学習院大学,17,原　壮太,4,FW,16,控え,0,0,0,0,0.0
2026/06/14(日) 16:00 キックオフ,学習院大学,32,岡本   惇之介,1,FW,0,控え,0,0,0,0,0.0
2026/07/04(土) 17:00 キックオフ,東京経済大学,12,中村　裕大,2,GK,90,先発,0,0,0,0,0.0
2026/07/04(土) 17:00 キックオフ,東京経済大学,3,古澤　友麻,3,MF,90,先発,0,1,1,0,0.0
2026/07/04(土) 17:00 キックオフ,東京経済大学,5,内田　雄真,2,DF,90,先発,0,0,0,0,0.0
2026/07/04(土) 17:00 キックオフ,東京経済大学,6,松井　一晟,3,DF,90,先発,0,0,0,0,0.0
2026/07/04(土) 17:00 キックオフ,東京経済大学,27,川畑　宇輝,3,DF,45,先発,0,0,0,0,0.0
2026/07/04(土) 17:00 キックオフ,東京経済大学,7,大塚　恭生,3,MF,90,先発,2,0,2,0,0.0
2026/07/04(土) 17:00 キックオフ,東京経済大学,10,伊崎　耕紀,4,MF,90,先発,0,0,0,0,0.0
2026/07/04(土) 17:00 キックオフ,東京経済大学,16,村松　晴登,3,MF,87,先発,1,1,2,0,0.0
2026/07/04(土) 17:00 キックオフ,東京経済大学,17,吉儀　大,3,MF,90,先発,1,1,2,0,0.0
2026/07/04(土) 17:00 キックオフ,東京経済大学,31,市川　聖龍,1,MF,90,先発,0,0,0,0,0.0
2026/07/04(土) 17:00 キックオフ,東京経済大学,33,細田　康貴,1,MF,71,先発,0,0,0,0,0.0
2026/07/04(土) 17:00 キックオフ,東京経済大学,22,村野　　大輝,3,GK,0,控え,0,0,0,0,0.0
2026/07/04(土) 17:00 キックオフ,東京経済大学,4,北林　嶺,3,DF,3,控え,0,0,0,0,0.0
2026/07/04(土) 17:00 キックオフ,東京経済大学,24,川村　大樹,2,DF,45,控え,0,0,0,0,0.0
2026/07/04(土) 17:00 キックオフ,東京経済大学,13,宮﨑　悠斗,3,MF,0,控え,0,0,0,0,0.0
2026/07/04(土) 17:00 キックオフ,東京経済大学,19,山田　士雄,2,MF,0,控え,0,0,0,0,0.0
2026/07/04(土) 17:00 キックオフ,東京経済大学,21,古垣　大樹,2,MF,0,控え,0,0,0,0,0.0
2026/07/04(土) 17:00 キックオフ,東京経済大学,34,田中　大智,4,MF,0,控え,0,0,0,0,0.0
2026/07/04(土) 17:00 キックオフ,東京経済大学,15,久保寺　壱晟,3,FW,19,控え,0,0,0,0,0.0
2026/07/04(土) 17:00 キックオフ,帝京大学,1,佐藤 翔,3,GK,90,先発,0,0,0,0,0.0
2026/07/04(土) 17:00 キックオフ,帝京大学,2,松本 大地,4,DF,90,先発,0,0,0,0,0.0
2026/07/04(土) 17:00 キックオフ,帝京大学,3,船木 匡太朗,2,DF,90,先発,0,0,0,0,0.0
2026/07/04(土) 17:00 キックオフ,帝京大学,32,矢野　琉瑚,3,DF,90,先発,0,0,0,0,0.0
2026/07/04(土) 17:00 キックオフ,帝京大学,40,田中　菱,1,DF,90,先発,1,1,2,1,50.0
2026/07/04(土) 17:00 キックオフ,帝京大学,8,桒原 一斗,3,MF,62,先発,1,0,1,0,0.0
2026/07/04(土) 17:00 キックオフ,帝京大学,9,緒方 快青,4,MF,71,先発,3,1,4,0,0.0
2026/07/04(土) 17:00 キックオフ,帝京大学,11,渡辺 結心,4,MF,41,先発,0,0,0,0,0.0
2026/07/04(土) 17:00 キックオフ,帝京大学,13,沢 柊斗,4,MF,62,先発,1,0,1,0,0.0
2026/07/04(土) 17:00 キックオフ,帝京大学,26,桾澤 琢太,3,MF,90,先発,1,0,1,0,0.0
2026/07/04(土) 17:00 キックオフ,帝京大学,14,藤田 晴,4,FW,85,先発,2,1,3,0,0.0
2026/07/04(土) 17:00 キックオフ,帝京大学,12,牧野 長太朗,2,GK,0,控え,0,0,0,0,0.0
2026/07/04(土) 17:00 キックオフ,帝京大学,4,福平 太一,4,DF,0,控え,0,0,0,0,0.0
2026/07/04(土) 17:00 キックオフ,帝京大学,6,近江 智哉,2,MF,28,控え,0,0,0,0,0.0
2026/07/04(土) 17:00 キックオフ,帝京大学,16,池内 優介,3,DF,28,控え,0,1,1,0,0.0
2026/07/04(土) 17:00 キックオフ,帝京大学,17,當間 晴琉,3,DF,49,控え,0,1,1,0,0.0
2026/07/04(土) 17:00 キックオフ,帝京大学,18,野田 侑聖,2,MF,0,控え,0,0,0,0,0.0
2026/07/04(土) 17:00 キックオフ,帝京大学,25,山下 翔世,3,DF,0,控え,0,0,0,0,0.0
2026/07/04(土) 17:00 キックオフ,帝京大学,35,古村　大和,3,DF,19,控え,0,1,1,0,0.0
2026/07/04(土) 17:00 キックオフ,帝京大学,44,加藤　慧,1,FW,5,控え,0,0,0,0,0.0
2026/06/20(土) 12:45 キックオフ,横浜国立大学（神奈川県）,1,神山　洋輝,4,GK,90,先発,0,0,0,0,0.0
2026/06/20(土) 12:45 キックオフ,横浜国立大学（神奈川県）,5,大西　遼久,4,DF,90,先発,1,1,2,0,0.0
2026/06/20(土) 12:45 キックオフ,横浜国立大学（神奈川県）,7,立入　光記,4,MF,90,先発,0,0,0,0,0.0
2026/06/20(土) 12:45 キックオフ,横浜国立大学（神奈川県）,8,小宮　昂大,3,MF,90,先発,0,1,1,0,0.0
2026/06/20(土) 12:45 キックオフ,横浜国立大学（神奈川県）,10,原子　泰地,4,FW,90,先発,2,1,3,2,66.7
2026/06/20(土) 12:45 キックオフ,横浜国立大学（神奈川県）,11,島田　健央,4,FW,68,先発,1,1,2,0,0.0
2026/06/20(土) 12:45 キックオフ,横浜国立大学（神奈川県）,13,竹中　暖喜,3,DF,87,先発,1,1,2,0,0.0
2026/06/20(土) 12:45 キックオフ,横浜国立大学（神奈川県）,15,櫻井　恵太,2,MF,62,先発,0,0,0,0,0.0
2026/06/20(土) 12:45 キックオフ,横浜国立大学（神奈川県）,28,田邉　快斗,1,DF,90,先発,1,1,2,0,0.0
2026/06/20(土) 12:45 キックオフ,横浜国立大学（神奈川県）,36,井上　愛翔,2,MF,90,先発,0,0,0,0,0.0
2026/06/20(土) 12:45 キックオフ,横浜国立大学（神奈川県）,37,佐々木　統羽,2,MF,90,先発,0,1,1,0,0.0
2026/06/20(土) 12:45 キックオフ,横浜国立大学（神奈川県）,9,篠崎　開惺,3,FW,22,控え,0,0,0,0,0.0
2026/06/20(土) 12:45 キックオフ,横浜国立大学（神奈川県）,17,小川　和真,3,FW,0,控え,0,0,0,0,0.0
2026/06/20(土) 12:45 キックオフ,横浜国立大学（神奈川県）,19,森下　優之心,2,DF,9,控え,0,0,0,0,0.0
2026/06/20(土) 12:45 キックオフ,横浜国立大学（神奈川県）,23,川岸　幹太,1,DF,0,控え,0,0,0,0,0.0
2026/06/20(土) 12:45 キックオフ,横浜国立大学（神奈川県）,32,馬塲　快,1,GK,0,控え,0,0,0,0,0.0
2026/06/20(土) 12:45 キックオフ,横浜国立大学（神奈川県）,34,長谷川　舜,1,MF,3,控え,0,0,0,0,0.0
2026/06/20(土) 12:45 キックオフ,横浜国立大学（神奈川県）,38,石榑　悠人,1,FW,0,控え,0,0,0,0,0.0
2026/06/20(土) 12:45 キックオフ,横浜国立大学（神奈川県）,27,菊地　海凪,1,MF,0,控え,0,0,0,0,0.0
2026/06/20(土) 12:45 キックオフ,横浜国立大学（神奈川県）,33,中村　朗莞,3,FW,28,控え,0,0,0,0,0.0
2026/06/20(土) 12:45 キックオフ,玉川大学,3,信賀　有希,4,DF,90,先発,1,1,2,0,0.0
2026/06/20(土) 12:45 キックオフ,玉川大学,14,林　雄琉,4,MF,65,先発,0,0,0,0,0.0
2026/06/20(土) 12:45 キックオフ,玉川大学,15,丸尾　航琉,4,DF,38,先発,0,0,0,0,0.0
2026/06/20(土) 12:45 キックオフ,玉川大学,16,今村　光汰,4,GK,90,先発,0,0,0,0,0.0
2026/06/20(土) 12:45 キックオフ,玉川大学,22,歳森　杏介,2,MF,89,先発,1,0,1,0,0.0
2026/06/20(土) 12:45 キックオフ,玉川大学,23,國本　純成,3,MF,90,先発,1,1,2,0,0.0
2026/06/20(土) 12:45 キックオフ,玉川大学,26,杉山　和勢,2,MF,90,先発,0,0,0,0,0.0
2026/06/20(土) 12:45 キックオフ,玉川大学,27,楠山　奈音,3,DF,91,先発,0,0,0,0,0.0
2026/06/20(土) 12:45 キックオフ,玉川大学,34,坂本　佳晴,2,MF,72,先発,0,0,0,0,0.0
2026/06/20(土) 12:45 キックオフ,玉川大学,36,上野　湊,3,DF,90,先発,0,0,0,0,0.0
2026/06/20(土) 12:45 キックオフ,玉川大学,37,清水　彩生,1,DF,90,先発,0,1,1,1,100.0
2026/06/20(土) 12:45 キックオフ,玉川大学,1,大熊　大輔,1,GK,0,控え,0,0,0,0,0.0
2026/06/20(土) 12:45 キックオフ,玉川大学,5,松井　琢磨,2,DF,0,控え,0,0,0,0,0.0
2026/06/20(土) 12:45 キックオフ,玉川大学,9,島　任平,2,DF,52,控え,0,0,0,0,0.0
2026/06/20(土) 12:45 キックオフ,玉川大学,11,中村　隼人,4,MF,0,控え,0,0,0,0,0.0
2026/06/20(土) 12:45 キックオフ,玉川大学,18,佐久間　駿喜,3,FW,18,控え,0,0,0,0,0.0
2026/06/20(土) 12:45 キックオフ,玉川大学,28,北村　瑞,1,DF,0,控え,0,0,0,0,0.0
2026/06/20(土) 12:45 キックオフ,玉川大学,49,鈴木ペドロ　知一郎,1,FW,1,控え,0,0,0,0,0.0
2026/06/20(土) 12:45 キックオフ,玉川大学,52,藤原　志宇,1,MF,25,控え,0,0,0,0,0.0
2026/06/20(土) 17:00 キックオフ,上智大学,1,藤田　大輝,4,GK,90,先発,0,0,0,0,0.0
2026/06/20(土) 17:00 キックオフ,上智大学,97,須田　悠斗,2,DF,87,先発,0,0,0,0,0.0
2026/06/20(土) 17:00 キックオフ,上智大学,3,松本　和輝,3,DF,90,先発,0,0,0,0,0.0
2026/06/20(土) 17:00 キックオフ,上智大学,33,村田　幸基,1,DF,90,先発,0,0,0,0,0.0
2026/06/20(土) 17:00 キックオフ,上智大学,44,山崎　颯介,2,MF,90,先発,0,0,0,0,0.0
2026/06/20(土) 17:00 キックオフ,上智大学,19,湯浦　崇斗,1,DF,78,先発,0,0,0,0,0.0
2026/06/20(土) 17:00 キックオフ,上智大学,6,荒川　哲平,3,MF,90,先発,0,1,1,0,0.0
2026/06/20(土) 17:00 キックオフ,上智大学,81,福尾　涼太,1,MF,58,先発,0,0,0,0,0.0
2026/06/20(土) 17:00 キックオフ,上智大学,8,福島　広大,4,MF,72,先発,0,0,0,0,0.0
2026/06/20(土) 17:00 キックオフ,上智大学,10,塙　　仁成,4,MF,90,先発,0,0,0,0,0.0
2026/06/20(土) 17:00 キックオフ,上智大学,9,田中　佑樹,3,FW,83,先発,0,1,1,0,0.0
2026/06/20(土) 17:00 キックオフ,上智大学,20,川島　晴空,3,DF,0,控え,0,0,0,0,0.0
2026/06/20(土) 17:00 キックオフ,上智大学,4,須藤　智洋,4,DF,3,控え,0,0,0,0,0.0
2026/06/20(土) 17:00 キックオフ,上智大学,26,宇野　伶,3,DF,0,控え,0,0,0,0,0.0
2026/06/20(土) 17:00 キックオフ,上智大学,11,笠原　真尋,3,MF,18,控え,0,0,0,0,0.0
2026/06/20(土) 17:00 キックオフ,上智大学,17,白坂　航大,4,MF,12,控え,0,0,0,0,0.0
2026/06/20(土) 17:00 キックオフ,上智大学,32,堀江　風雅,3,MF,0,控え,0,0,0,0,0.0
2026/06/20(土) 17:00 キックオフ,上智大学,48,岩永　悠杜,1,FW,0,控え,0,0,0,0,0.0
2026/06/20(土) 17:00 キックオフ,上智大学,35,大西　十和,1,FW,7,控え,0,0,0,0,0.0
2026/06/20(土) 17:00 キックオフ,上智大学,80,大島　千虎,2,FW,32,控え,0,0,0,0,0.0
2026/06/20(土) 17:00 キックオフ,帝京大学,1,佐藤 翔,3,GK,90,先発,0,0,0,0,0.0
2026/06/20(土) 17:00 キックオフ,帝京大学,3,船木 匡太朗,2,DF,90,先発,0,0,0,0,0.0
2026/06/20(土) 17:00 キックオフ,帝京大学,8,桒原 一斗,3,MF,70,先発,0,0,0,0,0.0
2026/06/20(土) 17:00 キックオフ,帝京大学,9,緒方 快青,4,MF,69,先発,3,4,7,1,14.3
2026/06/20(土) 17:00 キックオフ,帝京大学,13,沢 柊斗,4,MF,90,先発,0,1,1,1,100.0
2026/06/20(土) 17:00 キックオフ,帝京大学,17,當間 晴琉,3,DF,90,先発,2,0,2,1,50.0
2026/06/20(土) 17:00 キックオフ,帝京大学,18,野田 侑聖,2,MF,60,先発,2,0,2,0,0.0
2026/06/20(土) 17:00 キックオフ,帝京大学,26,桾澤 琢太,3,MF,80,先発,0,1,1,0,0.0
2026/06/20(土) 17:00 キックオフ,帝京大学,32,矢野　琉瑚,3,DF,90,先発,0,1,1,0,0.0
2026/06/20(土) 17:00 キックオフ,帝京大学,35,古村　大和,3,DF,45,先発,1,0,1,0,0.0
2026/06/20(土) 17:00 キックオフ,帝京大学,40,田中　菱,1,DF,90,先発,0,1,1,0,0.0
2026/06/20(土) 17:00 キックオフ,帝京大学,12,牧野 長太朗,2,GK,0,控え,0,0,0,0,0.0
2026/06/20(土) 17:00 キックオフ,帝京大学,4,福平 太一,4,DF,0,控え,0,0,0,0,0.0
2026/06/20(土) 17:00 キックオフ,帝京大学,6,近江 智哉,2,MF,20,控え,0,1,1,0,0.0
2026/06/20(土) 17:00 キックオフ,帝京大学,14,藤田 晴,4,FW,45,控え,0,2,2,0,0.0
2026/06/20(土) 17:00 キックオフ,帝京大学,16,池内 優介,3,DF,30,控え,0,3,3,1,33.3
2026/06/20(土) 17:00 キックオフ,帝京大学,25,山下 翔世,3,DF,0,控え,0,0,0,0,0.0
2026/06/20(土) 17:00 キックオフ,帝京大学,36,茂木　勇樹,1,MF,10,控え,0,0,0,0,0.0
2026/06/20(土) 17:00 キックオフ,帝京大学,43,佐々木　貴彬,1,FW,0,控え,0,0,0,0,0.0
2026/06/20(土) 17:00 キックオフ,帝京大学,44,加藤　慧,1,FW,21,控え,0,1,1,0,0.0
2026/06/20(土) 18:00 キックオフ,学習院大学,1,若尾　林太朗,3,GK,90,先発,0,0,0,0,0.0
2026/06/20(土) 18:00 キックオフ,学習院大学,3,中川　賢人,3,DF,90,先発,0,0,0,0,0.0
2026/06/20(土) 18:00 キックオフ,学習院大学,5,小林　恭輔,4,DF,90,先発,0,0,0,0,0.0
2026/06/20(土) 18:00 キックオフ,学習院大学,7,児島　巧海,2,MF,75,先発,1,0,1,0,0.0
2026/06/20(土) 18:00 キックオフ,学習院大学,10,小林　千紘,4,MF,90,先発,3,1,4,1,25.0
2026/06/20(土) 18:00 キックオフ,学習院大学,11,渡辺　創士,3,MF,90,先発,0,0,0,0,0.0
2026/06/20(土) 18:00 キックオフ,学習院大学,13,梶　圭朝,2,DF,90,先発,0,0,0,0,0.0
2026/06/20(土) 18:00 キックオフ,学習院大学,16,藤井　冬威,2,MF,90,先発,0,0,0,0,0.0
2026/06/20(土) 18:00 キックオフ,学習院大学,20,北林　星七,2,FW,69,先発,0,0,0,0,0.0
2026/06/20(土) 18:00 キックオフ,学習院大学,27,山田   惟斗,1,MF,86,先発,0,0,0,0,0.0
2026/06/20(土) 18:00 キックオフ,学習院大学,28,加藤   大毅,1,MF,90,先発,0,1,1,0,0.0
2026/06/20(土) 18:00 キックオフ,学習院大学,12,加藤   俐功,1,GK,0,控え,0,0,0,0,0.0
2026/06/20(土) 18:00 キックオフ,学習院大学,17,原　壮太,4,FW,15,控え,0,0,0,0,0.0
2026/06/20(土) 18:00 キックオフ,学習院大学,19,河村　熙玲,3,DF,0,控え,0,0,0,0,0.0
2026/06/20(土) 18:00 キックオフ,学習院大学,22,柴田　佳輝,4,MF,4,控え,0,0,0,0,0.0
2026/06/20(土) 18:00 キックオフ,学習院大学,24,柳澤　和希,3,DF,0,控え,0,0,0,0,0.0
2026/06/20(土) 18:00 キックオフ,学習院大学,26,西山   康惺,1,DF,0,控え,0,0,0,0,0.0
2026/06/20(土) 18:00 キックオフ,学習院大学,29,端谷   蓮,1,MF,0,控え,0,0,0,0,0.0
2026/06/20(土) 18:00 キックオフ,学習院大学,32,岡本   惇之介,1,FW,21,控え,0,0,0,0,0.0
2026/06/20(土) 18:00 キックオフ,桜美林大学,5,高井　翔麻,3,DF,90,先発,0,1,1,0,0.0
2026/06/20(土) 18:00 キックオフ,桜美林大学,6,吉川　遥人,4,MF,90,先発,0,0,0,0,0.0
2026/06/20(土) 18:00 キックオフ,桜美林大学,7,佐藤　天真,4,MF,77,先発,0,0,0,0,0.0
2026/06/20(土) 18:00 キックオフ,桜美林大学,10,石澤　海陽,4,FW,90,先発,0,0,0,0,0.0
2026/06/20(土) 18:00 キックオフ,桜美林大学,21,菊地　琉世,4,MF,90,先発,3,2,5,1,20.0
2026/06/20(土) 18:00 キックオフ,桜美林大学,22,高橋　陽翔,4,DF,90,先発,2,0,2,0,0.0
2026/06/20(土) 18:00 キックオフ,桜美林大学,25,大成　春斗,4,FW,86,先発,2,1,3,1,33.3
2026/06/20(土) 18:00 キックオフ,桜美林大学,31,牧野　歩,1,DF,90,先発,1,0,1,0,0.0
2026/06/20(土) 18:00 キックオフ,桜美林大学,44,堀江　響希,3,DF,90,先発,0,0,0,0,0.0
2026/06/20(土) 18:00 キックオフ,桜美林大学,90,三治　陽空,2,GK,90,先発,0,0,0,0,0.0
2026/06/20(土) 18:00 キックオフ,桜美林大学,96,木村　恵真,1,MF,82,先発,1,3,4,0,0.0
2026/06/20(土) 18:00 キックオフ,桜美林大学,9,斎藤　翔太,4,MF,8,控え,0,1,1,0,0.0
2026/06/20(土) 18:00 キックオフ,桜美林大学,14,田名部　勇,4,MF,0,控え,0,0,0,0,0.0
2026/06/20(土) 18:00 キックオフ,桜美林大学,15,大崎　陽斗,4,DF,0,控え,0,0,0,0,0.0
2026/06/20(土) 18:00 キックオフ,桜美林大学,17,山田 　結互,1,MF,0,控え,0,0,0,0,0.0
2026/06/20(土) 18:00 キックオフ,桜美林大学,20,倉橋　正吾,4,FW,4,控え,0,0,0,0,0.0
2026/06/20(土) 18:00 キックオフ,桜美林大学,41,尾﨑　克蔵,2,GK,0,控え,0,0,0,0,0.0
2026/06/20(土) 18:00 キックオフ,桜美林大学,67,細谷　隼生,2,DF,13,控え,0,0,0,0,0.0
2026/06/20(土) 18:00 キックオフ,桜美林大学,68,三浦　瑠恩,1,MF,0,控え,0,0,0,0,0.0
2026/06/20(土) 18:00 キックオフ,桜美林大学,88,山本　陵聖,4,DF,0,控え,0,0,0,0,0.0
2026/06/21(日) 10:00 キックオフ,朝鮮大学校,1,金 柱相,4,GK,90,先発,0,0,0,0,0.0
2026/06/21(日) 10:00 キックオフ,朝鮮大学校,3,李　星琉,1,DF,90,先発,0,0,0,0,0.0
2026/06/21(日) 10:00 キックオフ,朝鮮大学校,4,金 悠宇,4,DF,90,先発,0,1,1,0,0.0
2026/06/21(日) 10:00 キックオフ,朝鮮大学校,10,朴 ソラ,4,MF,82,先発,0,0,0,0,0.0
2026/06/21(日) 10:00 キックオフ,朝鮮大学校,16,高　悠邦,2,DF,90,先発,2,0,2,0,0.0
2026/06/21(日) 10:00 キックオフ,朝鮮大学校,19,金 亨政,3,MF,90,先発,0,3,3,1,33.3
2026/06/21(日) 10:00 キックオフ,朝鮮大学校,22,朴　才雄,1,MF,86,先発,0,2,2,0,0.0
2026/06/21(日) 10:00 キックオフ,朝鮮大学校,29,鄭 誓華,2,MF,90,先発,0,1,1,0,0.0
2026/06/21(日) 10:00 キックオフ,朝鮮大学校,9,金 翔元,4,FW,86,先発,0,1,1,0,0.0
2026/06/21(日) 10:00 キックオフ,朝鮮大学校,11,鄭 泰男,4,FW,80,先発,2,0,2,1,50.0
2026/06/21(日) 10:00 キックオフ,朝鮮大学校,27,金　毅昂,2,FW,63,先発,2,0,2,1,50.0
2026/06/21(日) 10:00 キックオフ,朝鮮大学校,12,金 利優,4,GK,0,控え,0,0,0,0,0.0
2026/06/21(日) 10:00 キックオフ,朝鮮大学校,2,沈 瑞輝,3,DF,10,控え,0,0,0,0,0.0
2026/06/21(日) 10:00 キックオフ,朝鮮大学校,5,愼 昌樹,4,DF,0,控え,0,0,0,0,0.0
2026/06/21(日) 10:00 キックオフ,朝鮮大学校,32,朴　誠潤,1,DF,0,控え,0,0,0,0,0.0
2026/06/21(日) 10:00 キックオフ,朝鮮大学校,6,姜 正晃,4,MF,4,控え,0,0,0,0,0.0
2026/06/21(日) 10:00 キックオフ,朝鮮大学校,13,柳　相在,1,MF,0,控え,0,0,0,0,0.0
2026/06/21(日) 10:00 キックオフ,朝鮮大学校,21,朴　創嶺,3,MF,27,控え,0,0,0,0,0.0
2026/06/21(日) 10:00 キックオフ,朝鮮大学校,23,チョ ヘフィ,4,MF,8,控え,0,0,0,0,0.0
2026/06/21(日) 10:00 キックオフ,朝鮮大学校,31,カン　フィヨン,1,FW,4,控え,0,0,0,0,0.0
2026/06/21(日) 10:00 キックオフ,大東文化大学,31,佐藤　晴翔,2,GK,90,先発,0,0,0,0,0.0
2026/06/21(日) 10:00 キックオフ,大東文化大学,3,雨宮　　壮汰,3,DF,90,先発,0,0,0,0,0.0
2026/06/21(日) 10:00 キックオフ,大東文化大学,27,津田　　楓真,2,DF,63,先発,0,0,0,0,0.0
2026/06/21(日) 10:00 キックオフ,大東文化大学,39,有賀　　大成,1,DF,45,先発,0,0,0,0,0.0
2026/06/21(日) 10:00 キックオフ,大東文化大学,46,金子　潤,2,DF,73,先発,0,0,0,0,0.0
2026/06/21(日) 10:00 キックオフ,大東文化大学,10,安藤　　稜人,4,MF,90,先発,1,2,3,1,33.3
2026/06/21(日) 10:00 キックオフ,大東文化大学,13,佐久間　勇斗,3,MF,90,先発,0,0,0,0,0.0
2026/06/21(日) 10:00 キックオフ,大東文化大学,80,石神　瞬,3,MF,90,先発,0,0,0,0,0.0
2026/06/21(日) 10:00 キックオフ,大東文化大学,88,松本　浩輝,3,MF,45,先発,0,0,0,0,0.0
2026/06/21(日) 10:00 キックオフ,大東文化大学,29,佐藤　大心,2,MF,90,先発,0,0,0,0,0.0
2026/06/21(日) 10:00 キックオフ,大東文化大学,43,並木　俊輔,2,MF,63,先発,0,0,0,0,0.0
2026/06/21(日) 10:00 キックオフ,大東文化大学,12,妹尾　典,4,GK,0,控え,0,0,0,0,0.0
2026/06/21(日) 10:00 キックオフ,大東文化大学,2,猿山　　和輝,4,DF,27,控え,0,0,0,0,0.0
2026/06/21(日) 10:00 キックオフ,大東文化大学,5,池羽　　航輝,4,DF,17,控え,0,0,0,0,0.0
2026/06/21(日) 10:00 キックオフ,大東文化大学,8,萩原　　駆,4,DF,45,控え,0,0,0,1,0.0
2026/06/21(日) 10:00 キックオフ,大東文化大学,16,栗栖　晴己,3,DF,0,控え,0,0,0,0,0.0
2026/06/21(日) 10:00 キックオフ,大東文化大学,19,上田　然,3,DF,45,控え,0,0,0,0,0.0
2026/06/21(日) 10:00 キックオフ,大東文化大学,44,宮坂　哲之真,2,MF,27,控え,0,0,0,0,0.0
2026/06/21(日) 10:00 キックオフ,大東文化大学,9,熊田　　裕,4,FW,0,控え,0,0,0,0,0.0
2026/06/21(日) 10:00 キックオフ,大東文化大学,96,奥田　大翔,2,FW,0,控え,0,0,0,0,0.0
2026/06/21(日) 17:00 キックオフ,日本大学文理学部,1,磯貝 仁斗,4,GK,90,先発,0,0,0,0,0.0
2026/06/21(日) 17:00 キックオフ,日本大学文理学部,2,横山 聡大,2,DF,90,先発,0,0,0,0,0.0
2026/06/21(日) 17:00 キックオフ,日本大学文理学部,25,間 琥太朗,3,DF,90,先発,0,0,0,0,0.0
2026/06/21(日) 17:00 キックオフ,日本大学文理学部,33,渋谷 竜聖,3,DF,69,先発,0,0,0,0,0.0
2026/06/21(日) 17:00 キックオフ,日本大学文理学部,93,小川 寧大,3,DF,90,先発,1,0,1,1,100.0
2026/06/21(日) 17:00 キックオフ,日本大学文理学部,10,城田 優,4,MF,90,先発,1,0,1,0,0.0
2026/06/21(日) 17:00 キックオフ,日本大学文理学部,14,葛西 由晏,2,MF,90,先発,1,0,1,0,0.0
2026/06/21(日) 17:00 キックオフ,日本大学文理学部,31,伊東　拓海,1,MF,90,先発,0,0,0,0,0.0
2026/06/21(日) 17:00 キックオフ,日本大学文理学部,46,鈴木 堅斗,4,MF,69,先発,0,0,0,0,0.0
2026/06/21(日) 17:00 キックオフ,日本大学文理学部,11,矢田 涼太郎,3,FW,82,先発,0,0,0,0,0.0
2026/06/21(日) 17:00 キックオフ,日本大学文理学部,27,井之上　悠,1,FW,90,先発,0,1,1,0,0.0
2026/06/21(日) 17:00 キックオフ,日本大学文理学部,91,嶋﨑 寛大,4,GK,0,控え,0,0,0,0,0.0
2026/06/21(日) 17:00 キックオフ,日本大学文理学部,37,清水 佑,3,DF,21,控え,0,0,0,0,0.0
2026/06/21(日) 17:00 キックオフ,日本大学文理学部,77,新門 一晏,2,DF,0,控え,0,0,0,0,0.0
2026/06/21(日) 17:00 キックオフ,日本大学文理学部,8,石川　雄大,1,MF,0,控え,0,0,0,0,0.0
2026/06/21(日) 17:00 キックオフ,日本大学文理学部,71,八木　良祐,1,MF,0,控え,0,0,0,0,0.0
2026/06/21(日) 17:00 キックオフ,日本大学文理学部,9,遠田 凌,4,FW,21,控え,0,0,0,0,0.0
2026/06/21(日) 17:00 キックオフ,日本大学文理学部,18,中村 陶冶,1,FW,0,控え,0,0,0,0,0.0
2026/06/21(日) 17:00 キックオフ,日本大学文理学部,28,谷口 莉都,2,FW,15,控え,0,0,0,0,0.0
2026/06/21(日) 17:00 キックオフ,日本大学文理学部,29,髙山 周,3,FW,8,控え,0,1,1,0,0.0
2026/06/21(日) 17:00 キックオフ,武蔵大学,31,湯浅　世琉亜,3,GK,90,先発,0,0,0,0,0.0
2026/06/21(日) 17:00 キックオフ,武蔵大学,22,水越　大心,3,MF,90,先発,1,0,1,0,0.0
2026/06/21(日) 17:00 キックオフ,武蔵大学,19,加藤　大聖,4,DF,90,先発,0,0,0,0,0.0
2026/06/21(日) 17:00 キックオフ,武蔵大学,4,小野寺　拓巳,2,DF,90,先発,0,0,0,0,0.0
2026/06/21(日) 17:00 キックオフ,武蔵大学,28,藤田　和,2,MF,90,先発,0,0,0,0,0.0
2026/06/21(日) 17:00 キックオフ,武蔵大学,45,寺田　聡,2,MF,90,先発,1,0,1,1,100.0
2026/06/21(日) 17:00 キックオフ,武蔵大学,33,宇野　大稀,2,MF,90,先発,1,1,2,0,0.0
2026/06/21(日) 17:00 キックオフ,武蔵大学,14,石塚　優斗,3,MF,90,先発,1,0,1,0,0.0
2026/06/21(日) 17:00 キックオフ,武蔵大学,8,中里　春輝,4,DF,65,先発,1,0,1,0,0.0
2026/06/21(日) 17:00 キックオフ,武蔵大学,11,田辺　伊吹,4,FW,90,先発,1,0,1,0,0.0
2026/06/21(日) 17:00 キックオフ,武蔵大学,47,廣井　悠真,2,FW,77,先発,1,0,1,1,100.0
2026/06/21(日) 17:00 キックオフ,武蔵大学,21,神田　謙二郎,2,GK,0,控え,0,0,0,0,0.0
2026/06/21(日) 17:00 キックオフ,武蔵大学,5,瀧川　穣,4,DF,0,控え,0,0,0,0,0.0
2026/06/21(日) 17:00 キックオフ,武蔵大学,24,永山　泰希,3,DF,0,控え,0,0,0,0,0.0
2026/06/21(日) 17:00 キックオフ,武蔵大学,40,泉谷　俊,2,MF,0,控え,0,0,0,0,0.0
2026/06/21(日) 17:00 キックオフ,武蔵大学,15,柳澤　広喜,3,MF,0,控え,0,0,0,0,0.0
2026/06/21(日) 17:00 キックオフ,武蔵大学,37,関口　陽大,2,MF,0,控え,0,0,0,0,0.0
2026/06/21(日) 17:00 キックオフ,武蔵大学,49,宮本　理央,1,MF,25,控え,0,0,0,0,0.0
2026/06/21(日) 17:00 キックオフ,武蔵大学,13,藤倉　空知,3,MF,13,控え,0,0,0,0,0.0
2026/06/21(日) 17:00 キックオフ,武蔵大学,18,美濃和　碧,1,MF,0,控え,0,0,0,0,0.0
2026/07/11(土) 10:00 キックオフ,神奈川工科大学（神奈川県）,2,菅原　颯太郎,3,DF,79,先発,0,0,0,0,0.0
2026/07/11(土) 10:00 キックオフ,神奈川工科大学（神奈川県）,3,五十嵐　晴生,3,DF,90,先発,0,0,0,0,0.0
2026/07/11(土) 10:00 キックオフ,神奈川工科大学（神奈川県）,7,小林　優介,3,MF,90,先発,0,2,2,0,0.0
2026/07/11(土) 10:00 キックオフ,神奈川工科大学（神奈川県）,9,功刀　崇斗,4,FW,90,先発,1,2,3,0,0.0
2026/07/11(土) 10:00 キックオフ,神奈川工科大学（神奈川県）,13,齊藤　大翔,1,MF,90,先発,0,0,0,0,0.0
2026/07/11(土) 10:00 キックオフ,神奈川工科大学（神奈川県）,15,林　晃希,2,DF,46,先発,0,0,0,0,0.0
2026/07/11(土) 10:00 キックオフ,神奈川工科大学（神奈川県）,17,大山　和真,2,MF,90,先発,0,0,0,0,0.0
2026/07/11(土) 10:00 キックオフ,神奈川工科大学（神奈川県）,18,前原　海聖,2,FW,73,先発,1,0,1,0,0.0
2026/07/11(土) 10:00 キックオフ,神奈川工科大学（神奈川県）,19,脇屋　颯人,1,FW,73,先発,0,1,1,0,0.0
2026/07/11(土) 10:00 キックオフ,神奈川工科大学（神奈川県）,29,常盤　啓太,1,DF,90,先発,0,0,0,0,0.0
2026/07/11(土) 10:00 キックオフ,神奈川工科大学（神奈川県）,30,大久保　陸翔,1,GK,90,先発,0,0,0,0,0.0
2026/07/11(土) 10:00 キックオフ,神奈川工科大学（神奈川県）,5,橋本　晃進,3,MF,44,控え,0,0,0,0,0.0
2026/07/11(土) 10:00 キックオフ,神奈川工科大学（神奈川県）,6,石塚　快,3,MF,17,控え,0,0,0,0,0.0
2026/07/11(土) 10:00 キックオフ,神奈川工科大学（神奈川県）,8,春原　	哲汰,3,MF,11,控え,0,0,0,0,0.0
2026/07/11(土) 10:00 キックオフ,神奈川工科大学（神奈川県）,11,平田　竜誠,4,DF,17,控え,0,1,1,0,0.0
2026/07/11(土) 10:00 キックオフ,神奈川工科大学（神奈川県）,14,杉本　侑哉,3,MF,0,控え,0,0,0,0,0.0
2026/07/11(土) 10:00 キックオフ,神奈川工科大学（神奈川県）,21,福島　迅人,3,GK,0,控え,0,0,0,0,0.0
2026/07/11(土) 10:00 キックオフ,神奈川工科大学（神奈川県）,23,小野　晟和,1,MF,0,控え,0,0,0,0,0.0
2026/07/11(土) 10:00 キックオフ,神奈川工科大学（神奈川県）,25,和田　岳空,1,MF,0,控え,0,0,0,0,0.0
2026/07/11(土) 10:00 キックオフ,神奈川工科大学（神奈川県）,27,宮代　匠,4,MF,0,控え,0,0,0,0,0.0
2026/07/11(土) 10:00 キックオフ,東京経済大学,3,古澤　友麻,3,MF,90,先発,1,1,2,1,50.0
2026/07/11(土) 10:00 キックオフ,東京経済大学,5,内田　雄真,2,DF,90,先発,1,0,1,0,0.0
2026/07/11(土) 10:00 キックオフ,東京経済大学,6,松井　一晟,3,DF,90,先発,0,0,0,0,0.0
2026/07/11(土) 10:00 キックオフ,東京経済大学,10,伊崎　耕紀,4,MF,90,先発,0,0,0,0,0.0
2026/07/11(土) 10:00 キックオフ,東京経済大学,12,中村　裕大,2,GK,90,先発,0,0,0,0,0.0
2026/07/11(土) 10:00 キックオフ,東京経済大学,13,宮﨑　悠斗,3,MF,90,先発,2,0,2,0,0.0
2026/07/11(土) 10:00 キックオフ,東京経済大学,15,久保寺　壱晟,3,FW,78,先発,2,0,2,0,0.0
2026/07/11(土) 10:00 キックオフ,東京経済大学,16,村松　晴登,3,MF,78,先発,2,2,4,2,50.0
2026/07/11(土) 10:00 キックオフ,東京経済大学,17,吉儀　大,3,MF,90,先発,1,1,2,0,0.0
2026/07/11(土) 10:00 キックオフ,東京経済大学,23,森田　颯,4,MF,62,先発,2,0,2,2,100.0
2026/07/11(土) 10:00 キックオフ,東京経済大学,31,市川　聖龍,1,MF,62,先発,0,1,1,0,0.0
2026/07/11(土) 10:00 キックオフ,東京経済大学,2,瀬下　琥太郎,2,DF,0,控え,0,0,0,0,0.0
2026/07/11(土) 10:00 キックオフ,東京経済大学,11,前島　陽向,4,FW,0,控え,0,0,0,0,0.0
2026/07/11(土) 10:00 キックオフ,東京経済大学,19,山田　士雄,2,MF,0,控え,0,0,0,0,0.0
2026/07/11(土) 10:00 キックオフ,東京経済大学,21,古垣　大樹,2,MF,12,控え,0,2,2,2,100.0
2026/07/11(土) 10:00 キックオフ,東京経済大学,22,村野　　大輝,3,GK,0,控え,0,0,0,0,0.0
2026/07/11(土) 10:00 キックオフ,東京経済大学,25,都留　玄多,1,DF,28,控え,0,0,0,0,0.0
2026/07/11(土) 10:00 キックオフ,東京経済大学,29,駒田　晴生,3,MF,12,控え,0,0,0,0,0.0
2026/07/11(土) 10:00 キックオフ,東京経済大学,32,峠舘　永愛,1,MF,0,控え,0,0,0,0,0.0
2026/07/11(土) 10:00 キックオフ,東京経済大学,34,田中　大智,4,MF,28,控え,0,0,0,0,0.0
2026/06/28(日) 10:00 キックオフ,東京経済大学,12,中村　裕大,2,GK,90,先発,0,0,0,0,0.0
2026/06/28(日) 10:00 キックオフ,東京経済大学,4,北林　嶺,3,DF,90,先発,0,0,0,0,0.0
2026/06/28(日) 10:00 キックオフ,東京経済大学,5,内田　雄真,2,DF,90,先発,1,0,1,0,0.0
2026/06/28(日) 10:00 キックオフ,東京経済大学,27,川畑　宇輝,3,DF,61,先発,0,0,0,0,0.0
2026/06/28(日) 10:00 キックオフ,東京経済大学,3,古澤　友麻,3,MF,90,先発,3,0,3,0,0.0
2026/06/28(日) 10:00 キックオフ,東京経済大学,7,大塚　恭生,3,MF,90,先発,2,1,3,0,0.0
2026/06/28(日) 10:00 キックオフ,東京経済大学,10,伊崎　耕紀,4,MF,90,先発,0,1,1,1,100.0
2026/06/28(日) 10:00 キックオフ,東京経済大学,16,村松　晴登,3,MF,90,先発,2,0,2,0,0.0
2026/06/28(日) 10:00 キックオフ,東京経済大学,17,吉儀　大,3,MF,89,先発,0,2,2,1,50.0
2026/06/28(日) 10:00 キックオフ,東京経済大学,31,市川　聖龍,1,MF,86,先発,0,0,0,0,0.0
2026/06/28(日) 10:00 キックオフ,東京経済大学,18,渡部　隼翔,1,FW,86,先発,3,1,4,0,0.0
2026/06/28(日) 10:00 キックオフ,東京経済大学,22,村野　　大輝,3,GK,0,控え,0,0,0,0,0.0
2026/06/28(日) 10:00 キックオフ,東京経済大学,24,川村　大樹,2,DF,29,控え,0,0,0,1,0.0
2026/06/28(日) 10:00 キックオフ,東京経済大学,26,田中　大夢,不明,DF,4,控え,0,0,0,0,0.0
2026/06/28(日) 10:00 キックオフ,東京経済大学,19,山田　士雄,2,MF,0,控え,0,0,0,0,0.0
2026/06/28(日) 10:00 キックオフ,東京経済大学,23,森田　颯,4,MF,1,控え,0,0,0,0,0.0
2026/06/28(日) 10:00 キックオフ,東京経済大学,32,峠舘　永愛,1,MF,0,控え,0,0,0,0,0.0
2026/06/28(日) 10:00 キックオフ,東京経済大学,34,田中　大智,4,MF,0,控え,0,0,0,0,0.0
2026/06/28(日) 10:00 キックオフ,東京経済大学,11,前島　陽向,4,FW,4,控え,0,0,0,0,0.0
2026/06/28(日) 10:00 キックオフ,東京経済大学,15,久保寺　壱晟,3,FW,0,控え,0,0,0,0,0.0
2026/06/28(日) 10:00 キックオフ,上智大学,1,藤田　大輝,4,GK,90,先発,0,0,0,0,0.0
2026/06/28(日) 10:00 キックオフ,上智大学,19,湯浦　崇斗,1,DF,80,先発,0,0,0,0,0.0
2026/06/28(日) 10:00 キックオフ,上智大学,33,村田　幸基,1,DF,90,先発,0,2,2,0,0.0
2026/06/28(日) 10:00 キックオフ,上智大学,97,須田　悠斗,2,DF,90,先発,0,0,0,0,0.0
2026/06/28(日) 10:00 キックオフ,上智大学,6,荒川　哲平,3,MF,90,先発,0,0,0,0,0.0
2026/06/28(日) 10:00 キックオフ,上智大学,8,福島　広大,4,MF,90,先発,0,0,0,0,0.0
2026/06/28(日) 10:00 キックオフ,上智大学,10,塙　　仁成,4,MF,90,先発,3,1,4,0,0.0
2026/06/28(日) 10:00 キックオフ,上智大学,44,山崎　颯介,2,MF,90,先発,0,0,0,0,0.0
2026/06/28(日) 10:00 キックオフ,上智大学,81,福尾　涼太,1,MF,67,先発,1,1,2,0,0.0
2026/06/28(日) 10:00 キックオフ,上智大学,35,大西　十和,1,FW,83,先発,1,1,2,0,0.0
2026/06/28(日) 10:00 キックオフ,上智大学,80,大島　千虎,2,FW,67,先発,1,0,1,0,0.0
2026/06/28(日) 10:00 キックオフ,上智大学,20,川島　晴空,3,GK,0,控え,0,0,0,0,0.0
2026/06/28(日) 10:00 キックオフ,上智大学,3,松本　和輝,3,DF,0,控え,0,0,0,0,0.0
2026/06/28(日) 10:00 キックオフ,上智大学,4,須藤　智洋,4,DF,4,控え,0,0,0,0,0.0
2026/06/28(日) 10:00 キックオフ,上智大学,26,宇野　伶,3,DF,0,控え,0,0,0,0,0.0
2026/06/28(日) 10:00 キックオフ,上智大学,11,笠原　真尋,3,MF,23,控え,0,0,0,0,0.0
2026/06/28(日) 10:00 キックオフ,上智大学,17,白坂　航大,4,MF,0,控え,0,0,0,0,0.0
2026/06/28(日) 10:00 キックオフ,上智大学,32,堀江　風雅,3,MF,10,控え,0,0,0,0,0.0
2026/06/28(日) 10:00 キックオフ,上智大学,9,田中　佑樹,3,FW,23,控え,0,0,0,0,0.0
2026/06/28(日) 10:00 キックオフ,上智大学,48,岩永　悠杜,1,FW,7,控え,0,0,0,0,0.0
2026/06/28(日) 10:00 キックオフ,武蔵大学,21,神田　謙二郎,2,GK,90,先発,0,0,0,0,0.0
2026/06/28(日) 10:00 キックオフ,武蔵大学,22,水越　大心,3,MF,90,先発,1,1,2,1,50.0
2026/06/28(日) 10:00 キックオフ,武蔵大学,19,加藤　大聖,4,DF,90,先発,0,0,0,0,0.0
2026/06/28(日) 10:00 キックオフ,武蔵大学,4,小野寺　拓巳,2,DF,90,先発,0,1,1,0,0.0
2026/06/28(日) 10:00 キックオフ,武蔵大学,28,藤田　和,2,MF,90,先発,1,1,2,0,0.0
2026/06/28(日) 10:00 キックオフ,武蔵大学,45,寺田　聡,2,MF,90,先発,1,2,3,0,0.0
2026/06/28(日) 10:00 キックオフ,武蔵大学,33,宇野　大稀,2,MF,90,先発,2,0,2,0,0.0
2026/06/28(日) 10:00 キックオフ,武蔵大学,14,石塚　優斗,3,MF,73,先発,1,0,1,1,100.0
2026/06/28(日) 10:00 キックオフ,武蔵大学,8,中里　春輝,4,DF,78,先発,0,0,0,0,0.0
2026/06/28(日) 10:00 キックオフ,武蔵大学,11,田辺　伊吹,4,FW,64,先発,2,2,4,0,0.0
2026/06/28(日) 10:00 キックオフ,武蔵大学,47,廣井　悠真,2,FW,88,先発,4,2,6,1,16.7
2026/06/28(日) 10:00 キックオフ,武蔵大学,1,重山　武史,4,GK,0,控え,0,0,0,0,0.0
2026/06/28(日) 10:00 キックオフ,武蔵大学,5,瀧川　穣,4,DF,0,控え,0,0,0,0,0.0
2026/06/28(日) 10:00 キックオフ,武蔵大学,3,中嶋　惇仁,4,DF,0,控え,0,0,0,0,0.0
2026/06/28(日) 10:00 キックオフ,武蔵大学,15,柳澤　広喜,3,MF,0,控え,0,0,0,0,0.0
2026/06/28(日) 10:00 キックオフ,武蔵大学,13,藤倉　空知,3,MF,2,控え,0,0,0,0,0.0
2026/06/28(日) 10:00 キックオフ,武蔵大学,49,宮本　理央,1,MF,26,控え,0,1,1,1,100.0
2026/06/28(日) 10:00 キックオフ,武蔵大学,26,池戸　虹成,2,MF,17,控え,0,0,0,0,0.0
2026/06/28(日) 10:00 キックオフ,武蔵大学,18,美濃和　碧,1,MF,12,控え,0,0,0,0,0.0
2026/06/28(日) 10:00 キックオフ,武蔵大学,10,森田　蓮人,4,FW,0,控え,0,0,0,0,0.0
2026/06/28(日) 10:00 キックオフ,玉川大学,16,今村　光汰,4,GK,90,先発,0,0,0,0,0.0
2026/06/28(日) 10:00 キックオフ,玉川大学,3,信賀　有希,4,DF,90,先発,0,0,0,0,0.0
2026/06/28(日) 10:00 キックオフ,玉川大学,27,楠山　奈音,3,DF,73,先発,0,0,0,0,0.0
2026/06/28(日) 10:00 キックオフ,玉川大学,37,清水　彩生,1,DF,90,先発,0,0,0,0,0.0
2026/06/28(日) 10:00 キックオフ,玉川大学,26,杉山　和勢,2,MF,90,先発,0,1,1,0,0.0
2026/06/28(日) 10:00 キックオフ,玉川大学,36,上野　湊,3,DF,87,先発,1,0,1,0,0.0
2026/06/28(日) 10:00 キックオフ,玉川大学,15,丸尾　航琉,4,DF,66,先発,2,0,2,0,0.0
2026/06/28(日) 10:00 キックオフ,玉川大学,10,内田　凜,4,MF,90,先発,0,0,0,0,0.0
2026/06/28(日) 10:00 キックオフ,玉川大学,24,前田　陽平,1,MF,90,先発,0,1,1,0,0.0
2026/06/28(日) 10:00 キックオフ,玉川大学,18,佐久間　駿喜,3,FW,57,先発,0,0,0,0,0.0
2026/06/28(日) 10:00 キックオフ,玉川大学,23,國本　純成,3,MF,90,先発,2,0,2,1,50.0
2026/06/28(日) 10:00 キックオフ,玉川大学,1,大熊　大輔,1,GK,0,控え,0,0,0,0,0.0
2026/06/28(日) 10:00 キックオフ,玉川大学,19,国谷　康太,3,FW,3,控え,0,0,0,0,0.0
2026/06/28(日) 10:00 キックオフ,玉川大学,22,歳森　杏介,2,MF,33,控え,0,2,2,0,0.0
2026/06/28(日) 10:00 キックオフ,玉川大学,52,藤原　志宇,1,MF,0,控え,0,0,0,0,0.0
2026/06/28(日) 10:00 キックオフ,玉川大学,11,中村　隼人,4,MF,24,控え,0,1,1,0,0.0
2026/06/28(日) 10:00 キックオフ,玉川大学,14,林　雄琉,4,MF,0,控え,0,0,0,0,0.0
2026/06/28(日) 10:00 キックオフ,玉川大学,34,坂本　佳晴,2,MF,0,控え,0,0,0,0,0.0
2026/06/28(日) 10:00 キックオフ,玉川大学,7,森岡　大地,4,MF,0,控え,0,0,0,0,0.0
2026/06/28(日) 10:00 キックオフ,玉川大学,28,北村　瑞,1,DF,17,控え,0,0,0,0,0.0
2026/07/04(土) 10:00 キックオフ,神奈川工科大学（神奈川県）,2,菅原　颯太郎,3,DF,90,先発,0,0,0,0,0.0
2026/07/04(土) 10:00 キックオフ,神奈川工科大学（神奈川県）,4,吉田　太陽,3,DF,90,先発,0,0,0,0,0.0
2026/07/04(土) 10:00 キックオフ,神奈川工科大学（神奈川県）,7,小林　優介,3,MF,90,先発,0,2,2,0,0.0
2026/07/04(土) 10:00 キックオフ,神奈川工科大学（神奈川県）,9,功刀　崇斗,4,FW,90,先発,0,0,0,0,0.0
2026/07/04(土) 10:00 キックオフ,神奈川工科大学（神奈川県）,13,齊藤　大翔,1,MF,90,先発,0,0,0,0,0.0
2026/07/04(土) 10:00 キックオフ,神奈川工科大学（神奈川県）,15,林　晃希,2,DF,80,先発,0,0,0,0,0.0
2026/07/04(土) 10:00 キックオフ,神奈川工科大学（神奈川県）,18,前原　海聖,2,FW,71,先発,1,1,2,0,0.0
2026/07/04(土) 10:00 キックオフ,神奈川工科大学（神奈川県）,19,脇屋　颯人,1,FW,58,先発,1,0,1,0,0.0
2026/07/04(土) 10:00 キックオフ,神奈川工科大学（神奈川県）,25,和田　岳空,1,MF,46,先発,0,0,0,0,0.0
2026/07/04(土) 10:00 キックオフ,神奈川工科大学（神奈川県）,29,常盤　啓太,1,DF,90,先発,0,0,0,0,0.0
2026/07/04(土) 10:00 キックオフ,神奈川工科大学（神奈川県）,30,大久保　陸翔,1,GK,90,先発,0,0,0,0,0.0
2026/07/04(土) 10:00 キックオフ,神奈川工科大学（神奈川県）,3,五十嵐　晴生,3,DF,10,控え,0,1,1,0,0.0
2026/07/04(土) 10:00 キックオフ,神奈川工科大学（神奈川県）,6,石塚　快,3,MF,32,控え,0,0,0,0,0.0
2026/07/04(土) 10:00 キックオフ,神奈川工科大学（神奈川県）,8,春原　	哲汰,3,MF,19,控え,0,0,0,0,0.0
2026/07/04(土) 10:00 キックオフ,神奈川工科大学（神奈川県）,11,平田　竜誠,4,DF,44,控え,0,0,0,0,0.0
2026/07/04(土) 10:00 キックオフ,神奈川工科大学（神奈川県）,17,大山　和真,2,MF,0,控え,0,0,0,0,0.0
2026/07/04(土) 10:00 キックオフ,神奈川工科大学（神奈川県）,21,福島　迅人,3,GK,0,控え,0,0,0,0,0.0
2026/07/04(土) 10:00 キックオフ,神奈川工科大学（神奈川県）,23,小野　晟和,1,MF,0,控え,0,0,0,0,0.0
2026/07/04(土) 10:00 キックオフ,神奈川工科大学（神奈川県）,27,宮代　匠,4,MF,0,控え,0,0,0,0,0.0
2026/07/04(土) 10:00 キックオフ,朝鮮大学校,3,李　星琉,1,DF,53,先発,0,0,0,0,0.0
2026/07/04(土) 10:00 キックオフ,朝鮮大学校,4,金 悠宇,4,DF,90,先発,0,0,0,0,0.0
2026/07/04(土) 10:00 キックオフ,朝鮮大学校,6,姜 正晃,4,MF,90,先発,0,0,0,0,0.0
2026/07/04(土) 10:00 キックオフ,朝鮮大学校,9,金 翔元,4,MF,69,先発,1,1,2,1,50.0
2026/07/04(土) 10:00 キックオフ,朝鮮大学校,10,朴 ソラ,4,MF,90,先発,0,0,0,0,0.0
2026/07/04(土) 10:00 キックオフ,朝鮮大学校,11,鄭 泰男,4,MF,90,先発,1,2,3,0,0.0
2026/07/04(土) 10:00 キックオフ,朝鮮大学校,12,金 利優,4,GK,90,先発,0,0,0,0,0.0
2026/07/04(土) 10:00 キックオフ,朝鮮大学校,19,金 亨政,3,MF,90,先発,0,0,0,0,0.0
2026/07/04(土) 10:00 キックオフ,朝鮮大学校,22,朴　才雄,1,FW,88,先発,0,1,1,0,0.0
2026/07/04(土) 10:00 キックオフ,朝鮮大学校,27,金　毅昂,2,MF,53,先発,1,0,1,1,100.0
2026/07/04(土) 10:00 キックオフ,朝鮮大学校,29,鄭 誓華,2,MF,90,先発,0,0,0,0,0.0
2026/07/04(土) 10:00 キックオフ,朝鮮大学校,2,沈 瑞輝,3,DF,37,控え,0,0,0,0,0.0
2026/07/04(土) 10:00 キックオフ,朝鮮大学校,5,愼 昌樹,4,DF,0,控え,0,0,0,0,0.0
2026/07/04(土) 10:00 キックオフ,朝鮮大学校,8,李　良成,1,MF,37,控え,0,1,1,0,0.0
2026/07/04(土) 10:00 キックオフ,朝鮮大学校,16,高　悠邦,2,DF,0,控え,0,0,0,0,0.0
2026/07/04(土) 10:00 キックオフ,朝鮮大学校,21,朴　創嶺,3,MF,21,控え,0,0,0,0,0.0
2026/07/04(土) 10:00 キックオフ,朝鮮大学校,23,チョ ヘフィ,4,MF,0,控え,0,0,0,0,0.0
2026/07/04(土) 10:00 キックオフ,朝鮮大学校,28,崔 廣敏,4,MF,2,控え,0,0,0,0,0.0
2026/07/04(土) 10:00 キックオフ,朝鮮大学校,30,李 燦喜,2,GK,0,控え,0,0,0,0,0.0
2026/07/04(土) 10:00 キックオフ,朝鮮大学校,31,カン　フィヨン,1,FW,0,控え,0,0,0,0,0.0
2026/07/04(土) 12:45 キックオフ,桜美林大学,5,高井　翔麻,3,DF,90,先発,1,3,4,1,25.0
2026/07/04(土) 12:45 キックオフ,桜美林大学,6,吉川　遥人,4,MF,90,先発,0,0,0,0,0.0
2026/07/04(土) 12:45 キックオフ,桜美林大学,7,佐藤　天真,4,MF,70,先発,0,0,0,0,0.0
2026/07/04(土) 12:45 キックオフ,桜美林大学,10,石澤　海陽,4,FW,75,先発,0,0,0,0,0.0
2026/07/04(土) 12:45 キックオフ,桜美林大学,15,大崎　陽斗,4,DF,85,先発,1,1,2,0,0.0
2026/07/04(土) 12:45 キックオフ,桜美林大学,21,菊地　琉世,4,MF,90,先発,0,1,1,1,100.0
2026/07/04(土) 12:45 キックオフ,桜美林大学,25,大成　春斗,4,FW,70,先発,0,3,3,0,0.0
2026/07/04(土) 12:45 キックオフ,桜美林大学,31,牧野　歩,1,DF,90,先発,2,0,2,0,0.0
2026/07/04(土) 12:45 キックオフ,桜美林大学,55,渋谷　知都,4,DF,90,先発,0,0,0,0,0.0
2026/07/04(土) 12:45 キックオフ,桜美林大学,90,三治　陽空,2,GK,90,先発,0,0,0,0,0.0
2026/07/04(土) 12:45 キックオフ,桜美林大学,96,木村　恵真,1,MF,70,先発,0,0,0,0,0.0
2026/07/04(土) 12:45 キックオフ,桜美林大学,3,岩本　晴,4,DF,5,控え,0,0,0,0,0.0
2026/07/04(土) 12:45 キックオフ,桜美林大学,9,斎藤　翔太,4,MF,20,控え,0,1,1,0,0.0
2026/07/04(土) 12:45 キックオフ,桜美林大学,14,田名部　勇,4,MF,20,控え,0,1,1,0,0.0
2026/07/04(土) 12:45 キックオフ,桜美林大学,17,山田 　結互,1,MF,0,控え,0,0,0,0,0.0
2026/07/04(土) 12:45 キックオフ,桜美林大学,20,倉橋　正吾,4,FW,0,控え,0,0,0,0,0.0
2026/07/04(土) 12:45 キックオフ,桜美林大学,44,堀江　響希,3,DF,0,控え,0,0,0,0,0.0
2026/07/04(土) 12:45 キックオフ,桜美林大学,41,尾﨑　克蔵,2,GK,0,控え,0,0,0,0,0.0
2026/07/04(土) 12:45 キックオフ,桜美林大学,67,細谷　隼生,2,DF,20,控え,0,1,1,0,0.0
2026/07/04(土) 12:45 キックオフ,桜美林大学,68,三浦　瑠恩,1,MF,15,控え,0,0,0,0,0.0
2026/07/04(土) 12:45 キックオフ,横浜国立大学（神奈川県）,1,神山　洋輝,4,GK,90,先発,0,0,0,0,0.0
2026/07/04(土) 12:45 キックオフ,横浜国立大学（神奈川県）,3,髙木　直,2,MF,90,先発,0,0,0,0,0.0
2026/07/04(土) 12:45 キックオフ,横浜国立大学（神奈川県）,5,大西　遼久,4,DF,90,先発,1,0,1,0,0.0
2026/07/04(土) 12:45 キックオフ,横浜国立大学（神奈川県）,7,立入　光記,4,MF,90,先発,0,1,1,0,0.0
2026/07/04(土) 12:45 キックオフ,横浜国立大学（神奈川県）,8,小宮　昂大,3,MF,90,先発,0,0,0,0,0.0
2026/07/04(土) 12:45 キックオフ,横浜国立大学（神奈川県）,10,原子　泰地,4,FW,90,先発,0,2,2,1,50.0
2026/07/04(土) 12:45 キックオフ,横浜国立大学（神奈川県）,11,島田　健央,4,FW,72,先発,0,0,0,0,0.0
2026/07/04(土) 12:45 キックオフ,横浜国立大学（神奈川県）,26,加藤　士門,4,FW,90,先発,0,0,0,0,0.0
2026/07/04(土) 12:45 キックオフ,横浜国立大学（神奈川県）,28,田邉　快斗,1,DF,90,先発,0,0,0,0,0.0
2026/07/04(土) 12:45 キックオフ,横浜国立大学（神奈川県）,33,中村　朗莞,3,FW,90,先発,0,0,0,0,0.0
2026/07/04(土) 12:45 キックオフ,横浜国立大学（神奈川県）,36,井上　愛翔,2,MF,85,先発,1,0,1,0,0.0
2026/07/04(土) 12:45 キックオフ,横浜国立大学（神奈川県）,9,篠崎　開惺,3,FW,0,控え,0,0,0,0,0.0
2026/07/04(土) 12:45 キックオフ,横浜国立大学（神奈川県）,15,櫻井　恵太,2,MF,18,控え,0,1,1,0,0.0
2026/07/04(土) 12:45 キックオフ,横浜国立大学（神奈川県）,16,井上　哲志,4,GK,0,控え,0,0,0,0,0.0
2026/07/04(土) 12:45 キックオフ,横浜国立大学（神奈川県）,17,小川　和真,3,FW,0,控え,0,0,0,0,0.0
2026/07/04(土) 12:45 キックオフ,横浜国立大学（神奈川県）,18,田房　朋樹,2,MF,0,控え,0,0,0,0,0.0
2026/07/04(土) 12:45 キックオフ,横浜国立大学（神奈川県）,19,森下　優之心,2,DF,0,控え,0,0,0,0,0.0
2026/07/04(土) 12:45 キックオフ,横浜国立大学（神奈川県）,23,川岸　幹太,1,DF,5,控え,0,0,0,0,0.0
2026/07/04(土) 12:45 キックオフ,横浜国立大学（神奈川県）,34,長谷川　舜,1,MF,0,控え,0,0,0,0,0.0
2026/07/04(土) 12:45 キックオフ,横浜国立大学（神奈川県）,38,石榑　悠人,1,FW,0,控え,0,0,0,0,0.0
2026/07/04(土) 17:00 キックオフ,大東文化大学,1,清水　　天斗,4,GK,90,先発,0,0,0,0,0.0
2026/07/04(土) 17:00 キックオフ,大東文化大学,2,猿山　　和輝,4,DF,90,先発,0,0,0,0,0.0
2026/07/04(土) 17:00 キックオフ,大東文化大学,3,雨宮　　壮汰,3,DF,90,先発,1,0,1,0,0.0
2026/07/04(土) 17:00 キックオフ,大東文化大学,5,池羽　　航輝,4,DF,84,先発,0,0,0,0,0.0
2026/07/04(土) 17:00 キックオフ,大東文化大学,10,安藤　　稜人,4,MF,90,先発,1,0,1,1,100.0
2026/07/04(土) 17:00 キックオフ,大東文化大学,14,信國　達也,3,MF,66,先発,0,2,2,0,0.0
2026/07/04(土) 17:00 キックオフ,大東文化大学,88,松本　浩輝,3,MF,71,先発,1,0,1,0,0.0
2026/07/04(土) 17:00 キックオフ,大東文化大学,47,渡辺　浩史,3,MF,71,先発,0,0,0,0,0.0
2026/07/04(土) 17:00 キックオフ,大東文化大学,8,萩原　　駆,4,MF,90,先発,1,2,3,0,0.0
2026/07/04(土) 17:00 キックオフ,大東文化大学,96,奥田　大翔,2,FW,66,先発,2,0,2,0,0.0
2026/07/04(土) 17:00 キックオフ,大東文化大学,29,佐藤　大心,2,MF,90,先発,1,0,1,1,100.0
2026/07/04(土) 17:00 キックオフ,大東文化大学,12,妹尾　典,4,GK,0,控え,0,0,0,0,0.0
2026/07/04(土) 17:00 キックオフ,大東文化大学,28,田中　颯人,2,DF,6,控え,0,0,0,0,0.0
2026/07/04(土) 17:00 キックオフ,大東文化大学,22,髙野　　広大,2,DF,0,控え,0,0,0,0,0.0
2026/07/04(土) 17:00 キックオフ,大東文化大学,39,有賀　　大成,1,DF,0,控え,0,0,0,0,0.0
2026/07/04(土) 17:00 キックオフ,大東文化大学,11,舘　颯之介,4,MF,24,控え,0,0,0,0,0.0
2026/07/04(土) 17:00 キックオフ,大東文化大学,23,船津　圭太,2,MF,19,控え,0,0,0,0,0.0
2026/07/04(土) 17:00 キックオフ,大東文化大学,43,並木　俊輔,2,MF,24,控え,0,0,0,1,0.0
2026/07/04(土) 17:00 キックオフ,大東文化大学,19,上田　然,3,FW,19,控え,0,0,0,0,0.0
2026/07/04(土) 17:00 キックオフ,大東文化大学,7,笠原　　壮瑠,4,FW,0,控え,0,0,0,0,0.0
2026/07/04(土) 17:00 キックオフ,日本大学文理学部,1,磯貝 仁斗,4,GK,90,先発,0,0,0,0,0.0
2026/07/04(土) 17:00 キックオフ,日本大学文理学部,2,横山 聡大,2,DF,90,先発,0,2,2,1,50.0
2026/07/04(土) 17:00 キックオフ,日本大学文理学部,3,北村 翼,3,DF,84,先発,0,0,0,0,0.0
2026/07/04(土) 17:00 キックオフ,日本大学文理学部,10,城田 優,4,MF,90,先発,0,2,2,1,50.0
2026/07/04(土) 17:00 キックオフ,日本大学文理学部,14,葛西 由晏,2,MF,81,先発,2,0,2,0,0.0
2026/07/04(土) 17:00 キックオフ,日本大学文理学部,19,有田 海志,3,FW,72,先発,1,1,2,1,50.0
2026/07/04(土) 17:00 キックオフ,日本大学文理学部,24,川口 友作,4,MF,69,先発,0,0,0,0,0.0
2026/07/04(土) 17:00 キックオフ,日本大学文理学部,25,間 琥太朗,3,DF,90,先発,0,0,0,0,0.0
2026/07/04(土) 17:00 キックオフ,日本大学文理学部,31,伊東　拓海,1,MF,90,先発,1,0,1,0,0.0
2026/07/04(土) 17:00 キックオフ,日本大学文理学部,33,渋谷 竜聖,3,DF,90,先発,0,0,0,0,0.0
2026/07/04(土) 17:00 キックオフ,日本大学文理学部,93,小川 寧大,3,DF,90,先発,0,0,0,0,0.0
2026/07/04(土) 17:00 キックオフ,日本大学文理学部,5,星 恒輝,3,MF,9,控え,0,0,0,0,0.0
2026/07/04(土) 17:00 キックオフ,日本大学文理学部,11,矢田 涼太郎,3,FW,21,控え,0,0,0,0,0.0
2026/07/04(土) 17:00 キックオフ,日本大学文理学部,12,松尾 凜久,4,MF,0,控え,0,0,0,0,0.0
2026/07/04(土) 17:00 キックオフ,日本大学文理学部,18,中村 陶冶,1,FW,0,控え,0,0,0,0,0.0
2026/07/04(土) 17:00 キックオフ,日本大学文理学部,28,谷口 莉都,2,FW,18,控え,0,0,0,0,0.0
2026/07/04(土) 17:00 キックオフ,日本大学文理学部,32,加藤 匠,2,GK,0,控え,0,0,0,0,0.0
2026/07/04(土) 17:00 キックオフ,日本大学文理学部,37,清水 佑,3,DF,0,控え,0,0,0,0,0.0
2026/07/04(土) 17:00 キックオフ,日本大学文理学部,65,千葉　海斗,1,MF,6,控え,0,0,0,0,0.0
2026/07/04(土) 17:00 キックオフ,日本大学文理学部,77,新門 一晏,2,DF,0,控え,0,0,0,0,0.0
2026/07/11(土) 18:30 キックオフ,帝京大学,1,佐藤 翔,3,GK,90,先発,0,0,0,0,0.0
2026/07/11(土) 18:30 キックオフ,帝京大学,2,松本 大地,4,DF,90,先発,0,0,0,0,0.0
2026/07/11(土) 18:30 キックオフ,帝京大学,3,船木 匡太朗,2,DF,90,先発,0,0,0,0,0.0
2026/07/11(土) 18:30 キックオフ,帝京大学,6,近江 智哉,2,MF,55,先発,0,0,0,0,0.0
2026/07/11(土) 18:30 キックオフ,帝京大学,9,緒方 快青,4,MF,65,先発,2,0,2,0,0.0
2026/07/11(土) 18:30 キックオフ,帝京大学,13,沢 柊斗,4,MF,55,先発,0,0,0,0,0.0
2026/07/11(土) 18:30 キックオフ,帝京大学,14,藤田 晴,4,FW,90,先発,0,1,1,0,0.0
2026/07/11(土) 18:30 キックオフ,帝京大学,18,野田 侑聖,2,MF,45,先発,1,0,1,0,0.0
2026/07/11(土) 18:30 キックオフ,帝京大学,26,桾澤 琢太,3,MF,78,先発,0,1,1,0,0.0
2026/07/11(土) 18:30 キックオフ,帝京大学,32,矢野　琉瑚,3,DF,90,先発,0,0,0,0,0.0
2026/07/11(土) 18:30 キックオフ,帝京大学,40,田中　菱,1,DF,90,先発,0,1,1,0,0.0
2026/07/11(土) 18:30 キックオフ,帝京大学,5,小林 侑希,2,DF,0,控え,0,0,0,0,0.0
2026/07/11(土) 18:30 キックオフ,帝京大学,8,桒原 一斗,3,MF,35,控え,0,0,0,0,0.0
2026/07/11(土) 18:30 キックオフ,帝京大学,12,牧野 長太朗,2,GK,0,控え,0,0,0,0,0.0
2026/07/11(土) 18:30 キックオフ,帝京大学,16,池内 優介,3,DF,35,控え,0,0,0,0,0.0
2026/07/11(土) 18:30 キックオフ,帝京大学,17,當間 晴琉,3,DF,45,控え,0,2,2,0,0.0
2026/07/11(土) 18:30 キックオフ,帝京大学,25,山下 翔世,3,DF,0,控え,0,0,0,0,0.0
2026/07/11(土) 18:30 キックオフ,帝京大学,35,古村　大和,3,DF,25,控え,0,1,1,0,0.0
2026/07/11(土) 18:30 キックオフ,帝京大学,36,茂木　勇樹,1,MF,12,控え,0,0,0,0,0.0
2026/07/11(土) 18:30 キックオフ,帝京大学,44,加藤　慧,1,FW,0,控え,0,0,0,0,0.0
2026/07/11(土) 18:30 キックオフ,学習院大学,1,若尾　林太朗,3,GK,90,先発,0,0,0,0,0.0
2026/07/11(土) 18:30 キックオフ,学習院大学,3,中川　賢人,3,DF,90,先発,0,0,0,0,0.0
2026/07/11(土) 18:30 キックオフ,学習院大学,4,木内　温大,4,DF,73,先発,0,0,0,0,0.0
2026/07/11(土) 18:30 キックオフ,学習院大学,5,小林　恭輔,4,DF,90,先発,0,0,0,0,0.0
2026/07/11(土) 18:30 キックオフ,学習院大学,7,児島　巧海,2,MF,90,先発,0,0,0,0,0.0
2026/07/11(土) 18:30 キックオフ,学習院大学,10,小林　千紘,4,MF,90,先発,1,2,3,0,0.0
2026/07/11(土) 18:30 キックオフ,学習院大学,11,渡辺　創士,3,MF,78,先発,1,1,2,0,0.0
2026/07/11(土) 18:30 キックオフ,学習院大学,13,梶　圭朝,2,DF,90,先発,0,0,0,0,0.0
2026/07/11(土) 18:30 キックオフ,学習院大学,20,北林　星七,2,FW,90,先発,0,0,0,0,0.0
2026/07/11(土) 18:30 キックオフ,学習院大学,27,山田   惟斗,1,MF,90,先発,1,0,1,0,0.0
2026/07/11(土) 18:30 キックオフ,学習院大学,28,加藤   大毅,1,MF,90,先発,1,1,2,0,0.0
2026/07/11(土) 18:30 キックオフ,学習院大学,2,松本　隆宏,4,DF,12,控え,0,0,0,0,0.0
2026/07/11(土) 18:30 キックオフ,学習院大学,6,神山　晃太,3,MF,0,控え,0,0,0,0,0.0
2026/07/11(土) 18:30 キックオフ,学習院大学,12,加藤   俐功,1,GK,0,控え,0,0,0,0,0.0
2026/07/11(土) 18:30 キックオフ,学習院大学,16,藤井　冬威,2,MF,17,控え,0,0,0,0,0.0
2026/07/11(土) 18:30 キックオフ,学習院大学,17,原　壮太,4,FW,0,控え,0,0,0,0,0.0
2026/07/11(土) 18:30 キックオフ,学習院大学,19,河村　熙玲,3,DF,0,控え,0,0,0,0,0.0
2026/07/11(土) 18:30 キックオフ,学習院大学,25,西村　藍斗,3,DF,0,控え,0,0,0,0,0.0
2026/07/11(土) 18:30 キックオフ,学習院大学,29,端谷   蓮,1,MF,0,控え,0,0,0,0,0.0
2026/07/11(土) 18:30 キックオフ,学習院大学,32,岡本   惇之介,1,FW,0,控え,0,0,0,0,0.0
